city,contrast,model,n,human_mean,human_low,human_high,human_family_low,human_family_high,teacher_mean,teacher_low,teacher_high,teacher_family_low,teacher_family_high,teacher_minus_human_mean,teacher_minus_human_low,teacher_minus_human_high,teacher_minus_human_family_low,teacher_minus_human_family_high,student_mean,student_low,student_high,student_family_low,student_family_high,student_minus_teacher_mean,student_minus_teacher_low,student_minus_teacher_high,student_minus_teacher_family_low,student_minus_teacher_family_high,student_minus_human_mean,student_minus_human_low,student_minus_human_high,student_minus_human_family_low,student_minus_human_family_high,abs_teacher_bias,abs_student_bias,absolute_bias_change,absolute_bias_change_low,absolute_bias_change_high,absolute_bias_change_family_low,absolute_bias_change_family_high
Singapore,accessibility,teacher,24,-0.375,-0.5833333333333334,-0.125,-0.6666666666666666,-0.08333333333333333,-0.15402777777777776,-0.1975,-0.11513541666666671,-0.2119506944444444,-0.10444444444444445,0.2209722222222222,-0.02263888888888886,0.4547326388888887,-0.09945416666666665,0.5213902777777776,-0.15402777777777776,-0.1975,-0.11513541666666671,-0.2119506944444444,-0.10444444444444445,0.0,0.0,0.0,0.0,0.0,0.2209722222222222,-0.02263888888888886,0.4547326388888887,-0.09945416666666665,0.5213902777777776,0.2209722222222222,0.2209722222222222,0.0,0.0,0.0,0.0,0.0
Singapore,accessibility,ce_kl_seed2026,24,-0.375,-0.5833333333333334,-0.125,-0.6666666666666666,-0.08333333333333333,-0.15402777777777776,-0.1975,-0.11513541666666671,-0.2119506944444444,-0.10444444444444445,0.2209722222222222,-0.02263888888888886,0.4547326388888887,-0.09945416666666665,0.5213902777777776,-0.27335523910975706,-0.3200655880452056,-0.22564989213715309,-0.33302182583506995,-0.21047983216063612,-0.11932746133197929,-0.18177515098122726,-0.05865019507147374,-0.20099041722247687,-0.03827800892069689,0.10164476089024295,-0.13880964925338046,0.33518392475186065,-0.20774177969045315,0.4025769605677729,0.2209722222222222,0.10164476089024295,-0.11932746133197926,-0.17682162677822638,0.10313041619104074,-0.19812983295348371,0.1396636371488602
Singapore,accessibility,ce_kl_seed42,24,-0.375,-0.5833333333333334,-0.125,-0.6666666666666666,-0.08333333333333333,-0.15402777777777776,-0.1975,-0.11513541666666671,-0.2119506944444444,-0.10444444444444445,0.2209722222222222,-0.02263888888888886,0.4547326388888887,-0.09945416666666665,0.5213902777777776,-0.2789885357681972,-0.35787589026828454,-0.2043839527813058,-0.38285295859270263,-0.1833674572112312,-0.12496075799041946,-0.22006176671011946,-0.0349455420788533,-0.2514507853782399,-0.009053099439906336,0.09601146423180278,-0.15498440744850084,0.34647494223269537,-0.2327997548026421,0.42075658723013426,0.2209722222222222,0.09601146423180278,-0.12496075799041943,-0.20806302325112563,0.11404670058551056,-0.23634627090647897,0.17156526718035492
Singapore,accessibility,ce_kl_seed7,24,-0.375,-0.5833333333333334,-0.125,-0.6666666666666666,-0.08333333333333333,-0.15402777777777776,-0.1975,-0.11513541666666671,-0.2119506944444444,-0.10444444444444445,0.2209722222222222,-0.02263888888888886,0.4547326388888887,-0.09945416666666665,0.5213902777777776,-0.0872696666046977,-0.11281051243422553,-0.06393230675021186,-0.12112790537377198,-0.05826963261080291,0.06675811117308007,0.01753762369685703,0.11731885825614959,0.0018223517282038044,0.13423114024921207,0.2877303333953023,0.05272910786637417,0.5165001244012577,-0.01805777792741233,0.5892750206403433,0.2209722222222222,0.2877303333953023,0.06675811117308009,0.0018377312396446112,0.11584187357205274,-0.07849323819283809,0.1321634843640546
Singapore,accessibility,direction_magnitude_seed2026,24,-0.375,-0.5833333333333334,-0.125,-0.6666666666666666,-0.08333333333333333,-0.15402777777777776,-0.1975,-0.11513541666666671,-0.2119506944444444,-0.10444444444444445,0.2209722222222222,-0.02263888888888886,0.4547326388888887,-0.09945416666666665,0.5213902777777776,-0.1346861052637299,-0.15362027136919398,-0.1159317649823303,-0.1597816852387041,-0.11006895715991658,0.01934167251404788,-0.014784916854256569,0.05638271869936336,-0.02318568211814596,0.06711689355429257,0.2403138947362701,0.0058220914797857525,0.4606271922200296,-0.060204306483889615,0.5300255758843073,0.2209722222222222,0.2403138947362701,0.019341672514047892,-0.021300809858780776,0.05534621438301274,-0.043352785743855704,0.06577244380996038
Singapore,accessibility,direction_magnitude_seed42,24,-0.375,-0.5833333333333334,-0.125,-0.6666666666666666,-0.08333333333333333,-0.15402777777777776,-0.1975,-0.11513541666666671,-0.2119506944444444,-0.10444444444444445,0.2209722222222222,-0.02263888888888886,0.4547326388888887,-0.09945416666666665,0.5213902777777776,-0.13474172571053109,-0.15088337188741813,-0.11956968280331542,-0.15671127340445914,-0.11506249732337898,0.019286052067246696,-0.024383211329475872,0.06526801215784829,-0.036575737225781724,0.07953710240622353,0.24025827428946891,0.003761044912971576,0.46095236788969485,-0.06473331730657567,0.536406163179005,0.2209722222222222,0.24025827428946891,0.019286052067246706,-0.03019596575811099,0.06382776980133101,-0.051161192222229285,0.07784102134851519
Singapore,accessibility,direction_magnitude_seed7,24,-0.375,-0.5833333333333334,-0.125,-0.6666666666666666,-0.08333333333333333,-0.15402777777777776,-0.1975,-0.11513541666666671,-0.2119506944444444,-0.10444444444444445,0.2209722222222222,-0.02263888888888886,0.4547326388888887,-0.09945416666666665,0.5213902777777776,-0.026414789569874603,-0.0430681751575321,-0.010853476682677865,-0.04846859561900298,-0.005657445412750049,0.12761298820790315,0.08424879069336587,0.17592425041873416,0.07153938361203506,0.19193791814703076,0.3485852104301254,0.10845092893578114,0.5704748549421007,0.04541812303631256,0.643347381887336,0.2209722222222222,0.3485852104301254,0.1276129882079032,0.06877396632524002,0.17478237931068155,-0.05212407529840451,0.1903638059903348
Singapore,accessibility,mnl_s,24,-0.375,-0.5833333333333334,-0.125,-0.6666666666666666,-0.08333333333333333,-0.15402777777777776,-0.1975,-0.11513541666666671,-0.2119506944444444,-0.10444444444444445,0.2209722222222222,-0.02263888888888886,0.4547326388888887,-0.09945416666666665,0.5213902777777776,0.19370316341464344,0.1311895297035836,0.25692873513871106,0.11279440003727229,0.2764449194993093,0.3477309411924212,0.27012440661973947,0.42497758548634934,0.24740630012642442,0.44770627953172076,0.5687031634146434,0.317603683697123,0.8145301048695107,0.23790861697619967,0.8790291599183536,0.2209722222222222,0.5687031634146434,0.3477309411924212,0.2545057896124902,0.42435266289109924,0.14760977865316555,0.44739355663145003
Singapore,accessibility,s9,24,-0.375,-0.5833333333333334,-0.125,-0.6666666666666666,-0.08333333333333333,-0.15402777777777776,-0.1975,-0.11513541666666671,-0.2119506944444444,-0.10444444444444445,0.2209722222222222,-0.02263888888888886,0.4547326388888887,-0.09945416666666665,0.5213902777777776,-0.13463250695106885,-0.17032126292469912,-0.10311719790139857,-0.18282699305098501,-0.09570993617371043,0.019395270826708933,-0.03398582790949796,0.07261388942687252,-0.049204043657063615,0.09073478622976139,0.24036749304893115,0.005985553865320982,0.47340942097168104,-0.07208934978814795,0.5425301854366745,0.2209722222222222,0.24036749304893115,0.019395270826708944,-0.03834398063391246,0.07097142600024949,-0.056786748895638874,0.08867087660545672
Singapore,accessibility,signed_l1_seed2026,24,-0.375,-0.5833333333333334,-0.125,-0.6666666666666666,-0.08333333333333333,-0.15402777777777776,-0.1975,-0.11513541666666671,-0.2119506944444444,-0.10444444444444445,0.2209722222222222,-0.02263888888888886,0.4547326388888887,-0.09945416666666665,0.5213902777777776,-0.21817578499515852,-0.2430132808551813,-0.19280753466300668,-0.25089133948242914,-0.18555821108321352,-0.06414800721738075,-0.10240807681065053,-0.02383856893941349,-0.11354262182505595,-0.011900814397074515,0.15682421500484148,-0.07500973627126466,0.38159453175806723,-0.14489455793518574,0.4466175294093154,0.2209722222222222,0.15682421500484148,-0.06414800721738073,-0.10196369247355813,0.045671677626772884,-0.11348264672876236,0.06954458498751939
Singapore,accessibility,signed_l1_seed42,24,-0.375,-0.5833333333333334,-0.125,-0.6666666666666666,-0.08333333333333333,-0.15402777777777776,-0.1975,-0.11513541666666671,-0.2119506944444444,-0.10444444444444445,0.2209722222222222,-0.02263888888888886,0.4547326388888887,-0.09945416666666665,0.5213902777777776,-0.12491972620288531,-0.13956856134658058,-0.11116339794049661,-0.1443106401866923,-0.10713163117412483,0.029108051574892463,-0.013764595420099794,0.07455521701638483,-0.025949327604038033,0.08863413055367335,0.25008027379711467,0.013003800281633938,0.4694717483595011,-0.05357193537987768,0.5438953556430834,0.2209722222222222,0.25008027379711467,0.029108051574892463,-0.023465558630621247,0.07353392739107625,-0.05756874925121664,0.08586145093165748
Singapore,accessibility,signed_l1_seed7,24,-0.375,-0.5833333333333334,-0.125,-0.6666666666666666,-0.08333333333333333,-0.15402777777777776,-0.1975,-0.11513541666666671,-0.2119506944444444,-0.10444444444444445,0.2209722222222222,-0.02263888888888886,0.4547326388888887,-0.09945416666666665,0.5213902777777776,0.09422094840556383,0.07901312375906855,0.1080579244531691,0.07389890577644109,0.11191248883648464,0.24824872618334162,0.20570559336938374,0.2963791836641936,0.1937514050639338,0.31272297863674603,0.46922094840556383,0.22833415733960769,0.6887916260864585,0.1689159558635826,0.7625284762665008,0.2209722222222222,0.46922094840556383,0.24824872618334162,0.1919966404777434,0.2945080306140913,0.0734806571706095,0.31002100785867176
Singapore,accessibility,soft_kl_seed2026,24,-0.375,-0.5833333333333334,-0.125,-0.6666666666666666,-0.08333333333333333,-0.15402777777777776,-0.1975,-0.11513541666666671,-0.2119506944444444,-0.10444444444444445,0.2209722222222222,-0.02263888888888886,0.4547326388888887,-0.09945416666666665,0.5213902777777776,-0.22248189725602666,-0.2498902716091834,-0.1939343552609595,-0.2593200097046792,-0.18507406065706172,-0.06845411947824889,-0.11348563008320826,-0.02177728978187468,-0.12681531949554464,-0.008062140641041101,0.15251810274397334,-0.08099856705715258,0.38054816700362903,-0.1517564077900412,0.44462273065466307,0.2209722222222222,0.15251810274397334,-0.06845411947824886,-0.11277408982947888,0.05184880763990802,-0.12654199657977247,0.0796748703170775
Singapore,accessibility,soft_kl_seed42,24,-0.375,-0.5833333333333334,-0.125,-0.6666666666666666,-0.08333333333333333,-0.15402777777777776,-0.1975,-0.11513541666666671,-0.2119506944444444,-0.10444444444444445,0.2209722222222222,-0.02263888888888886,0.4547326388888887,-0.09945416666666665,0.5213902777777776,-0.17660875416671237,-0.19749779627503206,-0.157602544745896,-0.20411370424553751,-0.15179726684233175,-0.022580976388934592,-0.06810639359150084,0.023813876102005842,-0.08098171240040616,0.03958228727365945,0.19839124583328763,-0.035996345671204216,0.42199248948212076,-0.10830325280160952,0.4950732383613163,0.2209722222222222,0.19839124583328763,-0.02258097638893458,-0.06794898378952506,0.02617597092289683,-0.08068091887381551,0.042827377830735244
Singapore,accessibility,soft_kl_seed7,24,-0.375,-0.5833333333333334,-0.125,-0.6666666666666666,-0.08333333333333333,-0.15402777777777776,-0.1975,-0.11513541666666671,-0.2119506944444444,-0.10444444444444445,0.2209722222222222,-0.02263888888888886,0.4547326388888887,-0.09945416666666665,0.5213902777777776,0.10211423908670743,0.08649100957748791,0.11625224781843523,0.08108107713982464,0.12074414144580561,0.25614201686448523,0.21379227515020308,0.3040887579299095,0.20210555760380292,0.32066063872960704,0.4771142390867074,0.23514110152609646,0.6965812217444179,0.17537672360117237,0.7712412718714524,0.2209722222222222,0.4771142390867074,0.25614201686448523,0.19976979100807676,0.3020173694971534,0.08040317681882946,0.3179722243957221
Singapore,accessibility,soft_kl_seedmean,24,-0.375,-0.5833333333333334,-0.125,-0.6666666666666666,-0.08333333333333333,-0.15402777777777776,-0.1975,-0.11513541666666671,-0.2119506944444444,-0.10444444444444445,0.2209722222222222,-0.02263888888888886,0.4547326388888887,-0.09945416666666665,0.5213902777777776,-0.09899213744534385,-0.11463460714375186,-0.08336875469992973,-0.11926169716520235,-0.07892907729061946,0.05503564033243391,0.013517076308735564,0.09922175123982338,0.002135434917215681,0.1130909282150988,0.2760078625546561,0.03939044283858192,0.4962174041248444,-0.023506716374928734,0.5703060161945821,0.2209722222222222,0.2760078625546561,0.05503564033243388,-0.0013874819911499628,0.09830425359764032,-0.0695930267225123,0.11091258070601354
Singapore,accessibility,ce_kl_seedmean,24,-0.375,-0.5833333333333334,-0.125,-0.6666666666666666,-0.08333333333333333,-0.15402777777777776,-0.1975,-0.11513541666666671,-0.2119506944444444,-0.10444444444444445,0.2209722222222222,-0.02263888888888886,0.4547326388888887,-0.09945416666666665,0.5213902777777776,-0.21320448049421734,-0.25934867219831276,-0.16912460746146585,-0.2741819754219614,-0.15661915791107783,-0.059176702716439565,-0.1242277686968769,0.0032238558623357448,-0.14341074049326125,0.024917072210454406,0.16179551950578266,-0.07949671386417727,0.3990138551865432,-0.1504490385389201,0.4683219105280451,0.2209722222222222,0.16179551950578266,-0.059176702716439544,-0.1219180441185664,0.043668135729805886,-0.14254041730035485,0.082969960561802
Singapore,accessibility,signed_l1_seedmean,24,-0.375,-0.5833333333333334,-0.125,-0.6666666666666666,-0.08333333333333333,-0.15402777777777776,-0.1975,-0.11513541666666671,-0.2119506944444444,-0.10444444444444445,0.2209722222222222,-0.02263888888888886,0.4547326388888887,-0.09945416666666665,0.5213902777777776,-0.08295818759749334,-0.09595459527336063,-0.06971586526164579,-0.10031812723105152,-0.06594877644545503,0.07106959018028443,0.031730787000825815,0.11372978635070222,0.020730091373643112,0.12693106883422775,0.29204181240250665,0.054080601359924534,0.5100064312133731,-0.00573710880966652,0.583552234396338,0.2209722222222222,0.29204181240250665,0.07106959018028444,0.01871270438873517,0.11220045853375142,-0.08215408064973434,0.12405178620976702
Singapore,accessibility,direction_magnitude_seedmean,24,-0.375,-0.5833333333333334,-0.125,-0.6666666666666666,-0.08333333333333333,-0.15402777777777776,-0.1975,-0.11513541666666671,-0.2119506944444444,-0.10444444444444445,0.2209722222222222,-0.02263888888888886,0.4547326388888887,-0.09945416666666665,0.5213902777777776,-0.09861420684804519,-0.1097513662599441,-0.08755477605025387,-0.11336270841148992,-0.0846887866759466,0.05541357092973257,0.016613534414209423,0.09741561025153431,0.006357241293208471,0.11037880340268198,0.27638579315195483,0.03448084612480468,0.4933218281121096,-0.02209335579485114,0.5683734092856237,0.2209722222222222,0.27638579315195483,0.05541357092973262,0.0033574620652944,0.09601733912289552,-0.06961025866659151,0.10873957532942287
Singapore,weather,teacher,24,-0.2916666666666667,-0.4583333333333333,-0.125,-0.5416666666666666,-0.08333333333333333,-0.1248611111111111,-0.1798611111111111,-0.07471875000000006,-0.19722291666666666,-0.06069305555555577,0.16680555555555554,0.014440972222222213,0.3345902777777777,-0.024445833333333337,0.3841680555555554,-0.1248611111111111,-0.1798611111111111,-0.07471875000000006,-0.19722291666666666,-0.06069305555555577,0.0,0.0,0.0,0.0,0.0,0.16680555555555554,0.014440972222222213,0.3345902777777777,-0.024445833333333337,0.3841680555555554,0.16680555555555554,0.16680555555555554,0.0,0.0,0.0,0.0,0.0
Singapore,weather,ce_kl_seed2026,24,-0.2916666666666667,-0.4583333333333333,-0.125,-0.5416666666666666,-0.08333333333333333,-0.1248611111111111,-0.1798611111111111,-0.07471875000000006,-0.19722291666666666,-0.06069305555555577,0.16680555555555554,0.014440972222222213,0.3345902777777777,-0.024445833333333337,0.3841680555555554,0.03534984479968747,0.01676250281743705,0.05414734849861512,0.010165507875693341,0.059774970548848276,0.16021095591079856,0.10553207755652774,0.21936990780947313,0.09143441313155408,0.23845079646347495,0.32701651146635413,0.1521759762351091,0.5184644589278224,0.10646692624160399,0.5821161558160863,0.16680555555555554,0.32701651146635413,0.1602109559107986,0.10170443768137033,0.21936990780947313,0.07904706904423527,0.23845079646347497
Singapore,weather,ce_kl_seed42,24,-0.2916666666666667,-0.4583333333333333,-0.125,-0.5416666666666666,-0.08333333333333333,-0.1248611111111111,-0.1798611111111111,-0.07471875000000006,-0.19722291666666666,-0.06069305555555577,0.16680555555555554,0.014440972222222213,0.3345902777777777,-0.024445833333333337,0.3841680555555554,-0.03797308689293762,-0.06189674945975033,-0.018387187177237745,-0.07060837002083038,-0.01322327940259131,0.08688802421817349,0.03898077157936576,0.14037839086234777,0.02726048259465024,0.15835731285244942,0.253693579773729,0.08503274172156429,0.4375780865200794,0.04007326059276238,0.4988319400826001,0.16680555555555554,0.253693579773729,0.08688802421817349,0.03592807882693078,0.1403783908623478,0.01611829427945842,0.15835731285244936
Singapore,weather,ce_kl_seed7,24,-0.2916666666666667,-0.4583333333333333,-0.125,-0.5416666666666666,-0.08333333333333333,-0.1248611111111111,-0.1798611111111111,-0.07471875000000006,-0.19722291666666666,-0.06069305555555577,0.16680555555555554,0.014440972222222213,0.3345902777777777,-0.024445833333333337,0.3841680555555554,-0.1281477362693598,-0.1730887631808097,-0.08991835208338064,-0.18890548565657808,-0.08004540846993531,-0.0032866251582486807,-0.0551447380161068,0.04905778019083661,-0.07038586318132778,0.06585658787783796,0.1635189303973069,-0.0011581273147991489,0.34349950777832416,-0.044499843951780346,0.39798415763963313,0.16680555555555554,0.1635189303973069,-0.0032866251582486516,-0.05441556959896762,0.049377731231610364,-0.0695661076833701,0.06660737161887294
Singapore,weather,direction_magnitude_seed2026,24,-0.2916666666666667,-0.4583333333333333,-0.125,-0.5416666666666666,-0.08333333333333333,-0.1248611111111111,-0.1798611111111111,-0.07471875000000006,-0.19722291666666666,-0.06069305555555577,0.16680555555555554,0.014440972222222213,0.3345902777777777,-0.024445833333333337,0.3841680555555554,-0.008736863421897093,-0.02528952684563895,0.007733169213558228,-0.030878586598361533,0.012867867445262726,0.11612424768921402,0.06463197795291327,0.17261097743620885,0.04914964693159693,0.19122092099404986,0.2829298032447696,0.11060125511139632,0.47165976099204254,0.06687926273482542,0.5357483895728353,0.16680555555555554,0.2829298032447696,0.11612424768921403,0.06167796798619546,0.1725578592809745,0.03947114247561744,0.1912209209940499
Singapore,weather,direction_magnitude_seed42,24,-0.2916666666666667,-0.4583333333333333,-0.125,-0.5416666666666666,-0.08333333333333333,-0.1248611111111111,-0.1798611111111111,-0.07471875000000006,-0.19722291666666666,-0.06069305555555577,0.16680555555555554,0.014440972222222213,0.3345902777777777,-0.024445833333333337,0.3841680555555554,-0.03363377988959352,-0.049415207413646085,-0.01993112462417533,-0.05464581773073102,-0.016436578074935863,0.09122733122151759,0.0449589570099488,0.14219015693617984,0.03342068122050001,0.15896260699425918,0.25803288677707314,0.09008020487381145,0.43904924535502965,0.04702213955111802,0.5016500478618144,0.16680555555555554,0.25803288677707314,0.0912273312215176,0.042353931005216325,0.14213558618532907,0.022540373679467783,0.1589626069942592
Singapore,weather,direction_magnitude_seed7,24,-0.2916666666666667,-0.4583333333333333,-0.125,-0.5416666666666666,-0.08333333333333333,-0.1248611111111111,-0.1798611111111111,-0.07471875000000006,-0.19722291666666666,-0.06069305555555577,0.16680555555555554,0.014440972222222213,0.3345902777777777,-0.024445833333333337,0.3841680555555554,-0.0501772944505016,-0.07474600341714298,-0.030363058504493303,-0.08402093860475968,-0.025759053869793814,0.07468381666060951,0.029741156189392014,0.1238220266041139,0.017606398837454615,0.14062997607620836,0.24148937221616507,0.07389168726125112,0.42489182099622347,0.029594717284974953,0.48449815076465347,0.16680555555555554,0.24148937221616507,0.07468381666060953,0.02721287910283234,0.12382202660411389,0.007418849099241192,0.14062997607620836
Singapore,weather,mnl_s,24,-0.2916666666666667,-0.4583333333333333,-0.125,-0.5416666666666666,-0.08333333333333333,-0.1248611111111111,-0.1798611111111111,-0.07471875000000006,-0.19722291666666666,-0.06069305555555577,0.16680555555555554,0.014440972222222213,0.3345902777777777,-0.024445833333333337,0.3841680555555554,-0.08551193479031628,-0.1301494660456152,-0.046589604818935086,-0.14523437300902356,-0.03608086646244848,0.03934917632079483,0.006770600698176249,0.07535683381182105,-0.0015625786064314578,0.08753185022603245,0.2061547318763504,0.0569915154381809,0.3702992992832374,0.021723747775325604,0.4216448638300228,0.16680555555555554,0.2061547318763504,0.03934917632079485,0.005108776088776004,0.07504047651842188,-0.008757955545307837,0.08750597509979882
Singapore,weather,s9,24,-0.2916666666666667,-0.4583333333333333,-0.125,-0.5416666666666666,-0.08333333333333333,-0.1248611111111111,-0.1798611111111111,-0.07471875000000006,-0.19722291666666666,-0.06069305555555577,0.16680555555555554,0.014440972222222213,0.3345902777777777,-0.024445833333333337,0.3841680555555554,-0.17442448126773039,-0.21165839565219358,-0.13748972441923493,-0.22256957447932413,-0.12620142390796293,-0.04956337015661929,-0.09698024371462978,-0.003047064559120272,-0.11390985011977868,0.011388131149723415,0.11724218539893627,-0.0377853865075546,0.2877642643172294,-0.08010475703359893,0.33937674865126516,0.16680555555555554,0.11724218539893627,-0.04956337015661927,-0.09572734407702871,0.018616404238467398,-0.11266937765051711,0.059851969421913565
Singapore,weather,signed_l1_seed2026,24,-0.2916666666666667,-0.4583333333333333,-0.125,-0.5416666666666666,-0.08333333333333333,-0.1248611111111111,-0.1798611111111111,-0.07471875000000006,-0.19722291666666666,-0.06069305555555577,0.16680555555555554,0.014440972222222213,0.3345902777777777,-0.024445833333333337,0.3841680555555554,0.001074051484465599,-0.01467595112044364,0.017947685671970227,-0.019704520304997763,0.02310472553595898,0.12593516259557672,0.07173951766019067,0.18499949800740514,0.05631554682165798,0.20532311176709406,0.2927407181511323,0.11971010866109282,0.4814837768751505,0.07653707408191016,0.544893817002885,0.16680555555555554,0.2927407181511323,0.12593516259557674,0.06897220406495032,0.18499949800740514,0.04778408364461113,0.20532311176709409
Singapore,weather,signed_l1_seed42,24,-0.2916666666666667,-0.4583333333333333,-0.125,-0.5416666666666666,-0.08333333333333333,-0.1248611111111111,-0.1798611111111111,-0.07471875000000006,-0.19722291666666666,-0.06069305555555577,0.16680555555555554,0.014440972222222213,0.3345902777777777,-0.024445833333333337,0.3841680555555554,-0.031627480716754995,-0.047426939484042425,-0.017294890049379338,-0.052108858215312165,-0.013006973130007603,0.09323363039435612,0.047514511904627486,0.1434405579093533,0.03590984571359844,0.1600432206109786,0.26003918594991166,0.09327957223479948,0.44152486185776046,0.05129472229862586,0.5017224341320489,0.16680555555555554,0.26003918594991166,0.09323363039435612,0.04441122398318517,0.14340361378781702,0.026820124924876204,0.16004322061097861
Singapore,weather,signed_l1_seed7,24,-0.2916666666666667,-0.4583333333333333,-0.125,-0.5416666666666666,-0.08333333333333333,-0.1248611111111111,-0.1798611111111111,-0.07471875000000006,-0.19722291666666666,-0.06069305555555577,0.16680555555555554,0.014440972222222213,0.3345902777777777,-0.024445833333333337,0.3841680555555554,-0.04666158308585485,-0.07058799296695117,-0.026593058238116408,-0.07945083518667767,-0.021513135971811956,0.07819952802525626,0.03486922272682812,0.12603066261862922,0.02350324152722541,0.14194421221076794,0.24500508358081183,0.07868237704581892,0.42763164718247326,0.03493010285698498,0.4848836541377627,0.16680555555555554,0.24500508358081183,0.07819952802525629,0.03220382317662652,0.12603066261862925,0.01351522035564607,0.14194421221076794
Singapore,weather,soft_kl_seed2026,24,-0.2916666666666667,-0.4583333333333333,-0.125,-0.5416666666666666,-0.08333333333333333,-0.1248611111111111,-0.1798611111111111,-0.07471875000000006,-0.19722291666666666,-0.06069305555555577,0.16680555555555554,0.014440972222222213,0.3345902777777777,-0.024445833333333337,0.3841680555555554,-0.0016052154824137688,-0.016528347282049556,0.01443974054418504,-0.021008180216886104,0.019611649753836266,0.12325589562869733,0.06937805390151011,0.1821549594433357,0.053796599460931294,0.2017497044738794,0.2900614511842529,0.11766266580671073,0.4795561736992869,0.07471946411921332,0.5427178839469947,0.16680555555555554,0.2900614511842529,0.12325589562869738,0.06647008302424931,0.18211765703714142,0.04453981762265582,0.20174970447387947
Singapore,weather,soft_kl_seed42,24,-0.2916666666666667,-0.4583333333333333,-0.125,-0.5416666666666666,-0.08333333333333333,-0.1248611111111111,-0.1798611111111111,-0.07471875000000006,-0.19722291666666666,-0.06069305555555577,0.16680555555555554,0.014440972222222213,0.3345902777777777,-0.024445833333333337,0.3841680555555554,-0.024246586331476767,-0.04019546526639412,-0.010354546341113748,-0.045624636816016084,-0.00695462106339013,0.10061452477963434,0.05370124152773577,0.1522278134453421,0.041225740801356735,0.16890909735551085,0.2674200803351899,0.09994155253128459,0.4478911718625263,0.0576427092232431,0.5115919880444803,0.16680555555555554,0.2674200803351899,0.10061452477963434,0.05053625517814525,0.1520608247155841,0.034042789267789995,0.16890909735551088
Singapore,weather,soft_kl_seed7,24,-0.2916666666666667,-0.4583333333333333,-0.125,-0.5416666666666666,-0.08333333333333333,-0.1248611111111111,-0.1798611111111111,-0.07471875000000006,-0.19722291666666666,-0.06069305555555577,0.16680555555555554,0.014440972222222213,0.3345902777777777,-0.024445833333333337,0.3841680555555554,-0.0330766043625772,-0.05731617371784523,-0.014678836877768239,-0.06599671732867136,-0.010819768568035246,0.0917845067485339,0.047252580341727794,0.1407863469717817,0.035245447959057576,0.1577610651959665,0.2585900623040895,0.08941782244946807,0.4415996529317146,0.04475693754153326,0.5037304830527858,0.16680555555555554,0.2585900623040895,0.09178450674853394,0.04458581164774176,0.14078634697178166,0.024047670395713712,0.1577610651959665
Singapore,weather,soft_kl_seedmean,24,-0.2916666666666667,-0.4583333333333333,-0.125,-0.5416666666666666,-0.08333333333333333,-0.1248611111111111,-0.1798611111111111,-0.07471875000000006,-0.19722291666666666,-0.06069305555555577,0.16680555555555554,0.014440972222222213,0.3345902777777777,-0.024445833333333337,0.3841680555555554,-0.019642802058822587,-0.03033776576372071,-0.010701527315864563,-0.03392830501310527,-0.008634171785993777,0.10521830905228852,0.05868430559921802,0.15624065185659045,0.04613312293215551,0.17278769210343117,0.27202386460784406,0.10384969546770055,0.4477260050700147,0.06140756477446605,0.5187768809083434,0.16680555555555554,0.27202386460784406,0.10521830905228852,0.05602913063097122,0.15624065185659047,0.03642545999225433,0.1727876921034312
Singapore,weather,ce_kl_seedmean,24,-0.2916666666666667,-0.4583333333333333,-0.125,-0.5416666666666666,-0.08333333333333333,-0.1248611111111111,-0.1798611111111111,-0.07471875000000006,-0.19722291666666666,-0.06069305555555577,0.16680555555555554,0.014440972222222213,0.3345902777777777,-0.024445833333333337,0.3841680555555554,-0.04359032612086997,-0.06175486467610528,-0.028681505767033544,-0.06870627963527416,-0.02445674309274183,0.08127078499024114,0.03567593615302919,0.13162841548563706,0.023584969751888674,0.147653938477719,0.24807634054579666,0.08104776998063445,0.42708466924765737,0.037720212613801575,0.4927522453548023,0.16680555555555554,0.24807634054579666,0.08127078499024112,0.03287706872859658,0.13162841548563697,0.0128462857511412,0.14765393847771896
Singapore,weather,signed_l1_seedmean,24,-0.2916666666666667,-0.4583333333333333,-0.125,-0.5416666666666666,-0.08333333333333333,-0.1248611111111111,-0.1798611111111111,-0.07471875000000006,-0.19722291666666666,-0.06069305555555577,0.16680555555555554,0.014440972222222213,0.3345902777777777,-0.024445833333333337,0.3841680555555554,-0.02573833743938142,-0.03681045489954866,-0.01631111508080115,-0.040711611967740785,-0.013871542745942492,0.09912277367172968,0.053466083340450284,0.14936356891179456,0.04103351695355441,0.16626705651161133,0.26592832922728527,0.09839631551617964,0.44311170266397926,0.0563252230738807,0.5122301685455669,0.16680555555555554,0.26592832922728527,0.09912277367172972,0.050855110099332225,0.14932840634773795,0.03161299974335772,0.16626705651161136
Singapore,weather,direction_magnitude_seedmean,24,-0.2916666666666667,-0.4583333333333333,-0.125,-0.5416666666666666,-0.08333333333333333,-0.1248611111111111,-0.1798611111111111,-0.07471875000000006,-0.19722291666666666,-0.06069305555555577,0.16680555555555554,0.014440972222222213,0.3345902777777777,-0.024445833333333337,0.3841680555555554,-0.030849312587330747,-0.04166630381304357,-0.021447161468677235,-0.045938969712911386,-0.019239684989831102,0.09401179852378035,0.04895842912249886,0.14369194321753456,0.036702145723677755,0.16096741147880542,0.26081735407933593,0.09292698835100356,0.43785400437837874,0.0496840358013287,0.5074366649442041,0.16680555555555554,0.26081735407933593,0.09401179852378039,0.04605742100859061,0.14369194321753453,0.02567490708500975,0.1609674114788054
Singapore,fare,teacher,24,0.041666666666666664,-0.125,0.20833333333333334,-0.20833333333333334,0.2916666666666667,-0.054027777777777765,-0.08805555555555551,-0.024024305555555573,-0.10069444444444443,-0.015972222222222207,-0.09569444444444443,-0.2738923611111111,0.08569791666666668,-0.33361458333333327,0.14750069444444433,-0.054027777777777765,-0.08805555555555551,-0.024024305555555573,-0.10069444444444443,-0.015972222222222207,0.0,0.0,0.0,0.0,0.0,-0.09569444444444443,-0.2738923611111111,0.08569791666666668,-0.33361458333333327,0.14750069444444433,0.09569444444444443,0.09569444444444443,0.0,0.0,0.0,0.0,0.0
Singapore,fare,ce_kl_seed2026,24,0.041666666666666664,-0.125,0.20833333333333334,-0.20833333333333334,0.2916666666666667,-0.054027777777777765,-0.08805555555555551,-0.024024305555555573,-0.10069444444444443,-0.015972222222222207,-0.09569444444444443,-0.2738923611111111,0.08569791666666668,-0.33361458333333327,0.14750069444444433,0.007344667178889115,0.004405497557794054,0.009906560221376516,0.003188320145321389,0.010568251662577192,0.06137244495666688,0.031149853083822465,0.09531175865501997,0.02393404743205756,0.10808682194194845,-0.03432199948777755,-0.2029555472312495,0.13399793315523614,-0.2842566266655922,0.21530541399493802,0.09569444444444443,0.03432199948777755,-0.061372444956666876,-0.08996857221300406,0.07745614348703783,-0.1031576993755582,0.08914222917865124
Singapore,fare,ce_kl_seed42,24,0.041666666666666664,-0.125,0.20833333333333334,-0.20833333333333334,0.2916666666666667,-0.054027777777777765,-0.08805555555555551,-0.024024305555555573,-0.10069444444444443,-0.015972222222222207,-0.09569444444444443,-0.2738923611111111,0.08569791666666668,-0.33361458333333327,0.14750069444444433,-0.01523267695059379,-0.023801205105458696,-0.007173836231231691,-0.026694930616455774,-0.004782032226212329,0.03879510082718397,0.004463546144155154,0.07698076034368324,-0.003906719148759201,0.09094237086319644,-0.056899343617260456,-0.23125949989383418,0.11561720674702268,-0.31034383913502095,0.19424038769522048,0.09569444444444443,0.056899343617260456,-0.03879510082718397,-0.07365245947562575,0.0585035735592246,-0.08775638743289225,0.07090799374791475
Singapore,fare,ce_kl_seed7,24,0.041666666666666664,-0.125,0.20833333333333334,-0.20833333333333334,0.2916666666666667,-0.054027777777777765,-0.08805555555555551,-0.024024305555555573,-0.10069444444444443,-0.015972222222222207,-0.09569444444444443,-0.2738923611111111,0.08569791666666668,-0.33361458333333327,0.14750069444444433,0.0049562907467285795,-0.0023181826419507463,0.01148954614376028,-0.004831943092867732,0.013541274960152758,0.05898406852450635,0.026900450411873566,0.09469917516617311,0.018056114485094085,0.10731219543576655,-0.03671037591993809,-0.20669762865485,0.13382433904334903,-0.28665800135737907,0.21460138536368803,0.09569444444444443,0.03671037591993809,-0.05898406852450634,-0.08923322231757143,0.0763840184000631,-0.10200306547368976,0.08822961126048529
Singapore,fare,direction_magnitude_seed2026,24,0.041666666666666664,-0.125,0.20833333333333334,-0.20833333333333334,0.2916666666666667,-0.054027777777777765,-0.08805555555555551,-0.024024305555555573,-0.10069444444444443,-0.015972222222222207,-0.09569444444444443,-0.2738923611111111,0.08569791666666668,-0.33361458333333327,0.14750069444444433,0.0012636786947647731,-0.007644364004954695,0.009353011194616555,-0.010580954725543658,0.011553509595493436,0.05529145647254254,0.022489455884115547,0.09098435572017395,0.014529864447563878,0.10394708555084131,-0.040402987971901894,-0.21495102428210278,0.13221043475593128,-0.2919074714711557,0.21337604465583948,0.09569444444444443,0.040402987971901894,-0.055291456472542536,-0.08608888892788025,0.07387849201344777,-0.09802635695623857,0.08657917314180058
Singapore,fare,direction_magnitude_seed42,24,0.041666666666666664,-0.125,0.20833333333333334,-0.20833333333333334,0.2916666666666667,-0.054027777777777765,-0.08805555555555551,-0.024024305555555573,-0.10069444444444443,-0.015972222222222207,-0.09569444444444443,-0.2738923611111111,0.08569791666666668,-0.33361458333333327,0.14750069444444433,-0.018973690768082935,-0.025317025603726506,-0.013224618028228486,-0.02749431912166377,-0.011734390578543162,0.035054087009694826,0.002493984084162435,0.07127081524870461,-0.005687878924608266,0.0849779405809108,-0.0606403574347496,-0.23310049888677895,0.110156416039293,-0.31263227988034487,0.19042327121210584,0.09569444444444443,0.0606403574347496,-0.035054087009694826,-0.06808140131955347,0.05349979066434832,-0.082436282573185,0.06616776412609539
Singapore,fare,direction_magnitude_seed7,24,0.041666666666666664,-0.125,0.20833333333333334,-0.20833333333333334,0.2916666666666667,-0.054027777777777765,-0.08805555555555551,-0.024024305555555573,-0.10069444444444443,-0.015972222222222207,-0.09569444444444443,-0.2738923611111111,0.08569791666666668,-0.33361458333333327,0.14750069444444433,0.01339249157657226,0.0017934382815534874,0.024585011585926016,-0.0021383549909417825,0.027859112756947562,0.06742026935435003,0.031595755620963034,0.10587212269867047,0.02066686658449469,0.11848340389887894,-0.028274175090094406,-0.2028963898230965,0.14569645630350955,-0.2796552046248689,0.22511565288684005,0.09569444444444443,0.028274175090094406,-0.06742026935435003,-0.09964162210188805,0.08771075596401672,-0.1131360483896815,0.10050588102473149
Singapore,fare,mnl_s,24,0.041666666666666664,-0.125,0.20833333333333334,-0.20833333333333334,0.2916666666666667,-0.054027777777777765,-0.08805555555555551,-0.024024305555555573,-0.10069444444444443,-0.015972222222222207,-0.09569444444444443,-0.2738923611111111,0.08569791666666668,-0.33361458333333327,0.14750069444444433,-0.0073866423851321784,-0.009435293885573539,-0.005212386336773052,-0.010043467535490819,-0.004539051393889903,0.04664113539264558,0.016816203694518438,0.08064723506451509,0.009532652059336198,0.09291389926115849,-0.04905330905179885,-0.2170380977873835,0.11846104791258935,-0.29906757164170883,0.19990067935717454,0.09569444444444443,0.04905330905179885,-0.046641135392645576,-0.07771261679112543,0.062398969651394694,-0.08987920505692125,0.07389518812151115
Singapore,fare,s9,24,0.041666666666666664,-0.125,0.20833333333333334,-0.20833333333333334,0.2916666666666667,-0.054027777777777765,-0.08805555555555551,-0.024024305555555573,-0.10069444444444443,-0.015972222222222207,-0.09569444444444443,-0.2738923611111111,0.08569791666666668,-0.33361458333333327,0.14750069444444433,0.02416531244913737,0.014433472859673202,0.03489875707309693,0.01204186083128055,0.03832615989260375,0.07819309022691513,0.048635913877954906,0.11191264568217506,0.04051602402422574,0.12433588708833652,-0.017501354217529297,-0.18725506817766774,0.15130898935409884,-0.2620875667516763,0.2257383222738279,0.09569444444444443,0.017501354217529297,-0.07819309022691513,-0.1077436762711861,0.09098060138813321,-0.12084666821242618,0.10425211435347377
Singapore,fare,signed_l1_seed2026,24,0.041666666666666664,-0.125,0.20833333333333334,-0.20833333333333334,0.2916666666666667,-0.054027777777777765,-0.08805555555555551,-0.024024305555555573,-0.10069444444444443,-0.015972222222222207,-0.09569444444444443,-0.2738923611111111,0.08569791666666668,-0.33361458333333327,0.14750069444444433,0.004234311481316884,-0.004664960984761516,0.012324250939612586,-0.00745591373493274,0.014736501000200691,0.05826208925909465,0.026014822726862282,0.09332259803513683,0.018054571744054535,0.10534220997326897,-0.037432355185349785,-0.2117044305273642,0.1348751404788345,-0.28796544138652586,0.21530549784811837,0.09569444444444443,0.037432355185349785,-0.058262089259094645,-0.0879262490398768,0.07586752132202183,-0.09964978659082617,0.0883805251131866
Singapore,fare,signed_l1_seed42,24,0.041666666666666664,-0.125,0.20833333333333334,-0.20833333333333334,0.2916666666666667,-0.054027777777777765,-0.08805555555555551,-0.024024305555555573,-0.10069444444444443,-0.015972222222222207,-0.09569444444444443,-0.2738923611111111,0.08569791666666668,-0.33361458333333327,0.14750069444444433,-0.01274054249127706,-0.017054365156218408,-0.00861020948116978,-0.01864526401584347,-0.007430044400195283,0.041287235286500704,0.008949414422735568,0.077163148197035,0.0010257172862688587,0.0912473344189839,-0.054407209157943726,-0.2249226353596896,0.11551276311899224,-0.30642526950066284,0.19692530056772134,0.09569444444444443,0.054407209157943726,-0.041287235286500704,-0.07448800891348054,0.05934595503409702,-0.08760257667423127,0.07150860400121244
Singapore,fare,signed_l1_seed7,24,0.041666666666666664,-0.125,0.20833333333333334,-0.20833333333333334,0.2916666666666667,-0.054027777777777765,-0.08805555555555551,-0.024024305555555573,-0.10069444444444443,-0.015972222222222207,-0.09569444444444443,-0.2738923611111111,0.08569791666666668,-0.33361458333333327,0.14750069444444433,0.01720074036469062,0.004716778236130874,0.029442753937716275,0.0006551062082871798,0.03330562910996377,0.07122851814246839,0.03563978250490293,0.10880371595111984,0.024870492563231088,0.12221832371974978,-0.024465926301976044,-0.19951978322739403,0.1510426964610814,-0.2764404221375783,0.23225634602208906,0.09569444444444443,0.024465926301976044,-0.07122851814246839,-0.10201895228938922,0.09160096315501458,-0.11516461941610191,0.10480742442597514
Singapore,fare,soft_kl_seed2026,24,0.041666666666666664,-0.125,0.20833333333333334,-0.20833333333333334,0.2916666666666667,-0.054027777777777765,-0.08805555555555551,-0.024024305555555573,-0.10069444444444443,-0.015972222222222207,-0.09569444444444443,-0.2738923611111111,0.08569791666666668,-0.33361458333333327,0.14750069444444433,0.0005078433702389399,-0.008547707895437876,0.008831869127849735,-0.011454908965776363,0.011152192751566568,0.05453562114801671,0.021163750024305414,0.09087631744518873,0.012821701913161383,0.10366516357503,-0.04115882329642773,-0.21581550395737092,0.13176279490192733,-0.2929269585044434,0.21225057119814053,0.09569444444444443,0.04115882329642773,-0.0545356211480167,-0.08585858402897911,0.07303352528148226,-0.09774018618050545,0.08638623569905744
Singapore,fare,soft_kl_seed42,24,0.041666666666666664,-0.125,0.20833333333333334,-0.20833333333333334,0.2916666666666667,-0.054027777777777765,-0.08805555555555551,-0.024024305555555573,-0.10069444444444443,-0.015972222222222207,-0.09569444444444443,-0.2738923611111111,0.08569791666666668,-0.33361458333333327,0.14750069444444433,-0.010790704439083735,-0.015941739454865454,-0.006105493071178596,-0.017764133947590986,-0.00471052306704224,0.04323707333869403,0.010620694216133802,0.07911261489842497,0.0025140076847126,0.09286014394230294,-0.052457371105750404,-0.22459633708931503,0.11823489481272796,-0.30557975182620184,0.1999805101038267,0.09569444444444443,0.052457371105750404,-0.043237073338694025,-0.07617557617421775,0.06223189546561071,-0.08878908196431065,0.0742624614185342
Singapore,fare,soft_kl_seed7,24,0.041666666666666664,-0.125,0.20833333333333334,-0.20833333333333334,0.2916666666666667,-0.054027777777777765,-0.08805555555555551,-0.024024305555555573,-0.10069444444444443,-0.015972222222222207,-0.09569444444444443,-0.2738923611111111,0.08569791666666668,-0.33361458333333327,0.14750069444444433,0.020803875289857388,0.00942445662803948,0.031389246811158955,0.005378217340136568,0.03470958021779855,0.07483165306763516,0.03955172946800784,0.1119410776861219,0.029000205641032957,0.12432531337274434,-0.02086279137680928,-0.19448354464645187,0.15349006528655687,-0.2715014270072182,0.23433197125637256,0.09569444444444443,0.02086279137680928,-0.07483165306763515,-0.10573123516018187,0.09477962978018653,-0.11863287064431027,0.10783481669653612
Singapore,fare,soft_kl_seedmean,24,0.041666666666666664,-0.125,0.20833333333333334,-0.20833333333333334,0.2916666666666667,-0.054027777777777765,-0.08805555555555551,-0.024024305555555573,-0.10069444444444443,-0.015972222222222207,-0.09569444444444443,-0.2738923611111111,0.08569791666666668,-0.33361458333333327,0.14750069444444433,0.0035070047403375306,-0.0023272179713886673,0.009167400685449434,-0.004281937783170076,0.01085570712936008,0.0575347825181153,0.02434065241542541,0.09337879455130961,0.01581650360768863,0.10652590402288153,-0.038159661926329115,-0.20973454120879367,0.13324459474275094,-0.290191600119902,0.21608930930857437,0.09569444444444443,0.038159661926329115,-0.057534782518115314,-0.08784806886149776,0.07653354711095904,-0.1012317872672031,0.08895780635132551
Singapore,fare,ce_kl_seedmean,24,0.041666666666666664,-0.125,0.20833333333333334,-0.20833333333333334,0.2916666666666667,-0.054027777777777765,-0.08805555555555551,-0.024024305555555573,-0.10069444444444443,-0.015972222222222207,-0.09569444444444443,-0.2738923611111111,0.08569791666666668,-0.33361458333333327,0.14750069444444433,-0.000977239674992042,-0.004957581174352952,0.0029370651140602005,-0.0062746823589421245,0.004053830764152929,0.053050538102785726,0.021109473758687557,0.08847727824768258,0.013329947250543374,0.1018094644393563,-0.04264390634165872,-0.21215208023269144,0.1268508266114319,-0.29340918859156473,0.20810363941360238,0.09569444444444443,0.04264390634165872,-0.05305053810278571,-0.08497273882716473,0.07097169361832649,-0.09804275845862513,0.08264963691847188
Singapore,fare,signed_l1_seedmean,24,0.041666666666666664,-0.125,0.20833333333333334,-0.20833333333333334,0.2916666666666667,-0.054027777777777765,-0.08805555555555551,-0.024024305555555573,-0.10069444444444443,-0.015972222222222207,-0.09569444444444443,-0.2738923611111111,0.08569791666666668,-0.33361458333333327,0.14750069444444433,0.0028981697849101624,-0.0030452016844517457,0.008773910903578843,-0.004987659045598551,0.010775422243297925,0.05692594756268793,0.024038222395814955,0.09249235554194696,0.01560328491336356,0.10540565844070571,-0.038768496881756494,-0.20996934772831283,0.132387584561689,-0.2902876114710751,0.2150665093492715,0.09569444444444443,0.038768496881756494,-0.056925947562687935,-0.08733937113028435,0.07565712056784997,-0.100405170789568,0.08749757428903941
Singapore,fare,direction_magnitude_seedmean,24,0.041666666666666664,-0.125,0.20833333333333334,-0.20833333333333334,0.2916666666666667,-0.054027777777777765,-0.08805555555555551,-0.024024305555555573,-0.10069444444444443,-0.015972222222222207,-0.09569444444444443,-0.2738923611111111,0.08569791666666668,-0.33361458333333327,0.14750069444444433,-0.001439173498915301,-0.007332070409837689,0.004157613810255291,-0.009415776171824996,0.005784820440846163,0.05258860427886247,0.019358679599542575,0.08860742436069992,0.011143093660970481,0.10188926520289637,-0.04310584016558194,-0.2147732653810332,0.1278677880298346,-0.2947737704626181,0.21023016855638058,0.09569444444444443,0.04310584016558194,-0.052588604278862486,-0.08466466650553045,0.07122133560644253,-0.09709336236129618,0.08377428307767124
Singapore,transit_delay,teacher,24,-0.125,-0.3333333333333333,0.08333333333333333,-0.4166666666666667,0.125,-0.10558333333333335,-0.1501388888888889,-0.0640527777777778,-0.16680694444444444,-0.051277777777777804,0.019416666666666662,-0.1893375,0.22553124999999993,-0.2523063888888889,0.2894555555555538,-0.10558333333333335,-0.1501388888888889,-0.0640527777777778,-0.16680694444444444,-0.051277777777777804,0.0,0.0,0.0,0.0,0.0,0.019416666666666662,-0.1893375,0.22553124999999993,-0.2523063888888889,0.2894555555555538,0.019416666666666662,0.019416666666666662,0.0,0.0,0.0,0.0,0.0
Singapore,transit_delay,ce_kl_seed2026,24,-0.125,-0.3333333333333333,0.08333333333333333,-0.4166666666666667,0.125,-0.10558333333333335,-0.1501388888888889,-0.0640527777777778,-0.16680694444444444,-0.051277777777777804,0.019416666666666662,-0.1893375,0.22553124999999993,-0.2523063888888889,0.2894555555555538,-0.007353013226141532,-0.015579461488717547,0.00015786469836408696,-0.018294387925416232,0.0019714463758282036,0.09823032010719181,0.058250949970994996,0.14146722226615788,0.047590108132323075,0.15675578986355618,0.11764698677385847,-0.08818526550506553,0.325748702227914,-0.1344097290149269,0.4044554855449433,0.019416666666666662,0.11764698677385847,0.09823032010719181,-0.11808657263466674,0.13429590318867313,-0.138497820967084,0.14945805919578686
Singapore,transit_delay,ce_kl_seed42,24,-0.125,-0.3333333333333333,0.08333333333333333,-0.4166666666666667,0.125,-0.10558333333333335,-0.1501388888888889,-0.0640527777777778,-0.16680694444444444,-0.051277777777777804,0.019416666666666662,-0.1893375,0.22553124999999993,-0.2523063888888889,0.2894555555555538,-0.04175580087273071,-0.05450182488906042,-0.029981076375891768,-0.05864346689796851,-0.02688019123995524,0.06382753246060263,0.017414964597423897,0.1124974818906488,0.002355756417262478,0.12932398368400352,0.08324419912726928,-0.1272709686929981,0.2981281449960079,-0.17933978295244743,0.377532410911905,0.019416666666666662,0.08324419912726928,0.06382753246060262,-0.08757730121701021,0.1077772730601175,-0.1076647329673844,0.12355162188882089
Singapore,transit_delay,ce_kl_seed7,24,-0.125,-0.3333333333333333,0.08333333333333333,-0.4166666666666667,0.125,-0.10558333333333335,-0.1501388888888889,-0.0640527777777778,-0.16680694444444444,-0.051277777777777804,0.019416666666666662,-0.1893375,0.22553124999999993,-0.2523063888888889,0.2894555555555538,-0.0950225757745405,-0.11848581522936003,-0.07266438673638434,-0.12605987987985523,-0.06571779781292818,0.010560757558792837,-0.04619779337901206,0.06972581521840758,-0.0648354074553276,0.08920841504523422,0.029977424225459497,-0.18319292606126206,0.25054338226133643,-0.24356000557891094,0.33104986825880267,0.019416666666666662,0.029977424225459497,0.010560757558792835,-0.04976011479756176,0.06575913114702435,-0.07068933714826593,0.08583561461712233
Singapore,transit_delay,direction_magnitude_seed2026,24,-0.125,-0.3333333333333333,0.08333333333333333,-0.4166666666666667,0.125,-0.10558333333333335,-0.1501388888888889,-0.0640527777777778,-0.16680694444444444,-0.051277777777777804,0.019416666666666662,-0.1893375,0.22553124999999993,-0.2523063888888889,0.2894555555555538,-0.06504639734824498,-0.08011757577769457,-0.0496978618670255,-0.0844340970662112,-0.04435078707678868,0.040536935985088354,0.009742427313141544,0.07467704764867408,0.0018449330915469436,0.08625305604320835,0.05995360265175501,-0.14713546483156584,0.26870418651960787,-0.2001168103888631,0.34314833411170753,0.019416666666666662,0.05995360265175501,0.040536935985088354,-0.06121465351078658,0.0693651748565957,-0.07638137488875123,0.08153216196580063
Singapore,transit_delay,direction_magnitude_seed42,24,-0.125,-0.3333333333333333,0.08333333333333333,-0.4166666666666667,0.125,-0.10558333333333335,-0.1501388888888889,-0.0640527777777778,-0.16680694444444444,-0.051277777777777804,0.019416666666666662,-0.1893375,0.22553124999999993,-0.2523063888888889,0.2894555555555538,-0.0788985388353467,-0.10010022270337988,-0.05888198076281696,-0.10803751627293726,-0.05368526319973173,0.02668479449798664,-0.004389803737112197,0.0622900088010356,-0.013151636009712999,0.07314048906818033,0.0461014611646533,-0.1657272905887415,0.2597571420017629,-0.22497516208017868,0.3322665224395067,0.019416666666666662,0.0461014611646533,0.02668479449798664,-0.046979725569755666,0.05836021174494588,-0.06253078937588881,0.0697600815333632
Singapore,transit_delay,direction_magnitude_seed7,24,-0.125,-0.3333333333333333,0.08333333333333333,-0.4166666666666667,0.125,-0.10558333333333335,-0.1501388888888889,-0.0640527777777778,-0.16680694444444444,-0.051277777777777804,0.019416666666666662,-0.1893375,0.22553124999999993,-0.2523063888888889,0.2894555555555538,-0.23202308745627911,-0.3132441001983049,-0.1528915883260197,-0.3418137507069817,-0.13190807845215521,-0.12643975412294578,-0.24154818894028238,-0.015341730806170724,-0.2800995017251032,0.021788627607551684,-0.10702308745627913,-0.33970831591820266,0.14266700133933513,-0.40226974663790316,0.2265756528491325,0.019416666666666662,0.10702308745627913,0.08760642078961246,-0.14370651065716322,0.2210939711724809,-0.1756047938900657,0.26409875419584083
Singapore,transit_delay,mnl_s,24,-0.125,-0.3333333333333333,0.08333333333333333,-0.4166666666666667,0.125,-0.10558333333333335,-0.1501388888888889,-0.0640527777777778,-0.16680694444444444,-0.051277777777777804,0.019416666666666662,-0.1893375,0.22553124999999993,-0.2523063888888889,0.2894555555555538,-0.10061543956130962,-0.13021976868547216,-0.07007714729733802,-0.13886417573802437,-0.059601863719899194,0.004967893772023707,-0.021829105197786,0.033166055718242,-0.029950693132008127,0.04144906727530311,0.024384560438690372,-0.18244155058154182,0.23262042009973108,-0.2443269944764414,0.29939738380627323,0.019416666666666662,0.024384560438690372,0.00496789377202371,-0.028409652059443784,0.028906975043587718,-0.03918019623160443,0.038277682529630826
Singapore,transit_delay,s9,24,-0.125,-0.3333333333333333,0.08333333333333333,-0.4166666666666667,0.125,-0.10558333333333335,-0.1501388888888889,-0.0640527777777778,-0.16680694444444444,-0.051277777777777804,0.019416666666666662,-0.1893375,0.22553124999999993,-0.2523063888888889,0.2894555555555538,-0.13412243026929596,-0.17524277390524123,-0.0969223856382693,-0.1896891442585426,-0.08747180570654267,-0.028539096935962627,-0.09967096437579535,0.03970563891830132,-0.12316917737351213,0.05783470380927951,-0.00912243026929597,-0.22600641350339476,0.21921878061257294,-0.28775375065122105,0.29709664997605917,0.019416666666666662,0.00912243026929597,-0.010294236397370692,-0.07307795963643321,0.0874945169339784,-0.09462695626280163,0.1132169136887601
Singapore,transit_delay,signed_l1_seed2026,24,-0.125,-0.3333333333333333,0.08333333333333333,-0.4166666666666667,0.125,-0.10558333333333335,-0.1501388888888889,-0.0640527777777778,-0.16680694444444444,-0.051277777777777804,0.019416666666666662,-0.1893375,0.22553124999999993,-0.2523063888888889,0.2894555555555538,-0.08949890236059825,-0.10993288471363484,-0.06951188073338321,-0.1159138633372883,-0.06306509131720928,0.016084430972735094,-0.013252602579072096,0.04837781593952741,-0.021579695361914716,0.05754333088026226,0.035501097639401756,-0.17028160823198657,0.2439082293771207,-0.22883084382706634,0.31596308564146314,0.019416666666666662,0.035501097639401756,0.016084430972735094,-0.03884910344444217,0.04333734431184002,-0.05293101030403126,0.054166373257132014
Singapore,transit_delay,signed_l1_seed42,24,-0.125,-0.3333333333333333,0.08333333333333333,-0.4166666666666667,0.125,-0.10558333333333335,-0.1501388888888889,-0.0640527777777778,-0.16680694444444444,-0.051277777777777804,0.019416666666666662,-0.1893375,0.22553124999999993,-0.2523063888888889,0.2894555555555538,-0.06630406249314547,-0.08466070942425478,-0.050627798230076834,-0.09148881032907714,-0.046894110925495634,0.039279270840187876,0.005985518277063977,0.07727424360474358,-0.004000590078731377,0.08889646970345327,0.058695937506854534,-0.15515810034703462,0.27430859282612796,-0.21298647121060638,0.34952971189903675,0.019416666666666662,0.058695937506854534,0.03927927084018787,-0.05693110278826212,0.07410680991369814,-0.07240120289799655,0.08627144081590898
Singapore,transit_delay,signed_l1_seed7,24,-0.125,-0.3333333333333333,0.08333333333333333,-0.4166666666666667,0.125,-0.10558333333333335,-0.1501388888888889,-0.0640527777777778,-0.16680694444444444,-0.051277777777777804,0.019416666666666662,-0.1893375,0.22553124999999993,-0.2523063888888889,0.2894555555555538,-0.17596231501859924,-0.2030195011543886,-0.14996736169753908,-0.2117092086658037,-0.1414725246889672,-0.07037898168526589,-0.11984121679613469,-0.014310231114484163,-0.13639232354614572,0.004955272305627208,-0.050962315018599234,-0.26678086154861375,0.17226164845245256,-0.3313527660619002,0.2499869592825416,0.019416666666666662,0.050962315018599234,0.031545648351932576,-0.09571092410195203,0.1121490304862977,-0.11299405238299631,0.13048027951112626
Singapore,transit_delay,soft_kl_seed2026,24,-0.125,-0.3333333333333333,0.08333333333333333,-0.4166666666666667,0.125,-0.10558333333333335,-0.1501388888888889,-0.0640527777777778,-0.16680694444444444,-0.051277777777777804,0.019416666666666662,-0.1893375,0.22553124999999993,-0.2523063888888889,0.2894555555555538,-0.09618674994756778,-0.11454453265760094,-0.0786229941683511,-0.12064209525628636,-0.0735818660786997,0.00939658338576556,-0.02492827864901887,0.0465985303837806,-0.03453438070662731,0.058588329231275306,0.02881325005243222,-0.17882289950114985,0.2390187500199924,-0.23708989259631683,0.31324343151568107,0.019416666666666662,0.02881325005243222,0.009396583385765558,-0.035631288051584525,0.04165005251976354,-0.050175607294899734,0.05368789438874355
Singapore,transit_delay,soft_kl_seed42,24,-0.125,-0.3333333333333333,0.08333333333333333,-0.4166666666666667,0.125,-0.10558333333333335,-0.1501388888888889,-0.0640527777777778,-0.16680694444444444,-0.051277777777777804,0.019416666666666662,-0.1893375,0.22553124999999993,-0.2523063888888889,0.2894555555555538,-0.08177740933994453,-0.10289810309186578,-0.06274664493588111,-0.1105194659360374,-0.05801416837455088,0.02380592399338882,-0.007508752993266612,0.059129494799714945,-0.016203270394015635,0.07051049905704124,0.04322259066005548,-0.16939538507722318,0.25749005234489836,-0.23041977865000565,0.32987309853080615,0.019416666666666662,0.04322259066005548,0.02380592399338882,-0.043776505304107274,0.05626433770455835,-0.05807566378035479,0.06755554847921336
Singapore,transit_delay,soft_kl_seed7,24,-0.125,-0.3333333333333333,0.08333333333333333,-0.4166666666666667,0.125,-0.10558333333333335,-0.1501388888888889,-0.0640527777777778,-0.16680694444444444,-0.051277777777777804,0.019416666666666662,-0.1893375,0.22553124999999993,-0.2523063888888889,0.2894555555555538,-0.13048323794888952,-0.1512292883649934,-0.10937289964252463,-0.15663979830220343,-0.10229374856300033,-0.02489990461555619,-0.07450898622897867,0.031075689786325952,-0.09191611132092256,0.049084463766892676,-0.005483237948889534,-0.2196172225056216,0.21527308370568787,-0.27882971725620637,0.2932966167693178,0.019416666666666662,0.005483237948889534,-0.013933428717777127,-0.05957349887238295,0.06636732364764127,-0.0735729678367109,0.08526993771995105
Singapore,transit_delay,soft_kl_seedmean,24,-0.125,-0.3333333333333333,0.08333333333333333,-0.4166666666666667,0.125,-0.10558333333333335,-0.1501388888888889,-0.0640527777777778,-0.16680694444444444,-0.051277777777777804,0.019416666666666662,-0.1893375,0.22553124999999993,-0.2523063888888889,0.2894555555555538,-0.10281579907880062,-0.11830040227376025,-0.08944463445222937,-0.12351088148528813,-0.0860807324374198,0.0027675342545327337,-0.034213842259187034,0.04428027238264267,-0.045871341158065716,0.05772078224471143,0.022184200921199385,-0.18996899476624093,0.23548276115066577,-0.24584277682691918,0.3130732461755784,0.019416666666666662,0.022184200921199385,0.0027675342545327233,-0.034307496459927,0.041971009085461905,-0.04824650375371903,0.05586898835402996
Singapore,transit_delay,ce_kl_seedmean,24,-0.125,-0.3333333333333333,0.08333333333333333,-0.4166666666666667,0.125,-0.10558333333333335,-0.1501388888888889,-0.0640527777777778,-0.16680694444444444,-0.051277777777777804,0.019416666666666662,-0.1893375,0.22553124999999993,-0.2523063888888889,0.2894555555555538,-0.04804379662447092,-0.05784606626580676,-0.0389351650939918,-0.06106147448758646,-0.03632914512204786,0.057539536708862436,0.010802144936078976,0.10668990657517118,-0.004276344852506474,0.12337103120214037,0.07695620337552907,-0.13300036726351314,0.2901052465319581,-0.1838299139232711,0.3714358867007668,0.019416666666666662,0.07695620337552907,0.0575395367088624,-0.08380076766422584,0.10140937487806916,-0.10266357493024211,0.11898526056400834
Singapore,transit_delay,signed_l1_seedmean,24,-0.125,-0.3333333333333333,0.08333333333333333,-0.4166666666666667,0.125,-0.10558333333333335,-0.1501388888888889,-0.0640527777777778,-0.16680694444444444,-0.051277777777777804,0.019416666666666662,-0.1893375,0.22553124999999993,-0.2523063888888889,0.2894555555555538,-0.11058842662411432,-0.1278224298381247,-0.09632516740691952,-0.13346649831393737,-0.09308742468103043,-0.005005093290780982,-0.040688899715265486,0.03545651665179885,-0.05167985868359607,0.04873166447758359,0.014411573375885672,-0.1985158292887112,0.22835708463292878,-0.25538652675058177,0.3056931545774245,0.019416666666666662,0.014411573375885672,-0.00500509329078099,-0.035123650875832475,0.039274845697322064,-0.04657642838208107,0.05142610414461233
Singapore,transit_delay,direction_magnitude_seedmean,24,-0.125,-0.3333333333333333,0.08333333333333333,-0.4166666666666667,0.125,-0.10558333333333335,-0.1501388888888889,-0.0640527777777778,-0.16680694444444444,-0.051277777777777804,0.019416666666666662,-0.1893375,0.22553124999999993,-0.2523063888888889,0.2894555555555538,-0.1253226745466236,-0.14476933055783672,-0.10652670317778959,-0.15072768047453589,-0.10117238439446541,-0.019739341213290258,-0.07350756485140365,0.036318940821559065,-0.09107979244780415,0.05636085121656141,-0.00032267454662359096,-0.21158252670251787,0.21837642892302633,-0.2716728628177467,0.299300979256384,0.019416666666666662,0.00032267454662359096,-0.01909399212004307,-0.0576998679415161,0.06406820673246597,-0.07411546076987414,0.08425141673538834
Singapore,roadworks,teacher,24,-0.20833333333333334,-0.4166666666666667,0.0,-0.4583333333333333,0.041666666666666664,-0.08347222222222221,-0.12778124999999999,-0.04249999999999999,-0.14264166666666664,-0.03194375000000011,0.12486111111111113,-0.06319791666666667,0.3072256944444444,-0.12013958333333336,0.3627777777777778,-0.08347222222222221,-0.12778124999999999,-0.04249999999999999,-0.14264166666666664,-0.03194375000000011,0.0,0.0,0.0,0.0,0.0,0.12486111111111113,-0.06319791666666667,0.3072256944444444,-0.12013958333333336,0.3627777777777778,0.12486111111111113,0.12486111111111113,0.0,0.0,0.0,0.0,0.0
Singapore,roadworks,ce_kl_seed2026,24,-0.20833333333333334,-0.4166666666666667,0.0,-0.4583333333333333,0.041666666666666664,-0.08347222222222221,-0.12778124999999999,-0.04249999999999999,-0.14264166666666664,-0.03194375000000011,0.12486111111111113,-0.06319791666666667,0.3072256944444444,-0.12013958333333336,0.3627777777777778,-0.06474752972523372,-0.09237014586105943,-0.03735046631967028,-0.10112508076553543,-0.029414593192438398,0.018724692496988504,-0.003980496217807145,0.04563151574010645,-0.009202793926000602,0.05448580317679366,0.1435858036080996,-0.05038635525852441,0.3355816540929178,-0.10740403444195787,0.3873450569311773,0.12486111111111113,0.1435858036080996,0.01872469249698848,-0.016272607175426352,0.045546120944950266,-0.02753986081125006,0.05407727106677155
Singapore,roadworks,ce_kl_seed42,24,-0.20833333333333334,-0.4166666666666667,0.0,-0.4583333333333333,0.041666666666666664,-0.08347222222222221,-0.12778124999999999,-0.04249999999999999,-0.14264166666666664,-0.03194375000000011,0.12486111111111113,-0.06319791666666667,0.3072256944444444,-0.12013958333333336,0.3627777777777778,-0.06669761116305988,-0.09812505409742396,-0.03675602463384471,-0.10701471984386444,-0.028464532190312967,0.016774611059162347,-0.02144247903674842,0.059617201442105874,-0.03230453478230371,0.07508325779595292,0.14163572217027345,-0.05823519925276439,0.3389972837020953,-0.11576262954622507,0.39651635393500273,0.12486111111111113,0.14163572217027345,0.016774611059162323,-0.023378365539842183,0.059470734399639895,-0.034755915672911544,0.07487861933211469
Singapore,roadworks,ce_kl_seed7,24,-0.20833333333333334,-0.4166666666666667,0.0,-0.4583333333333333,0.041666666666666664,-0.08347222222222221,-0.12778124999999999,-0.04249999999999999,-0.14264166666666664,-0.03194375000000011,0.12486111111111113,-0.06319791666666667,0.3072256944444444,-0.12013958333333336,0.3627777777777778,-0.0819060734162728,-0.12017435698459546,-0.045018001754457755,-0.1317535415912668,-0.03465690715238453,0.0015661488059494147,-0.026407455193292774,0.027730322791884306,-0.036366619046446357,0.034612777142971736,0.12642725991706052,-0.062499476596713066,0.31639391818704704,-0.11859009032758573,0.3700942768994689,0.12486111111111113,0.12642725991706052,0.0015661488059493939,-0.02559263273576896,0.02768299739518098,-0.03516857116197548,0.034624490898268044
Singapore,roadworks,direction_magnitude_seed2026,24,-0.20833333333333334,-0.4166666666666667,0.0,-0.4583333333333333,0.041666666666666664,-0.08347222222222221,-0.12778124999999999,-0.04249999999999999,-0.14264166666666664,-0.03194375000000011,0.12486111111111113,-0.06319791666666667,0.3072256944444444,-0.12013958333333336,0.3627777777777778,-0.07704263056317966,-0.10856549451127649,-0.04569623470306397,-0.11805779449020823,-0.03619049241145452,0.006429591659042562,-0.016506867474979838,0.03206096458021136,-0.022671212375164045,0.04069564904736143,0.13129070277015367,-0.061267848747471966,0.32165767742941775,-0.12042124657581249,0.37268996834754925,0.12486111111111113,0.13129070277015367,0.006429591659042541,-0.016906058344162173,0.03187669681757687,-0.02364284467589521,0.04063947042880785
Singapore,roadworks,direction_magnitude_seed42,24,-0.20833333333333334,-0.4166666666666667,0.0,-0.4583333333333333,0.041666666666666664,-0.08347222222222221,-0.12778124999999999,-0.04249999999999999,-0.14264166666666664,-0.03194375000000011,0.12486111111111113,-0.06319791666666667,0.3072256944444444,-0.12013958333333336,0.3627777777777778,-0.04317339385549227,-0.06355619231859842,-0.02360313680643837,-0.06993901119877895,-0.01816842278465637,0.04029882836672994,0.005055195699963292,0.07983342486371595,-0.0028793628881375057,0.0935798069979581,0.16515993947784105,-0.03753262109433612,0.36592372003942725,-0.092261770448337,0.41724835293988344,0.12486111111111113,0.16515993947784105,0.04029882836672992,-0.030631743784166054,0.07975341199959315,-0.050217541309860024,0.09348405726593394
Singapore,roadworks,direction_magnitude_seed7,24,-0.20833333333333334,-0.4166666666666667,0.0,-0.4583333333333333,0.041666666666666664,-0.08347222222222221,-0.12778124999999999,-0.04249999999999999,-0.14264166666666664,-0.03194375000000011,0.12486111111111113,-0.06319791666666667,0.3072256944444444,-0.12013958333333336,0.3627777777777778,-0.0701808234055837,-0.10019489318753282,-0.04047163501381875,-0.10913941392675042,-0.03213275573526833,0.013291398816638511,-0.013216786179691553,0.0408526707722081,-0.02130078207229576,0.049900940150767466,0.13815250992774963,-0.05345135104532043,0.33089860885714484,-0.11040063228458166,0.3827288913416358,0.12486111111111113,0.13815250992774963,0.013291398816638503,-0.018024222734901642,0.04052587474468679,-0.028229276714805084,0.04925342509282943
Singapore,roadworks,mnl_s,24,-0.20833333333333334,-0.4166666666666667,0.0,-0.4583333333333333,0.041666666666666664,-0.08347222222222221,-0.12778124999999999,-0.04249999999999999,-0.14264166666666664,-0.03194375000000011,0.12486111111111113,-0.06319791666666667,0.3072256944444444,-0.12013958333333336,0.3627777777777778,-0.07141188465980801,-0.10031737973877057,-0.04224352732317646,-0.10779638453238453,-0.034864371875020825,0.012060337562414217,-0.013933975168827679,0.041383559334556654,-0.02029056370543554,0.052117856157334476,0.13692144867352532,-0.05761748389006291,0.32848811135952205,-0.11340304042290468,0.38022376792532353,0.12486111111111113,0.13692144867352532,0.012060337562414189,-0.017048245674580197,0.041289526867127946,-0.025403925734801634,0.0518951724273742
Singapore,roadworks,s9,24,-0.20833333333333334,-0.4166666666666667,0.0,-0.4583333333333333,0.041666666666666664,-0.08347222222222221,-0.12778124999999999,-0.04249999999999999,-0.14264166666666664,-0.03194375000000011,0.12486111111111113,-0.06319791666666667,0.3072256944444444,-0.12013958333333336,0.3627777777777778,-0.09390579722821712,-0.13488261389235656,-0.05380630325526,-0.14766614003417391,-0.0427478758866589,-0.010433575005994913,-0.04744013016194933,0.028875742472087334,-0.057626045696230414,0.041644274752297025,0.1144275361051162,-0.08483913961487512,0.31014771092062193,-0.14816059769441683,0.3699510509117193,0.12486111111111113,0.1144275361051162,-0.010433575005994927,-0.04426491480900182,0.035968269879205345,-0.05534606983835496,0.049238687812950675
Singapore,roadworks,signed_l1_seed2026,24,-0.20833333333333334,-0.4166666666666667,0.0,-0.4583333333333333,0.041666666666666664,-0.08347222222222221,-0.12778124999999999,-0.04249999999999999,-0.14264166666666664,-0.03194375000000011,0.12486111111111113,-0.06319791666666667,0.3072256944444444,-0.12013958333333336,0.3627777777777778,-0.07196947497626145,-0.1018030133874466,-0.04188684555701912,-0.11116189856703082,-0.032857928425073624,0.011502747245960758,-0.012561265479773287,0.03911578309246235,-0.018584793156219866,0.048502668439845145,0.13636385835707188,-0.05786889592806498,0.327973666973412,-0.11533901738934219,0.3799229383375493,0.12486111111111113,0.13636385835707188,0.011502747245960745,-0.014861097500556066,0.03894043211287095,-0.024228738620215007,0.04846067683655353
Singapore,roadworks,signed_l1_seed42,24,-0.20833333333333334,-0.4166666666666667,0.0,-0.4583333333333333,0.041666666666666664,-0.08347222222222221,-0.12778124999999999,-0.04249999999999999,-0.14264166666666664,-0.03194375000000011,0.12486111111111113,-0.06319791666666667,0.3072256944444444,-0.12013958333333336,0.3627777777777778,-0.046082742512226105,-0.06701259439190228,-0.025948843794564413,-0.0731428799405694,-0.020363195439179794,0.037389479709996114,0.0029392739625440675,0.0767944247085187,-0.004747123326526756,0.08971815847406764,0.16225059082110724,-0.03931994630644719,0.36243019228180245,-0.09467170568803945,0.41457340836524914,0.12486111111111113,0.16225059082110724,0.03738947970999611,-0.0282807078179386,0.07666939104265637,-0.04683254093461565,0.0896477817553612
Singapore,roadworks,signed_l1_seed7,24,-0.20833333333333334,-0.4166666666666667,0.0,-0.4583333333333333,0.041666666666666664,-0.08347222222222221,-0.12778124999999999,-0.04249999999999999,-0.14264166666666664,-0.03194375000000011,0.12486111111111113,-0.06319791666666667,0.3072256944444444,-0.12013958333333336,0.3627777777777778,-0.0724653700987498,-0.10492108849187691,-0.040546957403421416,-0.11598753124475479,-0.03166019062201226,0.011006852123472417,-0.01465661156757011,0.03692185744974347,-0.022689712635179368,0.044463054473698096,0.13586796323458353,-0.052896618470549585,0.3269740406423807,-0.11095893427729607,0.3803777026260887,0.12486111111111113,0.13586796323458353,0.011006852123472396,-0.018948797272311333,0.03655212026254999,-0.029249083745810724,0.04414948874364292
Singapore,roadworks,soft_kl_seed2026,24,-0.20833333333333334,-0.4166666666666667,0.0,-0.4583333333333333,0.041666666666666664,-0.08347222222222221,-0.12778124999999999,-0.04249999999999999,-0.14264166666666664,-0.03194375000000011,0.12486111111111113,-0.06319791666666667,0.3072256944444444,-0.12013958333333336,0.3627777777777778,-0.0830857480565707,-0.11681545435761412,-0.049099823149542025,-0.126534789322565,-0.03902426699176444,0.000386474165651525,-0.02794363039814764,0.031642238738222236,-0.03581062590140436,0.0423325131401419,0.12524758527676264,-0.06904117787877719,0.3155511314359804,-0.12781931355595588,0.3678149187502757,0.12486111111111113,0.12524758527676264,0.00038647416565150416,-0.02686725281924013,0.03179315363450184,-0.03510883422311809,0.04224329160278043
Singapore,roadworks,soft_kl_seed42,24,-0.20833333333333334,-0.4166666666666667,0.0,-0.4583333333333333,0.041666666666666664,-0.08347222222222221,-0.12778124999999999,-0.04249999999999999,-0.14264166666666664,-0.03194375000000011,0.12486111111111113,-0.06319791666666667,0.3072256944444444,-0.12013958333333336,0.3627777777777778,-0.04716182375947634,-0.06784380891670783,-0.026984861182669802,-0.07493110019092758,-0.021039046949396553,0.03631039846274587,0.0032846426458822396,0.07345907312466038,-0.003900313279115499,0.08639416655864966,0.16117150957385698,-0.039405183090517916,0.3613419516322513,-0.09532395637904605,0.41153321246926966,0.12486111111111113,0.16117150957385698,0.03631039846274585,-0.027544327314115238,0.07334880373461376,-0.04570789798994856,0.08639416655864968
Singapore,roadworks,soft_kl_seed7,24,-0.20833333333333334,-0.4166666666666667,0.0,-0.4583333333333333,0.041666666666666664,-0.08347222222222221,-0.12778124999999999,-0.04249999999999999,-0.14264166666666664,-0.03194375000000011,0.12486111111111113,-0.06319791666666667,0.3072256944444444,-0.12013958333333336,0.3627777777777778,-0.07665027553836505,-0.11072608822335799,-0.04304334660992026,-0.12201566664502024,-0.03346174812565248,0.006821946683857168,-0.01979355863937074,0.033140094258719,-0.028161576179828916,0.040519289681149706,0.13168305779496828,-0.05704628573730588,0.32169830411051703,-0.11396295415237546,0.3762584331631657,0.12486111111111113,0.13168305779496828,0.006821946683857147,-0.0208532339864307,0.03257953821660744,-0.02998714121431111,0.0401430740114715
Singapore,roadworks,soft_kl_seedmean,24,-0.20833333333333334,-0.4166666666666667,0.0,-0.4583333333333333,0.041666666666666664,-0.08347222222222221,-0.12778124999999999,-0.04249999999999999,-0.14264166666666664,-0.03194375000000011,0.12486111111111113,-0.06319791666666667,0.3072256944444444,-0.12013958333333336,0.3627777777777778,-0.06896594911813736,-0.09621598461849822,-0.04098150208592415,-0.10426982368859979,-0.0337706114331054,0.014506273104084854,-0.012218357500930626,0.043934169781704724,-0.01967931546792389,0.0536714241739775,0.13936738421519598,-0.05505417933066684,0.33295162367737957,-0.11121631481167342,0.38246748213966547,0.12486111111111113,0.13936738421519598,0.014506273104084852,-0.01715625619846912,0.04374809102589883,-0.02703331979529724,0.053567887340982674
Singapore,roadworks,ce_kl_seedmean,24,-0.20833333333333334,-0.4166666666666667,0.0,-0.4583333333333333,0.041666666666666664,-0.08347222222222221,-0.12778124999999999,-0.04249999999999999,-0.14264166666666664,-0.03194375000000011,0.12486111111111113,-0.06319791666666667,0.3072256944444444,-0.12013958333333336,0.3627777777777778,-0.07111707143485546,-0.09938662170122066,-0.042233579326421015,-0.10765853573568165,-0.03417702403540417,0.012355150787366756,-0.01438164208891492,0.04159899039939045,-0.02101691847915451,0.05170437210752713,0.13721626189847788,-0.057018478830448444,0.3302025347637634,-0.11272742844393682,0.38087084836119517,0.12486111111111113,0.13721626189847788,0.01235515078736675,-0.017548016727798536,0.04143632251748605,-0.026239597198325713,0.051497242494217096
Singapore,roadworks,signed_l1_seedmean,24,-0.20833333333333334,-0.4166666666666667,0.0,-0.4583333333333333,0.041666666666666664,-0.08347222222222221,-0.12778124999999999,-0.04249999999999999,-0.14264166666666664,-0.03194375000000011,0.12486111111111113,-0.06319791666666667,0.3072256944444444,-0.12013958333333336,0.3627777777777778,-0.06350586252907912,-0.08864315540736749,-0.037697678478434686,-0.09598775706564387,-0.030952519339819764,0.019966359693143098,-0.005864543908379165,0.048965770301512536,-0.012822906286393633,0.05940223907844888,0.1448274708042542,-0.04983717019980153,0.3393151616470681,-0.10536793998546069,0.3883342832420015,0.12486111111111113,0.1448274708042542,0.019966359693143074,-0.01785203472918102,0.04862937534786761,-0.030308240350873927,0.05924519789719743
Singapore,roadworks,direction_magnitude_seedmean,24,-0.20833333333333334,-0.4166666666666667,0.0,-0.4583333333333333,0.041666666666666664,-0.08347222222222221,-0.12778124999999999,-0.04249999999999999,-0.14264166666666664,-0.03194375000000011,0.12486111111111113,-0.06319791666666667,0.3072256944444444,-0.12013958333333336,0.3627777777777778,-0.06346561594141854,-0.08849227949976922,-0.03773126974701882,-0.09598158669761483,-0.030702802776876474,0.020006606280803668,-0.006702269356283895,0.04935630602099828,-0.013486981700691918,0.060103365798128944,0.14486771739191479,-0.050257802806380716,0.3390650617372658,-0.10590976940467953,0.3880481505849289,0.12486111111111113,0.14486771739191479,0.020006606280803654,-0.017889199132720638,0.04916483948462542,-0.030359141814791477,0.06009133692954968
Shanghai,rain,teacher,24,0.20833333333333334,0.041666666666666664,0.375,0.0,0.4583333333333333,0.006388888888888879,-0.023055555555555576,0.04333333333333333,-0.03302126736111112,0.06402777777777781,-0.20194444444444445,-0.3572291666666667,-0.06860763888888893,-0.4163546006944444,-0.025203993055556567,0.006388888888888879,-0.023055555555555576,0.04333333333333333,-0.03302126736111112,0.06402777777777781,0.0,0.0,0.0,0.0,0.0,-0.20194444444444445,-0.3572291666666667,-0.06860763888888893,-0.4163546006944444,-0.025203993055556567,0.20194444444444445,0.20194444444444445,0.0,0.0,0.0,0.0,0.0
Shanghai,rain,ce_kl_seed2026,24,0.20833333333333334,0.041666666666666664,0.375,0.0,0.4583333333333333,0.006388888888888879,-0.023055555555555576,0.04333333333333333,-0.03302126736111112,0.06402777777777781,-0.20194444444444445,-0.3572291666666667,-0.06860763888888893,-0.4163546006944444,-0.025203993055556567,-0.015311488105605045,-0.031086538208182902,-2.7056286732359844e-05,-0.037366558512925016,0.005272598766411258,-0.021700376994493925,-0.06035682577391465,0.009832205257378534,-0.08086255607928615,0.019315480285854506,-0.22364482143893838,-0.39303002596910425,-0.075669879248987,-0.4702281320428786,-0.024227282820114562,0.20194444444444445,0.22364482143893838,0.021700376994493925,-0.009832205257378546,0.06035682577391459,-0.01931548028585448,0.08086255607928604
Shanghai,rain,ce_kl_seed42,24,0.20833333333333334,0.041666666666666664,0.375,0.0,0.4583333333333333,0.006388888888888879,-0.023055555555555576,0.04333333333333333,-0.03302126736111112,0.06402777777777781,-0.20194444444444445,-0.3572291666666667,-0.06860763888888893,-0.4163546006944444,-0.025203993055556567,0.07321354001760483,0.051252248138189314,0.09574811433752378,0.0436179825065968,0.10549359942087903,0.06682465112871595,0.022104071395264723,0.10748930877033205,0.002601985559126145,0.1235504647325207,-0.13511979331572851,-0.3108235570291678,0.017652640243371306,-0.38716050641378386,0.061302346984545265,0.20194444444444445,0.13511979331572851,-0.06682465112871594,-0.10525387919238875,-0.015446784058792786,-0.12011912608772723,0.04412517038111778
Shanghai,rain,ce_kl_seed7,24,0.20833333333333334,0.041666666666666664,0.375,0.0,0.4583333333333333,0.006388888888888879,-0.023055555555555576,0.04333333333333333,-0.03302126736111112,0.06402777777777781,-0.20194444444444445,-0.3572291666666667,-0.06860763888888893,-0.4163546006944444,-0.025203993055556567,0.07346119545400143,0.04787064534612,0.09850333441669741,0.03693543331658778,0.10950674543467638,0.06707230656511255,0.037093055474261435,0.0958718216793819,0.025770903850232965,0.10777612797491659,-0.13487213787933192,-0.3029431051729868,0.007899255274484554,-0.3711714406323154,0.05297009885155861,0.20194444444444445,0.13487213787933192,-0.06707230656511254,-0.09486797250393371,-0.03190296748487488,-0.1064460812281662,0.038282739887993
Shanghai,rain,direction_magnitude_seed2026,24,0.20833333333333334,0.041666666666666664,0.375,0.0,0.4583333333333333,0.006388888888888879,-0.023055555555555576,0.04333333333333333,-0.03302126736111112,0.06402777777777781,-0.20194444444444445,-0.3572291666666667,-0.06860763888888893,-0.4163546006944444,-0.025203993055556567,0.006370435779293378,-0.007186334595705072,0.01995126822342475,-0.012019190279534086,0.025175474768426798,-1.845310959550095e-05,-0.036786270546623395,0.029524926357178252,-0.057135509121904376,0.03750510908176916,-0.20196289755403996,-0.3707409925914059,-0.05202692206949041,-0.44920501826369824,-0.00020504317944909504,0.20194444444444445,0.20196289755403996,1.845310959550095e-05,-0.02940736453400717,0.03678627054662334,-0.03750510908176916,0.057135509121904154
Shanghai,rain,direction_magnitude_seed42,24,0.20833333333333334,0.041666666666666664,0.375,0.0,0.4583333333333333,0.006388888888888879,-0.023055555555555576,0.04333333333333333,-0.03302126736111112,0.06402777777777781,-0.20194444444444445,-0.3572291666666667,-0.06860763888888893,-0.4163546006944444,-0.025203993055556567,0.04634460061788559,0.032327896015097696,0.06081294283891718,0.02633953675394878,0.06669360755865143,0.03995571172899671,-0.0017244476270344515,0.07568316869023776,-0.02157250078384661,0.08840148204668527,-0.16198873271544775,-0.3340956341785689,-0.014273976565649387,-0.41376391927866885,0.03983908153216605,0.20194444444444445,0.16198873271544775,-0.0399557117289967,-0.0750477765326699,0.0035208704239792026,-0.08770290990996485,0.030085788882026853
Shanghai,rain,direction_magnitude_seed7,24,0.20833333333333334,0.041666666666666664,0.375,0.0,0.4583333333333333,0.006388888888888879,-0.023055555555555576,0.04333333333333333,-0.03302126736111112,0.06402777777777781,-0.20194444444444445,-0.3572291666666667,-0.06860763888888893,-0.4163546006944444,-0.025203993055556567,0.051009535789489746,0.03430504479135076,0.06880065708731609,0.028255865994530418,0.07562652174771443,0.044620646900600865,0.0036591853400071476,0.0787761807433433,-0.015198756968240341,0.08876315785732321,-0.1573237975438436,-0.33126199676965673,-0.008250676592191097,-0.41091638491100946,0.04791135127500909,0.20194444444444445,0.1573237975438436,-0.04462064690060086,-0.07785280282215938,-0.002326861053291335,-0.08797746584600667,0.03231299709244035
Shanghai,rain,mnl_s,24,0.20833333333333334,0.041666666666666664,0.375,0.0,0.4583333333333333,0.006388888888888879,-0.023055555555555576,0.04333333333333333,-0.03302126736111112,0.06402777777777781,-0.20194444444444445,-0.3572291666666667,-0.06860763888888893,-0.4163546006944444,-0.025203993055556567,0.057640169494445476,0.03028679225851698,0.09108022472709132,0.021742389810140757,0.10711141728129887,0.051251280605556594,0.03438058758700034,0.06938243098601286,0.028177507409230102,0.07591324522146337,-0.15069316383888787,-0.31125808604423344,-0.01204913112542238,-0.37296182848020093,0.03288562091447617,0.20194444444444445,0.15069316383888787,-0.05125128060555659,-0.06897620493588752,-0.03334798201956586,-0.07570645741025103,0.010086979235913621
Shanghai,rain,s9,24,0.20833333333333334,0.041666666666666664,0.375,0.0,0.4583333333333333,0.006388888888888879,-0.023055555555555576,0.04333333333333333,-0.03302126736111112,0.06402777777777781,-0.20194444444444445,-0.3572291666666667,-0.06860763888888893,-0.4163546006944444,-0.025203993055556567,0.036123497101167835,0.008625942740278938,0.06472219624556601,-0.0026434199748716007,0.07616409193530364,0.029734608212278957,-0.010634380965493613,0.06635521214082833,-0.029152013828952057,0.0799391471426287,-0.1722098362321655,-0.3436589038309951,-0.026777082091818366,-0.41485546718661986,0.02340449877665372,0.20194444444444445,0.1722098362321655,-0.029734608212278968,-0.06598885335090258,0.01133120907905198,-0.07981157230341339,0.03187887193186252
Shanghai,rain,signed_l1_seed2026,24,0.20833333333333334,0.041666666666666664,0.375,0.0,0.4583333333333333,0.006388888888888879,-0.023055555555555576,0.04333333333333333,-0.03302126736111112,0.06402777777777781,-0.20194444444444445,-0.3572291666666667,-0.06860763888888893,-0.4163546006944444,-0.025203993055556567,0.005005509903033574,-0.01061005041313668,0.020413486752659072,-0.017014617529154445,0.026503019225007515,-0.0013833789858553047,-0.03841281070373951,0.029830503201526064,-0.05832147585416937,0.03957638508971364,-0.20332782343029976,-0.3735402941393356,-0.052935941160346084,-0.4497986994955378,-0.003786764969118436,0.20194444444444445,0.20332782343029976,0.0013833789858553047,-0.02964308207999498,0.0384128107037395,-0.03957638508971365,0.05832147585416932
Shanghai,rain,signed_l1_seed42,24,0.20833333333333334,0.041666666666666664,0.375,0.0,0.4583333333333333,0.006388888888888879,-0.023055555555555576,0.04333333333333333,-0.03302126736111112,0.06402777777777781,-0.20194444444444445,-0.3572291666666667,-0.06860763888888893,-0.4163546006944444,-0.025203993055556567,0.05109878381093343,0.03973593025778731,0.06231161725396911,0.03561247128139561,0.06725981697672966,0.04470989492204455,0.0024685126990079986,0.08045304448985391,-0.017954125460547716,0.09283447623040725,-0.1572345495223999,-0.3283791253653665,-0.005460675340146129,-0.4100900954916142,0.04631495849074146,0.20194444444444445,0.1572345495223999,-0.04470989492204455,-0.07957225080786481,-0.0005471815938751076,-0.09205690292662218,0.03295605296005171
Shanghai,rain,signed_l1_seed7,24,0.20833333333333334,0.041666666666666664,0.375,0.0,0.4583333333333333,0.006388888888888879,-0.023055555555555576,0.04333333333333333,-0.03302126736111112,0.06402777777777781,-0.20194444444444445,-0.3572291666666667,-0.06860763888888893,-0.4163546006944444,-0.025203993055556567,0.05202829589446386,0.03384795210634669,0.0710058442937831,0.026148605820101995,0.07835369429085394,0.04563940700557498,0.004156643179141813,0.08069712874500289,-0.012790527048262055,0.09334796207367112,-0.15630503743886948,-0.3297291261143982,-0.008061777800321654,-0.407697715171768,0.04509155045961895,0.20194444444444445,0.15630503743886948,-0.04563940700557498,-0.07984697633940313,-0.0028829311633276084,-0.09237423529858807,0.03110127111488093
Shanghai,rain,soft_kl_seed2026,24,0.20833333333333334,0.041666666666666664,0.375,0.0,0.4583333333333333,0.006388888888888879,-0.023055555555555576,0.04333333333333333,-0.03302126736111112,0.06402777777777781,-0.20194444444444445,-0.3572291666666667,-0.06860763888888893,-0.4163546006944444,-0.025203993055556567,-0.005491123845179875,-0.021269014136244855,0.009636169485747813,-0.028524929989362135,0.015010640007676511,-0.011880012734068754,-0.05037406979521945,0.019582837075098537,-0.0708208645438879,0.02831014029531619,-0.2138244571785132,-0.38431845478868737,-0.06393164427330102,-0.46203299406430837,-0.012638918049439509,0.20194444444444445,0.2138244571785132,0.011880012734068746,-0.01957465709921805,0.05037406979521945,-0.02831014029531637,0.07082086454388727
Shanghai,rain,soft_kl_seed42,24,0.20833333333333334,0.041666666666666664,0.375,0.0,0.4583333333333333,0.006388888888888879,-0.023055555555555576,0.04333333333333333,-0.03302126736111112,0.06402777777777781,-0.20194444444444445,-0.3572291666666667,-0.06860763888888893,-0.4163546006944444,-0.025203993055556567,0.0487733893096447,0.03481069961562753,0.06373510841901103,0.02896497435091684,0.06976615720195677,0.04238450042075582,-0.002024227211458806,0.081086330174158,-0.023839694473426792,0.09497118557586023,-0.15955994402368864,-0.3324034689304729,-0.010294231089453714,-0.4137635090077917,0.04453289674129023,0.20194444444444445,0.15955994402368864,-0.04238450042075581,-0.0802154328202208,0.003639893754074969,-0.09382402381823501,0.03215999169927066
Shanghai,rain,soft_kl_seed7,24,0.20833333333333334,0.041666666666666664,0.375,0.0,0.4583333333333333,0.006388888888888879,-0.023055555555555576,0.04333333333333333,-0.03302126736111112,0.06402777777777781,-0.20194444444444445,-0.3572291666666667,-0.06860763888888893,-0.4163546006944444,-0.025203993055556567,0.04752392818530401,0.033022154572730264,0.06207019709981977,0.027189948078012095,0.06779273311258291,0.04113503929641513,0.0013840539093232715,0.07481778133391509,-0.01679394368276311,0.08529427991044285,-0.16080940514802933,-0.33224701232587295,-0.00868077410074592,-0.41073548671750665,0.03838399393716794,0.20194444444444445,0.16080940514802933,-0.04113503929641513,-0.07392347937801645,0.0004432754833251194,-0.08468817926663907,0.028899385988453527
Shanghai,rain,soft_kl_seedmean,24,0.20833333333333334,0.041666666666666664,0.375,0.0,0.4583333333333333,0.006388888888888879,-0.023055555555555576,0.04333333333333333,-0.03302126736111112,0.06402777777777781,-0.20194444444444445,-0.3572291666666667,-0.06860763888888893,-0.4163546006944444,-0.025203993055556567,0.030268731216589618,0.01981430786610066,0.04045719419243851,0.015261961367408126,0.04386942943706849,0.02387984232770074,-0.015351860467654996,0.05682807869929822,-0.035779226068678914,0.06668322795311298,-0.1780646021167437,-0.3476875242233897,-0.02508404800513208,-0.4272835920361103,0.024993522223666166,0.20194444444444445,0.1780646021167437,-0.023879842327700768,-0.05655482719021122,0.016002271836209624,-0.06635513191200638,0.03577922606867889
Shanghai,rain,ce_kl_seedmean,24,0.20833333333333334,0.041666666666666664,0.375,0.0,0.4583333333333333,0.006388888888888879,-0.023055555555555576,0.04333333333333333,-0.03302126736111112,0.06402777777777781,-0.20194444444444445,-0.3572291666666667,-0.06860763888888893,-0.4163546006944444,-0.025203993055556567,0.04378774912200042,0.029823680253078546,0.05692215266947946,0.023765170929740034,0.06155779027677552,0.03739886023311153,0.0028832753134063536,0.06707594577352415,-0.013296535993285934,0.07752182113559683,-0.16454558421133292,-0.33313459786457117,-0.01891779944223076,-0.41027102891886086,0.03229643134949905,0.20194444444444445,0.16454558421133292,-0.037398860233111536,-0.06646288304398251,-0.0014349030236610286,-0.07677195414648547,0.022308110439366285
Shanghai,rain,signed_l1_seedmean,24,0.20833333333333334,0.041666666666666664,0.375,0.0,0.4583333333333333,0.006388888888888879,-0.023055555555555576,0.04333333333333333,-0.03302126736111112,0.06402777777777781,-0.20194444444444445,-0.3572291666666667,-0.06860763888888893,-0.4163546006944444,-0.025203993055556567,0.03604419653614363,0.02569982496918077,0.04626547774403461,0.021492028839808594,0.0503599952751149,0.029655307647254752,-0.009070963586370134,0.061553264004281856,-0.02809122983001483,0.07148231957873537,-0.1722891367971897,-0.3414388438169327,-0.0198241762816911,-0.42161215161645993,0.030278609684642598,0.20194444444444445,0.1722891367971897,-0.02965530764725474,-0.06118348117648725,0.010377781125820343,-0.07103136761155396,0.030973508694389976
Shanghai,rain,direction_magnitude_seedmean,24,0.20833333333333334,0.041666666666666664,0.375,0.0,0.4583333333333333,0.006388888888888879,-0.023055555555555576,0.04333333333333333,-0.03302126736111112,0.06402777777777781,-0.20194444444444445,-0.3572291666666667,-0.06860763888888893,-0.4163546006944444,-0.025203993055556567,0.034574857395556234,0.023705801414325826,0.04543094254202311,0.018858349217205413,0.049530495093980144,0.028185968506667353,-0.009956934962628608,0.059310160584333874,-0.030208469950593998,0.06807101936095063,-0.17375847593777713,-0.3438747121176372,-0.02160549904219829,-0.4242499257968221,0.030655149759776353,0.20194444444444445,0.17375847593777713,-0.028185968506667325,-0.05908411699616249,0.011355459921268941,-0.06777419067862343,0.03143660233063718
Shanghai,delay,teacher,24,-0.08333333333333333,-0.20833333333333334,0.0,-0.25,0.0,-0.08166666666666668,-0.11402777777777774,-0.05444444444444448,-0.12902777777777777,-0.045589843750000136,0.0016666666666666635,-0.08486458333333331,0.1219479166666666,-0.10166666666666664,0.18010633680555502,-0.08166666666666668,-0.11402777777777774,-0.05444444444444448,-0.12902777777777777,-0.045589843750000136,0.0,0.0,0.0,0.0,0.0,0.0016666666666666635,-0.08486458333333331,0.1219479166666666,-0.10166666666666664,0.18010633680555502,0.0016666666666666635,0.0016666666666666635,0.0,0.0,0.0,0.0,0.0
Shanghai,delay,ce_kl_seed2026,24,-0.08333333333333333,-0.20833333333333334,0.0,-0.25,0.0,-0.08166666666666668,-0.11402777777777774,-0.05444444444444448,-0.12902777777777777,-0.045589843750000136,0.0016666666666666635,-0.08486458333333331,0.1219479166666666,-0.10166666666666664,0.18010633680555502,-0.27733362070284784,-0.31504842251694454,-0.23514652779170625,-0.32564235375126976,-0.2169403775829172,-0.19566695403618115,-0.2501149197952278,-0.1359588666368897,-0.26821547069509205,-0.11198830803123895,-0.1940002873695145,-0.2910038831401228,-0.0691862124726565,-0.3131518036214402,-0.010480363590007924,0.0016666666666666635,0.1940002873695145,0.19233362070284782,-0.04800624704782643,0.24038828258482836,-0.1562558496803604,0.2612998124635664
Shanghai,delay,ce_kl_seed42,24,-0.08333333333333333,-0.20833333333333334,0.0,-0.25,0.0,-0.08166666666666668,-0.11402777777777774,-0.05444444444444448,-0.12902777777777777,-0.045589843750000136,0.0016666666666666635,-0.08486458333333331,0.1219479166666666,-0.10166666666666664,0.18010633680555502,-0.12909890431910753,-0.1497707007220015,-0.10886939240929981,-0.15764397236537966,-0.1012258075992577,-0.04743223765244086,-0.07675389641926932,-0.015982713945416942,-0.08864154842206169,-0.0037850230400735085,-0.0457655709857742,-0.1335570734149466,0.07617960361142952,-0.1436262474230413,0.13085258059145374,0.0016666666666666635,0.0457655709857742,0.04409890431910753,-0.06381198663823306,0.07025452507132043,-0.0799058295303257,0.08213438061188849
Shanghai,delay,ce_kl_seed7,24,-0.08333333333333333,-0.20833333333333334,0.0,-0.25,0.0,-0.08166666666666668,-0.11402777777777774,-0.05444444444444448,-0.12902777777777777,-0.045589843750000136,0.0016666666666666635,-0.08486458333333331,0.1219479166666666,-0.10166666666666664,0.18010633680555502,-0.20169342185060182,-0.22326463592083504,-0.18016637477558106,-0.2320587478170637,-0.171191578054762,-0.12002675518393514,-0.16061669077020552,-0.07655668930233349,-0.17429882992382367,-0.05752035013291437,-0.1183600885172685,-0.20690232517663387,0.004195606778375758,-0.2182285707075304,0.06012438565182139,0.0016666666666666635,0.1183600885172685,0.11669342185060183,-0.10391146637261328,0.151658024256842,-0.13834631190370092,0.16679957787285066
Shanghai,delay,direction_magnitude_seed2026,24,-0.08333333333333333,-0.20833333333333334,0.0,-0.25,0.0,-0.08166666666666668,-0.11402777777777774,-0.05444444444444448,-0.12902777777777777,-0.045589843750000136,0.0016666666666666635,-0.08486458333333331,0.1219479166666666,-0.10166666666666664,0.18010633680555502,-0.21796999468157688,-0.2518978349786873,-0.1841517593556394,-0.2647340693055109,-0.16944538147072355,-0.1363033280149102,-0.18216926676997294,-0.08945478719431499,-0.19832757993894887,-0.07154483250249205,-0.13463666134824356,-0.22938587657796838,-0.010139864659868235,-0.24777039261631822,0.050576072356973034,0.0016666666666666635,0.13463666134824356,0.1329699946815769,-0.1023919237036672,0.1734242906232054,-0.14989472811283647,0.1917032175954146
Shanghai,delay,direction_magnitude_seed42,24,-0.08333333333333333,-0.20833333333333334,0.0,-0.25,0.0,-0.08166666666666668,-0.11402777777777774,-0.05444444444444448,-0.12902777777777777,-0.045589843750000136,0.0016666666666666635,-0.08486458333333331,0.1219479166666666,-0.10166666666666664,0.18010633680555502,-0.10345127868155639,-0.11702928710728884,-0.08932096906937659,-0.12221099994688604,-0.08423118686575136,-0.02178461201488971,-0.046987555614155185,0.007430051109236149,-0.055125518546931214,0.019658020940531623,-0.02011794534822305,-0.10675180149264633,0.1031910073322554,-0.11353652687006009,0.15339237229200045,0.0016666666666666635,0.02011794534822305,0.018451278681556386,-0.04027595746061869,0.04247498550141848,-0.05223217611814228,0.05081367079975691
Shanghai,delay,direction_magnitude_seed7,24,-0.08333333333333333,-0.20833333333333334,0.0,-0.25,0.0,-0.08166666666666668,-0.11402777777777774,-0.05444444444444448,-0.12902777777777777,-0.045589843750000136,0.0016666666666666635,-0.08486458333333331,0.1219479166666666,-0.10166666666666664,0.18010633680555502,-0.1935464603205522,-0.20822644823541245,-0.17881330424764502,-0.21421234121759578,-0.172765301069012,-0.1118797936538855,-0.14522729215408775,-0.07610053448648091,-0.15600843387336416,-0.06129086094436302,-0.11021312698721886,-0.19557103130500764,0.010458904628952331,-0.20393440089440748,0.06114238653778243,0.0016666666666666635,0.11021312698721886,0.1085464603205522,-0.10209161501553735,0.1389154951003276,-0.13381048290017575,0.15068609008934186
Shanghai,delay,mnl_s,24,-0.08333333333333333,-0.20833333333333334,0.0,-0.25,0.0,-0.08166666666666668,-0.11402777777777774,-0.05444444444444448,-0.12902777777777777,-0.045589843750000136,0.0016666666666666635,-0.08486458333333331,0.1219479166666666,-0.10166666666666664,0.18010633680555502,-0.0884936299638322,-0.11122234948542083,-0.06637390717222147,-0.12100780503721442,-0.0588097510080348,-0.006826963297165517,-0.03156254795308826,0.018994327936623586,-0.041079048196364015,0.028742751578077305,-0.005160296630498852,-0.09658882657381913,0.12146633790227866,-0.10860524425707581,0.18149061774231018,0.0016666666666666635,0.005160296630498852,0.0034936299638321884,-0.02318567482605964,0.028979272679453674,-0.03340929315011057,0.03823469091112834
Shanghai,delay,s9,24,-0.08333333333333333,-0.20833333333333334,0.0,-0.25,0.0,-0.08166666666666668,-0.11402777777777774,-0.05444444444444448,-0.12902777777777777,-0.045589843750000136,0.0016666666666666635,-0.08486458333333331,0.1219479166666666,-0.10166666666666664,0.18010633680555502,-0.3486858614875625,-0.4052429575802914,-0.2898297998006456,-0.42504605740517337,-0.26899625683290673,-0.26701919482089576,-0.34342522014713744,-0.1876965678209543,-0.369480801003652,-0.15422871438079275,-0.2653525281542291,-0.36578218552555575,-0.14161264468178464,-0.3928214135356635,-0.08309903300396436,0.0016666666666666635,0.2653525281542291,0.26368586148756246,0.03457411131456809,0.3213447726757731,-0.07516415883068754,0.3522554981972465
Shanghai,delay,signed_l1_seed2026,24,-0.08333333333333333,-0.20833333333333334,0.0,-0.25,0.0,-0.08166666666666668,-0.11402777777777774,-0.05444444444444448,-0.12902777777777777,-0.045589843750000136,0.0016666666666666635,-0.08486458333333331,0.1219479166666666,-0.10166666666666664,0.18010633680555502,-0.21147465954224268,-0.24066398326928418,-0.18200447564013303,-0.25205027010330616,-0.16887729435208412,-0.129807992875576,-0.17164613450458274,-0.08589006829530826,-0.18654499365859534,-0.06800544991315129,-0.12814132620890936,-0.22052878373845788,-0.004163182976966157,-0.2373699984663593,0.05599620729820598,0.0016666666666666635,0.12814132620890936,0.12647465954224268,-0.10425362996239627,0.16454073844224007,-0.14436919626474587,0.18139651076698057
Shanghai,delay,signed_l1_seed42,24,-0.08333333333333333,-0.20833333333333334,0.0,-0.25,0.0,-0.08166666666666668,-0.11402777777777774,-0.05444444444444448,-0.12902777777777777,-0.045589843750000136,0.0016666666666666635,-0.08486458333333331,0.1219479166666666,-0.10166666666666664,0.18010633680555502,-0.10305190520981948,-0.11912234444171191,-0.08762064147740603,-0.12534211802800807,-0.08264848536928188,-0.0213852385431528,-0.04873129827963806,0.010121343989753053,-0.05725894892720194,0.023487172779161417,-0.01971857187648614,-0.10866569426531593,0.1059104272630065,-0.11751102536994343,0.16105365182738518,0.0016666666666666635,0.01971857187648614,0.018051905209819478,-0.04037431077659129,0.04479050627578462,-0.054291565138769,0.053496113880614975
Shanghai,delay,signed_l1_seed7,24,-0.08333333333333333,-0.20833333333333334,0.0,-0.25,0.0,-0.08166666666666668,-0.11402777777777774,-0.05444444444444448,-0.12902777777777777,-0.045589843750000136,0.0016666666666666635,-0.08486458333333331,0.1219479166666666,-0.10166666666666664,0.18010633680555502,-0.20901278840998808,-0.22462649044270316,-0.19369174670428038,-0.23096468311656887,-0.18888425816354967,-0.1273461217433214,-0.1626642348933965,-0.0892391011348615,-0.1745397703961935,-0.07116035005897818,-0.12567945507665476,-0.21266535655595364,-0.0037213096550355517,-0.22105264102768463,0.0477220977501308,0.0016666666666666635,0.12567945507665476,0.1240127884099881,-0.10823592346037422,0.15658769892549346,-0.1393777390853243,0.16928858475627684
Shanghai,delay,soft_kl_seed2026,24,-0.08333333333333333,-0.20833333333333334,0.0,-0.25,0.0,-0.08166666666666668,-0.11402777777777774,-0.05444444444444448,-0.12902777777777777,-0.045589843750000136,0.0016666666666666635,-0.08486458333333331,0.1219479166666666,-0.10166666666666664,0.18010633680555502,-0.270555085890616,-0.3080234818393364,-0.2313750423413391,-0.32027209804315737,-0.21475229222051,-0.18888841922394928,-0.23980661428323943,-0.13422357457902076,-0.25824989970004797,-0.11101576986005736,-0.18722175255728266,-0.2852996756012241,-0.059037638764129964,-0.30650927859096555,0.003961920412497158,0.0016666666666666635,0.18722175255728266,0.18555508589061598,-0.05714258347614665,0.23209523296053522,-0.1568892336323042,0.2525367303229567
Shanghai,delay,soft_kl_seed42,24,-0.08333333333333333,-0.20833333333333334,0.0,-0.25,0.0,-0.08166666666666668,-0.11402777777777774,-0.05444444444444448,-0.12902777777777777,-0.045589843750000136,0.0016666666666666635,-0.08486458333333331,0.1219479166666666,-0.10166666666666664,0.18010633680555502,-0.09343625977635384,-0.10935771438914041,-0.07809667742500703,-0.11512264746124856,-0.07232638128722711,-0.011769593109687164,-0.03795436265650722,0.017964585121100142,-0.04641065593506208,0.02999486290945463,-0.010102926443020502,-0.09751814344587426,0.11392925096054869,-0.10644341983327953,0.16718777093337758,0.0016666666666666635,0.010102926443020502,0.008436259776353839,-0.031257863422441814,0.03343080755136906,-0.043704229006388526,0.04231465652709198
Shanghai,delay,soft_kl_seed7,24,-0.08333333333333333,-0.20833333333333334,0.0,-0.25,0.0,-0.08166666666666668,-0.11402777777777774,-0.05444444444444448,-0.12902777777777777,-0.045589843750000136,0.0016666666666666635,-0.08486458333333331,0.1219479166666666,-0.10166666666666664,0.18010633680555502,-0.20687543507665396,-0.22571049062535165,-0.18846117133895557,-0.23355511068560492,-0.18199685209547184,-0.12520876840998726,-0.1639007242162608,-0.08406064490497946,-0.17893472314462996,-0.06428745332133914,-0.12354210174332063,-0.20996401448113222,-0.002725981711409989,-0.22020041090048229,0.050160631552957906,0.0016666666666666635,0.12354210174332063,0.12187543507665397,-0.10805650499980483,0.15596817660507642,-0.13988107684497825,0.17109657797591185
Shanghai,delay,soft_kl_seedmean,24,-0.08333333333333333,-0.20833333333333334,0.0,-0.25,0.0,-0.08166666666666668,-0.11402777777777774,-0.05444444444444448,-0.12902777777777777,-0.045589843750000136,0.0016666666666666635,-0.08486458333333331,0.1219479166666666,-0.10166666666666664,0.18010633680555502,-0.19028892691454127,-0.20377952289806367,-0.17625167613991333,-0.20878195106318648,-0.16999845190754664,-0.10862226024787458,-0.14222298787557522,-0.0719288859783103,-0.15346048033767792,-0.05567572985234826,-0.10695559358120794,-0.19315845469763088,0.015243258407442907,-0.20131221055910117,0.06850960134316657,0.0016666666666666635,0.10695559358120794,0.10528892691454128,-0.09783071262565336,0.13553390057333228,-0.13157190575181607,0.14939527287719978
Shanghai,delay,ce_kl_seedmean,24,-0.08333333333333333,-0.20833333333333334,0.0,-0.25,0.0,-0.08166666666666668,-0.11402777777777774,-0.05444444444444448,-0.12902777777777777,-0.045589843750000136,0.0016666666666666635,-0.08486458333333331,0.1219479166666666,-0.10166666666666664,0.18010633680555502,-0.20270864895751908,-0.2202467037077036,-0.18394628307432867,-0.22667100826769862,-0.17631375224882503,-0.12104198229085239,-0.1584117380642694,-0.08097589575833022,-0.17146496772021697,-0.06431355154452241,-0.11937531562418573,-0.20625373547502224,0.001640309054184598,-0.21631855230678207,0.05934495132387307,0.0016666666666666635,0.11937531562418573,0.11770864895751906,-0.10713707595925205,0.1499155465268995,-0.14037385529878763,0.16606702654357952
Shanghai,delay,signed_l1_seedmean,24,-0.08333333333333333,-0.20833333333333334,0.0,-0.25,0.0,-0.08166666666666668,-0.11402777777777774,-0.05444444444444448,-0.12902777777777777,-0.045589843750000136,0.0016666666666666635,-0.08486458333333331,0.1219479166666666,-0.10166666666666664,0.18010633680555502,-0.17451311772068342,-0.1855435201898217,-0.16385033970000223,-0.18961907665959896,-0.15949497145985442,-0.09284645105401673,-0.12314246896374968,-0.05900241282421888,-0.13341773069834256,-0.043990121740071796,-0.09117978438735008,-0.176392467914977,0.031490547343208976,-0.18322499798329467,0.0823225800423326,0.0016666666666666635,0.09117978438735008,0.08951311772068342,-0.09180589740687146,0.11755731075805505,-0.11442690287993494,0.12955815416644967
Shanghai,delay,direction_magnitude_seedmean,24,-0.08333333333333333,-0.20833333333333334,0.0,-0.25,0.0,-0.08166666666666668,-0.11402777777777774,-0.05444444444444448,-0.12902777777777777,-0.045589843750000136,0.0016666666666666635,-0.08486458333333331,0.1219479166666666,-0.10166666666666664,0.18010633680555502,-0.17165591122789517,-0.1836829703145971,-0.15976339027078618,-0.18806960403841608,-0.15438299506171874,-0.08998924456122848,-0.11979775724487586,-0.05728301162593477,-0.12976442563307425,-0.0430767643526585,-0.08832257789456183,-0.17313323883701945,0.033024185109469584,-0.18037724763400748,0.08439782678582906,0.0016666666666666635,0.08832257789456183,0.08665591122789516,-0.09185853522477877,0.11372066453564912,-0.11255155558604744,0.12553589172348278
Shanghai,rain_delay_interaction,teacher,24,-0.041666666666666664,-0.16666666666666666,0.08333333333333333,-0.25,0.125,0.011388888888888907,-0.015142361111111155,0.038055555555555516,-0.02916666666666667,0.04958333333333333,0.05305555555555558,-0.0851388888888888,0.1984756944444444,-0.13892664930555548,0.2612209201388876,0.011388888888888907,-0.015142361111111155,0.038055555555555516,-0.02916666666666667,0.04958333333333333,0.0,0.0,0.0,0.0,0.0,0.05305555555555558,-0.0851388888888888,0.1984756944444444,-0.13892664930555548,0.2612209201388876,0.05305555555555558,0.05305555555555558,0.0,0.0,0.0,0.0,0.0
Shanghai,rain_delay_interaction,ce_kl_seed2026,24,-0.041666666666666664,-0.16666666666666666,0.08333333333333333,-0.25,0.125,0.011388888888888907,-0.015142361111111155,0.038055555555555516,-0.02916666666666667,0.04958333333333333,0.05305555555555558,-0.0851388888888888,0.1984756944444444,-0.13892664930555548,0.2612209201388876,0.0012580443096036713,-0.009454743048991077,0.013237453287001698,-0.01345093756802574,0.0184032008184051,-0.010130844579285236,-0.03415017091967944,0.01901118034987138,-0.04216092342281547,0.032974725766472826,0.04292471097627034,-0.08765358516927033,0.1802420450442391,-0.1361235417469288,0.24958117913229216,0.05305555555555558,0.04292471097627034,-0.010130844579285238,-0.03287065140816339,0.02616686771886375,-0.04035598390572547,0.03670329036896358
Shanghai,rain_delay_interaction,ce_kl_seed42,24,-0.041666666666666664,-0.16666666666666666,0.08333333333333333,-0.25,0.125,0.011388888888888907,-0.015142361111111155,0.038055555555555516,-0.02916666666666667,0.04958333333333333,0.05305555555555558,-0.0851388888888888,0.1984756944444444,-0.13892664930555548,0.2612209201388876,0.018662468219796818,0.005440519439677398,0.03216592282988131,0.00021624149521812816,0.03697231953847216,0.00727357933090791,-0.02714303827575517,0.04019523804634807,-0.042321453721650554,0.05347142760758253,0.060329134886463485,-0.06837242666321496,0.1978743215401967,-0.11253609435322384,0.2713780492000902,0.05305555555555558,0.060329134886463485,0.0072735793309079075,-0.0329721188172698,0.03628444395855897,-0.04627667862197585,0.050568028014774065
Shanghai,rain_delay_interaction,ce_kl_seed7,24,-0.041666666666666664,-0.16666666666666666,0.08333333333333333,-0.25,0.125,0.011388888888888907,-0.015142361111111155,0.038055555555555516,-0.02916666666666667,0.04958333333333333,0.05305555555555558,-0.0851388888888888,0.1984756944444444,-0.13892664930555548,0.2612209201388876,0.04641274642199278,0.026446807112855217,0.06427228059619665,0.01773207121586893,0.07003179334084654,0.035023857533103865,-0.0019452816493188624,0.06743371786684209,-0.018628057524781746,0.07916564012515459,0.08807941308865945,-0.04371401324557761,0.22770507876606025,-0.0894876837322954,0.2961964919755701,0.05305555555555558,0.08807941308865945,0.03502385753310387,-0.04717318599464164,0.06331102482188077,-0.06679543447671712,0.07586360809236707
Shanghai,rain_delay_interaction,direction_magnitude_seed2026,24,-0.041666666666666664,-0.16666666666666666,0.08333333333333333,-0.25,0.125,0.011388888888888907,-0.015142361111111155,0.038055555555555516,-0.02916666666666667,0.04958333333333333,0.05305555555555558,-0.0851388888888888,0.1984756944444444,-0.13892664930555548,0.2612209201388876,0.004782965561995904,-0.008569371281191706,0.018326106516178695,-0.013673332162822287,0.024158181781725224,-0.006605923326893003,-0.0341242441591393,0.022639162632688455,-0.04418067758360287,0.037572000731636405,0.04644963222866257,-0.08393198328170305,0.18159780349815255,-0.13027295588641816,0.2493190828162672,0.05305555555555558,0.04644963222866257,-0.006605923326893005,-0.03291518552549599,0.024941844629848216,-0.043241386855001764,0.03744785863547184
Shanghai,rain_delay_interaction,direction_magnitude_seed42,24,-0.041666666666666664,-0.16666666666666666,0.08333333333333333,-0.25,0.125,0.011388888888888907,-0.015142361111111155,0.038055555555555516,-0.02916666666666667,0.04958333333333333,0.05305555555555558,-0.0851388888888888,0.1984756944444444,-0.13892664930555548,0.2612209201388876,0.013983383774757385,0.0054679876503845055,0.02248590731372436,0.00195568249716113,0.02503691171295939,0.002594494885868478,-0.026040909166137407,0.0333636958176891,-0.03573319305608878,0.04729120447036488,0.05565005044142405,-0.06938580128674705,0.1883511110208928,-0.11127068571125467,0.262222042621579,0.05305555555555558,0.05565005044142405,0.0025944948858684716,-0.028914755431728233,0.02890459064145878,-0.03962919228285966,0.04331016276730214
Shanghai,rain_delay_interaction,direction_magnitude_seed7,24,-0.041666666666666664,-0.16666666666666666,0.08333333333333333,-0.25,0.125,0.011388888888888907,-0.015142361111111155,0.038055555555555516,-0.02916666666666667,0.04958333333333333,0.05305555555555558,-0.0851388888888888,0.1984756944444444,-0.13892664930555548,0.2612209201388876,0.013439060499270758,0.0022990447469055657,0.024561590445227918,-0.0025337518571177495,0.029493919848270354,0.0020501716103818505,-0.02701297045147256,0.031532754376116745,-0.03756649303925224,0.046347056691120804,0.055105727165937424,-0.07328817814122884,0.18980404953472316,-0.11734411841219601,0.2598021167117014,0.05305555555555558,0.055105727165937424,0.0020501716103818457,-0.028569553981328218,0.028849280278198376,-0.03903449090195098,0.04282316559845472
Shanghai,rain_delay_interaction,mnl_s,24,-0.041666666666666664,-0.16666666666666666,0.08333333333333333,-0.25,0.125,0.011388888888888907,-0.015142361111111155,0.038055555555555516,-0.02916666666666667,0.04958333333333333,0.05305555555555558,-0.0851388888888888,0.1984756944444444,-0.13892664930555548,0.2612209201388876,0.017728000030954868,0.007822927672919385,0.027517276066265268,0.0037510651618683564,0.03147930645217716,0.006339111142065962,-0.019251037525331718,0.03156159594478255,-0.02888818682947524,0.04232415038080965,0.059394666697621536,-0.06655028504647717,0.18976972422900695,-0.11251340486209928,0.26160729263015997,0.05305555555555558,0.059394666697621536,0.006339111142065958,-0.025048487906517175,0.027386580405780323,-0.03559404534657067,0.038525670491423615
Shanghai,rain_delay_interaction,s9,24,-0.041666666666666664,-0.16666666666666666,0.08333333333333333,-0.25,0.125,0.011388888888888907,-0.015142361111111155,0.038055555555555516,-0.02916666666666667,0.04958333333333333,0.05305555555555558,-0.0851388888888888,0.1984756944444444,-0.13892664930555548,0.2612209201388876,0.1088258425394694,0.07302335695518801,0.1456437123803577,0.05988625861549129,0.16261849888226906,0.09743695365058049,0.05147426862264462,0.14459938518423582,0.0332265494739436,0.16209855128845055,0.15049250920613608,0.02145213212934323,0.28776295511634087,-0.02526813665729908,0.3472226957256981,0.05305555555555558,0.15049250920613608,0.0974369536505805,-0.05389313586190755,0.13713218900532867,-0.1214678716480169,0.15435710354428728
Shanghai,rain_delay_interaction,signed_l1_seed2026,24,-0.041666666666666664,-0.16666666666666666,0.08333333333333333,-0.25,0.125,0.011388888888888907,-0.015142361111111155,0.038055555555555516,-0.02916666666666667,0.04958333333333333,0.05305555555555558,-0.0851388888888888,0.1984756944444444,-0.13892664930555548,0.2612209201388876,0.009665838908404112,-0.0031295374035835264,0.02234031788539141,-0.008358196029924632,0.027601687375863538,-0.0017230499804847955,-0.029392622922547202,0.028881946785530688,-0.03905780104228891,0.04266805926698076,0.051332505575070776,-0.07870511768075328,0.18677228513018532,-0.1272897901741089,0.253404588002013,0.05305555555555558,0.051332505575070776,-0.0017230499804848018,-0.029385237100120257,0.02691235324414444,-0.03910996045167041,0.03952480060289619
Shanghai,rain_delay_interaction,signed_l1_seed42,24,-0.041666666666666664,-0.16666666666666666,0.08333333333333333,-0.25,0.125,0.011388888888888907,-0.015142361111111155,0.038055555555555516,-0.02916666666666667,0.04958333333333333,0.05305555555555558,-0.0851388888888888,0.1984756944444444,-0.13892664930555548,0.2612209201388876,0.007462446267406146,-0.001771530834957957,0.016346003642926613,-0.005617344682104885,0.019232249921575805,-0.0039264426214827616,-0.032679102461578124,0.0259108475566738,-0.04408206375540857,0.03904193988879602,0.049129112934072815,-0.0754275553394109,0.1798053491860628,-0.118248578539351,0.254061621025903,0.05305555555555558,0.049129112934072815,-0.003926442621482763,-0.0326281535608901,0.024055442953896188,-0.04408206375540857,0.0360304282698519
Shanghai,rain_delay_interaction,signed_l1_seed7,24,-0.041666666666666664,-0.16666666666666666,0.08333333333333333,-0.25,0.125,0.011388888888888907,-0.015142361111111155,0.038055555555555516,-0.02916666666666667,0.04958333333333333,0.05305555555555558,-0.0851388888888888,0.1984756944444444,-0.13892664930555548,0.2612209201388876,0.023331581925352413,0.01091748019680381,0.037153006026831754,0.00676050602827066,0.04331593096915923,0.011942693036463508,-0.01947855850702361,0.043825275771940675,-0.03160260720536786,0.05917514793066425,0.06499824859201908,-0.06485780460449556,0.2017179964110254,-0.11020012359076645,0.26901230789759806,0.05305555555555558,0.06499824859201908,0.011942693036463503,-0.032865315937333626,0.039929521051028496,-0.04718420055790594,0.05399421397949715
Shanghai,rain_delay_interaction,soft_kl_seed2026,24,-0.041666666666666664,-0.16666666666666666,0.08333333333333333,-0.25,0.125,0.011388888888888907,-0.015142361111111155,0.038055555555555516,-0.02916666666666667,0.04958333333333333,0.05305555555555558,-0.0851388888888888,0.1984756944444444,-0.13892664930555548,0.2612209201388876,0.0059722543228417635,-0.008001751080155372,0.020121265356040866,-0.013140083170098174,0.024959193130780415,-0.005416634566047143,-0.0321158847905075,0.025120571366692372,-0.04131993987512482,0.04037103304824749,0.04763892098950843,-0.08406015034027708,0.18507314849023973,-0.13245348499937487,0.25238883543958457,0.05305555555555558,0.04763892098950843,-0.00541663456604715,-0.031176553509094675,0.02586186072501972,-0.040233630838458,0.03766619165057382
Shanghai,rain_delay_interaction,soft_kl_seed42,24,-0.041666666666666664,-0.16666666666666666,0.08333333333333333,-0.25,0.125,0.011388888888888907,-0.015142361111111155,0.038055555555555516,-0.02916666666666667,0.04958333333333333,0.05305555555555558,-0.0851388888888888,0.1984756944444444,-0.13892664930555548,0.2612209201388876,-0.0016484192262093227,-0.010966188212235769,0.007248860814919071,-0.014424530525381367,0.010364170731433356,-0.013037308115098229,-0.042820095169461496,0.01783051135142642,-0.05430767741582046,0.0314093915166125,0.040018247440457344,-0.08563542248060306,0.17218266869895155,-0.1287238176795654,0.24624115344680209,0.05305555555555558,0.040018247440457344,-0.013037308115098234,-0.04068484794203604,0.02747924535349013,-0.05246367131039089,0.04055099817383511
Shanghai,rain_delay_interaction,soft_kl_seed7,24,-0.041666666666666664,-0.16666666666666666,0.08333333333333333,-0.25,0.125,0.011388888888888907,-0.015142361111111155,0.038055555555555516,-0.02916666666666667,0.04958333333333333,0.05305555555555558,-0.0851388888888888,0.1984756944444444,-0.13892664930555548,0.2612209201388876,0.0095404131958882,-0.00039367671124637086,0.020366665876160067,-0.004309421524521895,0.024523018084194815,-0.0018484756930007052,-0.03066827064514573,0.028170487983669574,-0.04261761457826167,0.04278303388387159,0.05120707986255487,-0.07714794957234214,0.18555357790707291,-0.1225294592489566,0.25666978183532263,0.05305555555555558,0.05120707986255487,-0.0018484756930007076,-0.030194365439729608,0.0263446843656194,-0.04184234785538221,0.03879981983839795
Shanghai,rain_delay_interaction,soft_kl_seedmean,24,-0.041666666666666664,-0.16666666666666666,0.08333333333333333,-0.25,0.125,0.011388888888888907,-0.015142361111111155,0.038055555555555516,-0.02916666666666667,0.04958333333333333,0.05305555555555558,-0.0851388888888888,0.1984756944444444,-0.13892664930555548,0.2612209201388876,0.004621416097506867,-0.003081975269338328,0.012292571680154643,-0.006299980597557618,0.015011682702687578,-0.006767472791382041,-0.03431333724864658,0.02248904745764512,-0.04499659724576248,0.03690372611390836,0.04628808276417353,-0.08048476397331496,0.1765734452508493,-0.12477362399060644,0.25107991687715786,0.05305555555555558,0.04628808276417353,-0.006767472791382047,-0.03320479413890282,0.02430996832468856,-0.04339645651661948,0.03649098388981966
Shanghai,rain_delay_interaction,ce_kl_seedmean,24,-0.041666666666666664,-0.16666666666666666,0.08333333333333333,-0.25,0.125,0.011388888888888907,-0.015142361111111155,0.038055555555555516,-0.02916666666666667,0.04958333333333333,0.05305555555555558,-0.0851388888888888,0.1984756944444444,-0.13892664930555548,0.2612209201388876,0.022111086317131084,0.013578379536758986,0.03024016173892756,0.009572183948047385,0.03321384457469522,0.010722197428242179,-0.019055574415290398,0.04001086670534117,-0.03125063038622062,0.05365312651109863,0.06377775298379774,-0.06411639255885448,0.1947660609164611,-0.10662917908662672,0.27015737486257807,0.05305555555555558,0.06377775298379774,0.010722197428242167,-0.029774811497876457,0.036422867423725434,-0.042402276606049935,0.04993461283653658
Shanghai,rain_delay_interaction,signed_l1_seedmean,24,-0.041666666666666664,-0.16666666666666666,0.08333333333333333,-0.25,0.125,0.011388888888888907,-0.015142361111111155,0.038055555555555516,-0.02916666666666667,0.04958333333333333,0.05305555555555558,-0.0851388888888888,0.1984756944444444,-0.13892664930555548,0.2612209201388876,0.01348662236705421,0.005429473639621076,0.021783723927930813,0.0022300878554233168,0.02463488188562522,0.0020977334781653017,-0.025903901890385942,0.03152267616387039,-0.03636945553759064,0.04544214524081645,0.05515328903372088,-0.07136793473166313,0.1851599746978738,-0.11461994323957093,0.2582159212832466,0.05305555555555558,0.05515328903372088,0.0020977334781653034,-0.02823378745983878,0.028049803503737307,-0.03923452530984327,0.04227470585840308
Shanghai,rain_delay_interaction,direction_magnitude_seedmean,24,-0.041666666666666664,-0.16666666666666666,0.08333333333333333,-0.25,0.125,0.011388888888888907,-0.015142361111111155,0.038055555555555516,-0.02916666666666667,0.04958333333333333,0.05305555555555558,-0.0851388888888888,0.1984756944444444,-0.13892664930555548,0.2612209201388876,0.010735136612008025,0.002552260931891708,0.01885124455956331,-0.0004662259501249841,0.02174172975986342,-0.0006537522768808816,-0.02779016039147979,0.028555231217864064,-0.03814399822313702,0.0427318228898089,0.0524018032786747,-0.07415789170966791,0.1826018490531067,-0.11774251569683353,0.2565643443976618,0.05305555555555558,0.0524018032786747,-0.0006537522768808798,-0.028150508838550498,0.025813221638246123,-0.03844710641438401,0.03865446293854611
Shanghai,fare,teacher,24,0.0,-0.125,0.125,-0.16666666666666666,0.16666666666666666,0.0002777777777777668,-0.0061111111111111375,0.0076388888888889025,-0.00847222222222223,0.011388888888888879,0.0002777777777777657,-0.12486111111111113,0.12236111111111109,-0.16847222222222222,0.16652777777777777,0.0002777777777777668,-0.0061111111111111375,0.0076388888888889025,-0.00847222222222223,0.011388888888888879,0.0,0.0,0.0,0.0,0.0,0.0002777777777777657,-0.12486111111111113,0.12236111111111109,-0.16847222222222222,0.16652777777777777,0.0002777777777777657,0.0002777777777777657,0.0,0.0,0.0,0.0,0.0
Shanghai,fare,ce_kl_seed2026,24,0.0,-0.125,0.125,-0.16666666666666666,0.16666666666666666,0.0002777777777777668,-0.0061111111111111375,0.0076388888888889025,-0.00847222222222223,0.011388888888888879,0.0002777777777777657,-0.12486111111111113,0.12236111111111109,-0.16847222222222222,0.16652777777777777,0.009121415981402,0.0027547570139480134,0.01572294752889623,0.0004522947133712781,0.01869859758686893,0.008843638203624233,-0.0008675450735414884,0.017873074766455468,-0.004621296688015328,0.02156554313451571,0.009121415981402,-0.11273533383306737,0.12994588571988666,-0.15506350085537027,0.17344772583698306,0.0002777777777777657,0.009121415981402,0.008843638203624235,-0.016680292367676493,0.014823518629030606,-0.021073113604364677,0.018492940290688622
Shanghai,fare,ce_kl_seed42,24,0.0,-0.125,0.125,-0.16666666666666666,0.16666666666666666,0.0002777777777777668,-0.0061111111111111375,0.0076388888888889025,-0.00847222222222223,0.011388888888888879,0.0002777777777777657,-0.12486111111111113,0.12236111111111109,-0.16847222222222222,0.16652777777777777,-0.005633257329463959,-0.017522859340533613,0.005288168229162691,-0.02286993446953905,0.008467520565803447,-0.005911035107241725,-0.018503273272059022,0.005898991365192663,-0.023941147180481084,0.009723190120291983,-0.005633257329463959,-0.12819033556928236,0.11784982588142157,-0.17293882423158113,0.16444605130430612,0.0002777777777777657,0.005633257329463959,0.005355479551686193,-0.014924286161652828,0.01596145200108492,-0.021204615414660007,0.021871893482696445
Shanghai,fare,ce_kl_seed7,24,0.0,-0.125,0.125,-0.16666666666666666,0.16666666666666666,0.0002777777777777668,-0.0061111111111111375,0.0076388888888889025,-0.00847222222222223,0.011388888888888879,0.0002777777777777657,-0.12486111111111113,0.12236111111111109,-0.16847222222222222,0.16652777777777777,0.004034151633580525,-0.005971566711862882,0.015261192480102171,-0.009251883604641383,0.019842756791816313,0.003756373855802759,-0.010065663585853264,0.01819203038658533,-0.014224161416395644,0.02442370886534141,0.004034151633580525,-0.12598065440542996,0.1356479056800405,-0.17151444860695242,0.18263641530647864,0.0002777777777777657,0.004034151633580525,0.0037563738558027597,-0.009636160086219528,0.017668153691622963,-0.01473729689481357,0.02442370886534142
Shanghai,fare,direction_magnitude_seed2026,24,0.0,-0.125,0.125,-0.16666666666666666,0.16666666666666666,0.0002777777777777668,-0.0061111111111111375,0.0076388888888889025,-0.00847222222222223,0.011388888888888879,0.0002777777777777657,-0.12486111111111113,0.12236111111111109,-0.16847222222222222,0.16652777777777777,-0.009540748161574205,-0.016962534406532843,-0.0024725977564230566,-0.02025394286320079,0.0002617424480073603,-0.009818525939351971,-0.021141249140724537,0.00061450629143254,-0.025804551046742636,0.004130654438372914,-0.009540748161574205,-0.13061817194490383,0.10939410395609836,-0.17416083332209384,0.15151882072677833,0.0002777777777777657,0.009540748161574205,0.00926297038379644,-0.01924777465996645,0.016387911183345656,-0.02468797392447273,0.021972760249006816
Shanghai,fare,direction_magnitude_seed42,24,0.0,-0.125,0.125,-0.16666666666666666,0.16666666666666666,0.0002777777777777668,-0.0061111111111111375,0.0076388888888889025,-0.00847222222222223,0.011388888888888879,0.0002777777777777657,-0.12486111111111113,0.12236111111111109,-0.16847222222222222,0.16652777777777777,-0.009309332817792892,-0.018647433755298457,-0.0004578369669616239,-0.023225183850930385,0.002460942025451585,-0.00958711059557066,-0.021569954036424543,0.0009745954457256834,-0.026400069835957964,0.004142207967065685,-0.009309332817792892,-0.13359956576799353,0.11506400316332772,-0.1787758015173798,0.16041986816174653,0.0002777777777777657,0.009309332817792892,0.009031555040015127,-0.017294108038975096,0.019098698705434763,-0.02418219693548355,0.024003203315453338
Shanghai,fare,direction_magnitude_seed7,24,0.0,-0.125,0.125,-0.16666666666666666,0.16666666666666666,0.0002777777777777668,-0.0061111111111111375,0.0076388888888889025,-0.00847222222222223,0.011388888888888879,0.0002777777777777657,-0.12486111111111113,0.12236111111111109,-0.16847222222222222,0.16652777777777777,-0.00024280697107315063,-0.011274036951363087,0.010920979920774697,-0.01536323675730576,0.015447355814588493,-0.0005205847488509175,-0.014595150688042239,0.013789531832353923,-0.01977669435460121,0.01960587652405306,-0.00024280697107315063,-0.1272778929211199,0.1275400358873109,-0.17302246987819672,0.17476321015662202,0.0002777777777777657,0.00024280697107315063,-3.4970806704615054e-05,-0.010272922989808848,0.015028709841685152,-0.016063202132936567,0.020656683679152705
Shanghai,fare,mnl_s,24,0.0,-0.125,0.125,-0.16666666666666666,0.16666666666666666,0.0002777777777777668,-0.0061111111111111375,0.0076388888888889025,-0.00847222222222223,0.011388888888888879,0.0002777777777777657,-0.12486111111111113,0.12236111111111109,-0.16847222222222222,0.16652777777777777,-0.004367471307045407,-0.006925542897190934,-0.0020872507681938685,-0.008050916585031818,-0.0013227890032622702,-0.004645249084823173,-0.013215847087016926,0.002402786861761304,-0.017460618159688444,0.0045731893099412195,-0.00436747130704541,-0.12865269888768835,0.11921559967756394,-0.1710072989050486,0.16139143982900783,0.0002777777777777657,0.00436747130704541,0.004089693529267645,-0.010271248553839702,0.01106931084708184,-0.014724920490365242,0.015491531566925633
Shanghai,fare,s9,24,0.0,-0.125,0.125,-0.16666666666666666,0.16666666666666666,0.0002777777777777668,-0.0061111111111111375,0.0076388888888889025,-0.00847222222222223,0.011388888888888879,0.0002777777777777657,-0.12486111111111113,0.12236111111111109,-0.16847222222222222,0.16652777777777777,0.01844677918901046,0.009749749504650634,0.028060623235069214,0.0066331055490688115,0.031381023780947245,0.018169001411232694,0.007629674975553365,0.028674483918067487,0.0033669223540928124,0.03245523310382849,0.01844677918901046,-0.1028185183259969,0.13935185954129942,-0.14588135456821572,0.18326118640737452,0.0002777777777777657,0.01844677918901046,0.018169001411232694,-0.02722138649390802,0.02563756296431854,-0.03197217297156911,0.02968261042697769
Shanghai,fare,signed_l1_seed2026,24,0.0,-0.125,0.125,-0.16666666666666666,0.16666666666666666,0.0002777777777777668,-0.0061111111111111375,0.0076388888888889025,-0.00847222222222223,0.011388888888888879,0.0002777777777777657,-0.12486111111111113,0.12236111111111109,-0.16847222222222222,0.16652777777777777,-0.007170398409167926,-0.013084960527097187,-0.0012399730893472845,-0.015377653964484731,0.0010775091320586643,-0.007448176186945692,-0.017613534808365826,0.0014319922158287852,-0.02241385290373323,0.004245567053582309,-0.007170398409167926,-0.12926266410698492,0.11347704121532537,-0.17158680064991738,0.15576035289365486,0.0002777777777777657,0.007170398409167926,0.00689262063139016,-0.015561368018802637,0.013743148334945244,-0.020884998116435297,0.018884483129613886
Shanghai,fare,signed_l1_seed42,24,0.0,-0.125,0.125,-0.16666666666666666,0.16666666666666666,0.0002777777777777668,-0.0061111111111111375,0.0076388888888889025,-0.00847222222222223,0.011388888888888879,0.0002777777777777657,-0.12486111111111113,0.12236111111111109,-0.16847222222222222,0.16652777777777777,-0.0049918244282404585,-0.012616106836746136,0.0020449950359761712,-0.016429756896104663,0.00434997322736306,-0.005269602206018225,-0.015683314607789108,0.004207738633784982,-0.019824064611871202,0.007865254618382618,-0.0049918244282404585,-0.12993076241885623,0.1204683246091008,-0.1750930624587151,0.16557657088463495,0.0002777777777777657,0.0049918244282404585,0.004714046650462693,-0.011391089575986044,0.013859651171084893,-0.017021531303051,0.01823071397970323
Shanghai,fare,signed_l1_seed7,24,0.0,-0.125,0.125,-0.16666666666666666,0.16666666666666666,0.0002777777777777668,-0.0061111111111111375,0.0076388888888889025,-0.00847222222222223,0.011388888888888879,0.0002777777777777657,-0.12486111111111113,0.12236111111111109,-0.16847222222222222,0.16652777777777777,-0.00020915642380714417,-0.014498755459984143,0.01442009303718805,-0.019877757558909557,0.020282199097952414,-0.000486934201584911,-0.01768743148901394,0.0171281469013128,-0.024214184531062437,0.024869066683575365,-0.00020915642380714417,-0.12775821670268972,0.12995062082385017,-0.17508057840556526,0.17928910129703565,0.0002777777777777657,0.00020915642380714417,-6.862135397062152e-05,-0.012331073383490265,0.01861444151898224,-0.019399420778525817,0.025401328701008436
Shanghai,fare,soft_kl_seed2026,24,0.0,-0.125,0.125,-0.16666666666666666,0.16666666666666666,0.0002777777777777668,-0.0061111111111111375,0.0076388888888889025,-0.00847222222222223,0.011388888888888879,0.0002777777777777657,-0.12486111111111113,0.12236111111111109,-0.16847222222222222,0.16652777777777777,-0.01073363609611988,-0.01787186050011466,-0.0033716662554070477,-0.020480196560189748,-0.00041824367071967853,-0.011011413873897646,-0.022757669193256225,-0.00017012744324488996,-0.027857452763826587,0.003943619093353243,-0.01073363609611988,-0.13239618617420396,0.1095818636395658,-0.1753586651243192,0.1520760627259733,0.0002777777777777657,0.01073363609611988,0.010455858318342115,-0.020528917719299617,0.01839452998060733,-0.026217665313898277,0.02448093178046917
Shanghai,fare,soft_kl_seed42,24,0.0,-0.125,0.125,-0.16666666666666666,0.16666666666666666,0.0002777777777777668,-0.0061111111111111375,0.0076388888888889025,-0.00847222222222223,0.011388888888888879,0.0002777777777777657,-0.12486111111111113,0.12236111111111109,-0.16847222222222222,0.16652777777777777,0.0008224025368690491,-0.0071010927048822245,0.00816398806249102,-0.010328859851385156,0.010735277963491767,0.0005446247590912822,-0.008586946877340481,0.008920506709979641,-0.012628246680885125,0.012003387243486872,0.0008224025368690491,-0.12423332836478948,0.12493124011283117,-0.1700373904624333,0.16942621077178044,0.0002777777777777657,0.0008224025368690491,0.0005446247590912834,-0.0075572129376232314,0.008899811043921443,-0.011499200772390588,0.012089289875131904
Shanghai,fare,soft_kl_seed7,24,0.0,-0.125,0.125,-0.16666666666666666,0.16666666666666666,0.0002777777777777668,-0.0061111111111111375,0.0076388888888889025,-0.00847222222222223,0.011388888888888879,0.0002777777777777657,-0.12486111111111113,0.12236111111111109,-0.16847222222222222,0.16652777777777777,0.015483922635515531,0.0028086450416594743,0.02912157167059679,-0.0016098698833957312,0.03496467364796741,0.015206144857737766,-0.0005637941735071981,0.031734899922791444,-0.006443977237420361,0.03932072978055402,0.015483922635515531,-0.1129721190004299,0.14779233479251463,-0.15901890509606648,0.19549263550822274,0.0002777777777777657,0.015483922635515531,0.015206144857737766,-0.023272099626354053,0.030924564316661865,-0.02982778957925943,0.03892597969528278
Shanghai,fare,soft_kl_seedmean,24,0.0,-0.125,0.125,-0.16666666666666666,0.16666666666666666,0.0002777777777777668,-0.0061111111111111375,0.0076388888888889025,-0.00847222222222223,0.011388888888888879,0.0002777777777777657,-0.12486111111111113,0.12236111111111109,-0.16847222222222222,0.16652777777777777,0.0018575630254215765,-0.002619391035599008,0.006601185605136891,-0.004183239911152543,0.008350378029151926,0.0015797852476438095,-0.007978834665173441,0.010201620344486528,-0.011727645372933082,0.013595762529824355,0.0018575630254215787,-0.12303799668896113,0.12763393919190597,-0.1656416688728819,0.1714654992295739,0.0002777777777777657,0.0018575630254215787,0.001579785247643813,-0.007816293828292872,0.0098233998059813,-0.011267770649283223,0.01341772587268817
Shanghai,fare,ce_kl_seedmean,24,0.0,-0.125,0.125,-0.16666666666666666,0.16666666666666666,0.0002777777777777668,-0.0061111111111111375,0.0076388888888889025,-0.00847222222222223,0.011388888888888879,0.0002777777777777657,-0.12486111111111113,0.12236111111111109,-0.16847222222222222,0.16652777777777777,0.002507436761839533,-0.0031485603837710105,0.007867709196741804,-0.005460235887827958,0.009730960695338173,0.0022296589840617663,-0.0070321280010457845,0.010770572177031021,-0.010415127934978518,0.014315351827606862,0.0025074367618395377,-0.12234306389388319,0.1279917452005773,-0.16556317221515604,0.17244111046667157,0.0002777777777777657,0.0025074367618395377,0.002229658984061772,-0.00839632658355147,0.00984885274339469,-0.01157315398362054,0.013916349779833801
Shanghai,fare,signed_l1_seedmean,24,0.0,-0.125,0.125,-0.16666666666666666,0.16666666666666666,0.0002777777777777668,-0.0061111111111111375,0.0076388888888889025,-0.00847222222222223,0.011388888888888879,0.0002777777777777657,-0.12486111111111113,0.12236111111111109,-0.16847222222222222,0.16652777777777777,-0.004123793087071846,-0.008817029987565356,0.0006721372405687899,-0.010741995269846582,0.0025180564889321798,-0.0044015708648496125,-0.01410094194610913,0.0044646076961523925,-0.017854170830635743,0.007686959407473351,-0.0041237930870718364,-0.12889619330979055,0.12177422729631261,-0.17161973453023366,0.16518599470986778,0.0002777777777777657,0.0041237930870718364,0.0038460153092940708,-0.01015760628175405,0.012280430407780691,-0.015030330462950377,0.016555756237383704
Shanghai,fare,direction_magnitude_seedmean,24,0.0,-0.125,0.125,-0.16666666666666666,0.16666666666666666,0.0002777777777777668,-0.0061111111111111375,0.0076388888888889025,-0.00847222222222223,0.011388888888888879,0.0002777777777777657,-0.12486111111111113,0.12236111111111109,-0.16847222222222222,0.16652777777777777,-0.006364295983480091,-0.010930627230037421,-0.001967509484125525,-0.012679619061075056,-0.0003556021408359552,-0.006642073761257857,-0.01621349729225041,0.0017080530369033228,-0.020109193420464484,0.004571701696452984,-0.006364295983480085,-0.13034826459932247,0.11785869005964035,-0.1730839970091539,0.16055396414594722,0.0002777777777777657,0.006364295983480085,0.00608651820570232,-0.01296834783173269,0.013832863704922305,-0.018010145499965997,0.018567712818337058
Shanghai,parking,teacher,24,-0.08333333333333333,-0.20833333333333334,0.0,-0.25,0.0,-0.013055555555555556,-0.03069444444444445,-0.0008333333333333318,-0.0413203125,0.0008333333333333295,0.07027777777777777,-0.018336805555555565,0.19681249999999992,-0.03010460069444445,0.24590538194444383,-0.013055555555555556,-0.03069444444444445,-0.0008333333333333318,-0.0413203125,0.0008333333333333295,0.0,0.0,0.0,0.0,0.0,0.07027777777777777,-0.018336805555555565,0.19681249999999992,-0.03010460069444445,0.24590538194444383,0.07027777777777777,0.07027777777777777,0.0,0.0,0.0,0.0,0.0
Shanghai,parking,ce_kl_seed2026,24,-0.08333333333333333,-0.20833333333333334,0.0,-0.25,0.0,-0.013055555555555556,-0.03069444444444445,-0.0008333333333333318,-0.0413203125,0.0008333333333333295,0.07027777777777777,-0.018336805555555565,0.19681249999999992,-0.03010460069444445,0.24590538194444383,-0.030384543041388195,-0.05319807634999355,-0.010543527702490488,-0.06232595182955265,-0.0053505077958106995,-0.01732898748583264,-0.036515374547905384,-0.001534426642788779,-0.045173472782803904,0.0025498866361254474,0.05294879029194514,-0.02699265132347743,0.16489782265077035,-0.03936614075209945,0.20931416410021475,0.07027777777777777,0.05294879029194514,-0.017328987485832635,-0.03650038426038291,0.012095136344432824,-0.04517347278280389,0.019831321728415698
Shanghai,parking,ce_kl_seed42,24,-0.08333333333333333,-0.20833333333333334,0.0,-0.25,0.0,-0.013055555555555556,-0.03069444444444445,-0.0008333333333333318,-0.0413203125,0.0008333333333333295,0.07027777777777777,-0.018336805555555565,0.19681249999999992,-0.03010460069444445,0.24590538194444383,-0.05033613368868828,-0.09162005488760769,-0.014907241488496462,-0.10974878445267677,-0.0062054071051538175,-0.03728057813313272,-0.07426351660448643,-0.006817884782122277,-0.09110572774105496,0.0008478613638623359,0.03299719964464506,-0.047581946539382136,0.13493597423657747,-0.06908866606536321,0.17727166028732103,0.07027777777777777,0.03299719964464506,-0.037280578133132715,-0.07351899018718136,0.0318098419985423,-0.0899797309896805,0.04829179451697401
Shanghai,parking,ce_kl_seed7,24,-0.08333333333333333,-0.20833333333333334,0.0,-0.25,0.0,-0.013055555555555556,-0.03069444444444445,-0.0008333333333333318,-0.0413203125,0.0008333333333333295,0.07027777777777777,-0.018336805555555565,0.19681249999999992,-0.03010460069444445,0.24590538194444383,-0.07633775100111961,-0.13580896253697575,-0.024168857062856357,-0.1629678123126117,-0.009680581401337715,-0.06328219544556406,-0.11684149568258888,-0.016379274866647194,-0.14032775363132047,-0.0025695208211739865,0.006995582332213719,-0.07568441407444576,0.1001663719148684,-0.1032053709088359,0.140424625544498,0.07027777777777777,0.006995582332213719,-0.06328219544556406,-0.11286956736134983,0.05851970077450903,-0.1370128556758217,0.08298732165855137
Shanghai,parking,direction_magnitude_seed2026,24,-0.08333333333333333,-0.20833333333333334,0.0,-0.25,0.0,-0.013055555555555556,-0.03069444444444445,-0.0008333333333333318,-0.0413203125,0.0008333333333333295,0.07027777777777777,-0.018336805555555565,0.19681249999999992,-0.03010460069444445,0.24590538194444383,-0.041933946311473846,-0.0738412438891828,-0.01398268518969421,-0.08657986363007997,-0.006934400647878647,-0.02887839075591829,-0.05578156503041586,-0.006665476643376879,-0.0680386224857842,0.0,0.04139938702185949,-0.03565135101477305,0.1457569139699141,-0.050057005381677296,0.18962175798757502,0.07027777777777777,0.04139938702185949,-0.028878390755918283,-0.05563454097012676,0.02005183354020118,-0.0680386224857842,0.030407430148786958
Shanghai,parking,direction_magnitude_seed42,24,-0.08333333333333333,-0.20833333333333334,0.0,-0.25,0.0,-0.013055555555555556,-0.03069444444444445,-0.0008333333333333318,-0.0413203125,0.0008333333333333295,0.07027777777777777,-0.018336805555555565,0.19681249999999992,-0.03010460069444445,0.24590538194444383,-0.0379830872019132,-0.06734375270704429,-0.012253868610908623,-0.0807022073189728,-0.004729534188906352,-0.02492753164635764,-0.051448119895325765,-0.0034033865895536203,-0.06282426837417815,0.0025217728813489277,0.045350246131420135,-0.03289774249618252,0.15137126175686716,-0.04864924005620802,0.19587396542774418,0.07027777777777777,0.045350246131420135,-0.024927531646357637,-0.05136544679643379,0.01842400233778686,-0.06282426837417812,0.028283251363577077
Shanghai,parking,direction_magnitude_seed7,24,-0.08333333333333333,-0.20833333333333334,0.0,-0.25,0.0,-0.013055555555555556,-0.03069444444444445,-0.0008333333333333318,-0.0413203125,0.0008333333333333295,0.07027777777777777,-0.018336805555555565,0.19681249999999992,-0.03010460069444445,0.24590538194444383,-0.042170035342375435,-0.07395364691813787,-0.014105364680290222,-0.08761648058813686,-0.006178310761849086,-0.029114479786819882,-0.05531421030809483,-0.006161231365468772,-0.06571098920138967,0.0,0.041163297990957894,-0.04055725103244186,0.14971797789136568,-0.05689028838338951,0.1977623865978474,0.07027777777777777,0.041163297990957894,-0.02911447978681988,-0.05498147106832927,0.02555434589584668,-0.06566895197606128,0.03884383754577049
Shanghai,parking,mnl_s,24,-0.08333333333333333,-0.20833333333333334,0.0,-0.25,0.0,-0.013055555555555556,-0.03069444444444445,-0.0008333333333333318,-0.0413203125,0.0008333333333333295,0.07027777777777777,-0.018336805555555565,0.19681249999999992,-0.03010460069444445,0.24590538194444383,-0.08145634560335004,-0.1422456429656206,-0.027286108429882962,-0.16676940331661072,-0.01399300965479285,-0.06840079004779447,-0.12237557964236613,-0.0221076402018153,-0.1443135932224293,-0.008720853327825387,0.001876987729983302,-0.08183117749737412,0.09694756888755142,-0.11184408262582252,0.1368823122239667,0.07027777777777777,0.001876987729983302,-0.06840079004779447,-0.11732301450902378,0.06481816569634927,-0.14117285820929687,0.09128738012794944
Shanghai,parking,s9,24,-0.08333333333333333,-0.20833333333333334,0.0,-0.25,0.0,-0.013055555555555556,-0.03069444444444445,-0.0008333333333333318,-0.0413203125,0.0008333333333333295,0.07027777777777777,-0.018336805555555565,0.19681249999999992,-0.03010460069444445,0.24590538194444383,-0.057674505126972996,-0.10626850603148341,-0.016177862882614136,-0.1276071621037166,-0.007097581401467323,-0.04461894957141743,-0.08890158139872881,-0.008650771946542797,-0.11026659240078232,-0.0025058059394359594,0.02565882820636034,-0.05792375819291919,0.1303303164274742,-0.080622031740495,0.17677904810407175,0.07027777777777777,0.02565882820636034,-0.04461894957141743,-0.08753986038422831,0.0417627241793606,-0.10998530674924965,0.05991508476386969
Shanghai,parking,signed_l1_seed2026,24,-0.08333333333333333,-0.20833333333333334,0.0,-0.25,0.0,-0.013055555555555556,-0.03069444444444445,-0.0008333333333333318,-0.0413203125,0.0008333333333333295,0.07027777777777777,-0.018336805555555565,0.19681249999999992,-0.03010460069444445,0.24590538194444383,-0.04503712058067322,-0.07957508799930413,-0.015123933553695679,-0.09355024963539714,-0.006445925682783127,-0.03198156502511766,-0.06105506582392586,-0.008242878797981473,-0.07489468417161456,-0.0003044313192367559,0.03829621275266012,-0.03705513887107372,0.139351689380904,-0.05197278782725334,0.18132199004370028,0.07027777777777777,0.03829621275266012,-0.031981565025117654,-0.06105506582392582,0.02166835650801658,-0.07489468417161453,0.030553209947215172
Shanghai,parking,signed_l1_seed42,24,-0.08333333333333333,-0.20833333333333334,0.0,-0.25,0.0,-0.013055555555555556,-0.03069444444444445,-0.0008333333333333318,-0.0413203125,0.0008333333333333295,0.07027777777777777,-0.018336805555555565,0.19681249999999992,-0.03010460069444445,0.24590538194444383,-0.04978069414695104,-0.08683849362035592,-0.01644358163078626,-0.10340188050565,-0.007298405480105728,-0.036725138591395486,-0.06894113567140367,-0.009470333539777331,-0.0821018373489173,0.0,0.033552639186382294,-0.046637595941623054,0.136800674193849,-0.06432985656817133,0.18209748485436014,0.07027777777777777,0.033552639186382294,-0.03672513859139548,-0.06835351889746054,0.031167290774898358,-0.08210183734891725,0.0447633229826266
Shanghai,parking,signed_l1_seed7,24,-0.08333333333333333,-0.20833333333333334,0.0,-0.25,0.0,-0.013055555555555556,-0.03069444444444445,-0.0008333333333333318,-0.0413203125,0.0008333333333333295,0.07027777777777777,-0.018336805555555565,0.19681249999999992,-0.03010460069444445,0.24590538194444383,-0.05340899961690108,-0.09311208457996448,-0.017631409068902332,-0.10968234874502135,-0.00802482602496942,-0.04035344406134552,-0.07369736566477353,-0.010445728095041386,-0.08762645576105245,-0.0010496520499388383,0.029924333716432255,-0.05174440828462442,0.13366310419514757,-0.07115242784105552,0.18158029386928914,0.07027777777777777,0.029924333716432255,-0.040353444061345514,-0.0731485800043576,0.036867875274684686,-0.08755850010059978,0.051851878966618296
Shanghai,parking,soft_kl_seed2026,24,-0.08333333333333333,-0.20833333333333334,0.0,-0.25,0.0,-0.013055555555555556,-0.03069444444444445,-0.0008333333333333318,-0.0413203125,0.0008333333333333295,0.07027777777777777,-0.018336805555555565,0.19681249999999992,-0.03010460069444445,0.24590538194444383,-0.028533417731523514,-0.04943609762315949,-0.009645495563745499,-0.05909887185165037,-0.004167608916759491,-0.015477862175967957,-0.0337421651619176,-0.0006564956737889182,-0.041977581409530514,0.0035214090512858515,0.05479991560180982,-0.026079139361778896,0.1680442454914252,-0.036461834217576934,0.21207542641010735,0.07027777777777777,0.05479991560180982,-0.01547786217596795,-0.0337421651619176,0.010891760900202673,-0.041977581409530486,0.01784212688646371
Shanghai,parking,soft_kl_seed42,24,-0.08333333333333333,-0.20833333333333334,0.0,-0.25,0.0,-0.013055555555555556,-0.03069444444444445,-0.0008333333333333318,-0.0413203125,0.0008333333333333295,0.07027777777777777,-0.018336805555555565,0.19681249999999992,-0.03010460069444445,0.24590538194444383,-0.039627280086278915,-0.07017047603925068,-0.01302154486378034,-0.0832424912097243,-0.004420929898818334,-0.02657172453072336,-0.05340052717758551,-0.0038432626591788388,-0.06502728212210868,0.002203282912572225,0.04370605324705442,-0.033332626024881996,0.14755587528149286,-0.04722647120555242,0.19000924396871866,0.07027777777777777,0.04370605324705442,-0.026571724530723352,-0.05340052717758549,0.01818138326207796,-0.06502728212210865,0.02750771793795505
Shanghai,parking,soft_kl_seed7,24,-0.08333333333333333,-0.20833333333333334,0.0,-0.25,0.0,-0.013055555555555556,-0.03069444444444445,-0.0008333333333333318,-0.0413203125,0.0008333333333333295,0.07027777777777777,-0.018336805555555565,0.19681249999999992,-0.03010460069444445,0.24590538194444383,-0.03695372057457765,-0.06450770678929985,-0.01213961032529672,-0.07628517818132725,-0.006416936715443929,-0.023898165019022092,-0.045114838955303056,-0.005288872155878278,-0.05390174930961802,0.0,0.046379612758755684,-0.036373293648163475,0.15821046630541483,-0.050977744049547864,0.20571482577167138,0.07027777777777777,0.046379612758755684,-0.02389816501902209,-0.04503268828656936,0.02101463171343008,-0.05382321340042269,0.031167730489409254
Shanghai,parking,soft_kl_seedmean,24,-0.08333333333333333,-0.20833333333333334,0.0,-0.25,0.0,-0.013055555555555556,-0.03069444444444445,-0.0008333333333333318,-0.0413203125,0.0008333333333333295,0.07027777777777777,-0.018336805555555565,0.19681249999999992,-0.03010460069444445,0.24590538194444383,-0.03503813946412669,-0.060657093441113835,-0.011466100811958313,-0.07117583097553708,-0.004831302911043167,-0.021982583908571135,-0.04344779038967357,-0.003693345255321926,-0.052089666446308705,0.001704400561801591,0.048295193869206644,-0.031600668612453676,0.15812883960704008,-0.04436485896132784,0.20321464657511837,0.07027777777777777,0.048295193869206644,-0.021982583908571128,-0.04340643053998547,0.016308407025204728,-0.052089666446308656,0.02436107732355594
Shanghai,parking,ce_kl_seedmean,24,-0.08333333333333333,-0.20833333333333334,0.0,-0.25,0.0,-0.013055555555555556,-0.03069444444444445,-0.0008333333333333318,-0.0413203125,0.0008333333333333295,0.07027777777777777,-0.018336805555555565,0.19681249999999992,-0.03010460069444445,0.24590538194444383,-0.052352809243732035,-0.09252685822753444,-0.016885967718230355,-0.11062217854842957,-0.007096906898854743,-0.03929725368817647,-0.07448751218616963,-0.008604205805394382,-0.08948185966722667,0.0,0.030980524089601297,-0.04870090925962563,0.1320420598818196,-0.07010172733248005,0.17642771067201257,0.07027777777777777,0.030980524089601297,-0.03929725368817648,-0.07388680954691437,0.033050286271919777,-0.08935136114084163,0.04804820837579748
Shanghai,parking,signed_l1_seedmean,24,-0.08333333333333333,-0.20833333333333334,0.0,-0.25,0.0,-0.013055555555555556,-0.03069444444444445,-0.0008333333333333318,-0.0413203125,0.0008333333333333295,0.07027777777777777,-0.018336805555555565,0.19681249999999992,-0.03010460069444445,0.24590538194444383,-0.04940893811484178,-0.08590457710023557,-0.016330971486038633,-0.10130995563554786,-0.007645607824411511,-0.036353382559286225,-0.06731709330860113,-0.009245743975043297,-0.08039738550875337,-0.0002495482729540921,0.033924395218491554,-0.04521231249802643,0.1368993512458271,-0.062474007612844516,0.18169274953025774,0.07027777777777777,0.033924395218491554,-0.03635338255928622,-0.06698083958195318,0.030337086634503456,-0.08039738550875337,0.04242111381947879
Shanghai,parking,direction_magnitude_seedmean,24,-0.08333333333333333,-0.20833333333333334,0.0,-0.25,0.0,-0.013055555555555556,-0.03069444444444445,-0.0008333333333333318,-0.0413203125,0.0008333333333333295,0.07027777777777777,-0.018336805555555565,0.19681249999999992,-0.03010460069444445,0.24590538194444383,-0.040695689618587494,-0.07100894194510249,-0.01367157200972239,-0.0835806466716652,-0.006186129566696299,-0.027640134063031938,-0.053186195426517056,-0.0054610241452852926,-0.06403885616305183,5.219611856674873e-06,0.04263764371474584,-0.03666844384537802,0.14895406199826136,-0.05106860161888308,0.19232547716496293,0.07027777777777777,0.04263764371474584,-0.02764013406303193,-0.05311389434461788,0.02112250511844952,-0.06403885616305179,0.031616905411549975
Shanghai,road,teacher,24,-0.125,-0.25,0.0,-0.3333333333333333,0.0,-0.08722222222222224,-0.16027777777777777,-0.025274305555555612,-0.19173697916666668,-0.005833333333333335,0.03777777777777777,-0.06180555555555556,0.15125,-0.10333333333333333,0.20135807291666574,-0.08722222222222224,-0.16027777777777777,-0.025274305555555612,-0.19173697916666668,-0.005833333333333335,0.0,0.0,0.0,0.0,0.0,0.03777777777777777,-0.06180555555555556,0.15125,-0.10333333333333333,0.20135807291666574,0.03777777777777777,0.03777777777777777,0.0,0.0,0.0,0.0,0.0
Shanghai,road,ce_kl_seed2026,24,-0.125,-0.25,0.0,-0.3333333333333333,0.0,-0.08722222222222224,-0.16027777777777777,-0.025274305555555612,-0.19173697916666668,-0.005833333333333335,0.03777777777777777,-0.06180555555555556,0.15125,-0.10333333333333333,0.20135807291666574,-0.0950134073694547,-0.17317809391145905,-0.02859414865573247,-0.2062287232178884,-0.009380719628344084,-0.007791185147232478,-0.027790084580580392,0.009700270709064276,-0.03791963996158706,0.016690676436242006,0.0299865926305453,-0.07303556179006894,0.14145582914352417,-0.11500215406219165,0.19248159468794857,0.03777777777777777,0.0299865926305453,-0.007791185147232472,-0.023956949286990693,0.022097057220008633,-0.03293676529405638,0.035149464520160004
Shanghai,road,ce_kl_seed42,24,-0.125,-0.25,0.0,-0.3333333333333333,0.0,-0.08722222222222224,-0.16027777777777777,-0.025274305555555612,-0.19173697916666668,-0.005833333333333335,0.03777777777777777,-0.06180555555555556,0.15125,-0.10333333333333333,0.20135807291666574,-0.08199290248254935,-0.14743857875776786,-0.027165197146435578,-0.173833457796718,-0.010297701066400343,0.005229319739672875,-0.012732760049402705,0.021100518285400337,-0.021923499392966422,0.027169853788528826,0.04300709751745065,-0.060083829782282314,0.16040965351276093,-0.09752245775113504,0.21367861408022373,0.03777777777777777,0.04300709751745065,0.005229319739672882,-0.013836517302422885,0.021101118301248393,-0.020947503199179967,0.027311887012587674
Shanghai,road,ce_kl_seed7,24,-0.125,-0.25,0.0,-0.3333333333333333,0.0,-0.08722222222222224,-0.16027777777777777,-0.025274305555555612,-0.19173697916666668,-0.005833333333333335,0.03777777777777777,-0.06180555555555556,0.15125,-0.10333333333333333,0.20135807291666574,-0.11945310700684786,-0.2129922225528086,-0.037670716953774296,-0.2542263488537477,-0.013184153973517736,-0.03223088478462563,-0.07558264196457136,-0.0037507094442844357,-0.09911797309924279,0.0,0.005546892993152142,-0.10915686845158537,0.12024461384862661,-0.15435223825528133,0.1699856967248092,0.03777777777777777,0.005546892993152142,-0.03223088478462563,-0.05851319160726336,0.06228841048955087,-0.07674552470867313,0.08774918937421809
Shanghai,road,direction_magnitude_seed2026,24,-0.125,-0.25,0.0,-0.3333333333333333,0.0,-0.08722222222222224,-0.16027777777777777,-0.025274305555555612,-0.19173697916666668,-0.005833333333333335,0.03777777777777777,-0.06180555555555556,0.15125,-0.10333333333333333,0.20135807291666574,-0.09077228046953678,-0.1596516055210183,-0.029594906295339268,-0.18955065312135652,-0.011265049669117563,-0.0035500582473145573,-0.023978663360079127,0.011943744255436787,-0.03429040279557617,0.016632936237483378,0.03422771953046322,-0.0627692931642135,0.14332454713682333,-0.09881009409825008,0.19222267537261348,0.03777777777777777,0.03422771953046322,-0.0035500582473145526,-0.021575051685174297,0.014233089996087873,-0.030628858127294926,0.02755128018079412
Shanghai,road,direction_magnitude_seed42,24,-0.125,-0.25,0.0,-0.3333333333333333,0.0,-0.08722222222222224,-0.16027777777777777,-0.025274305555555612,-0.19173697916666668,-0.005833333333333335,0.03777777777777777,-0.06180555555555556,0.15125,-0.10333333333333333,0.20135807291666574,-0.06533461436629295,-0.11765137581775585,-0.021591806163390476,-0.13999387717728193,-0.00741964489765042,0.021887607855929272,-0.0013170461356639812,0.04846254571982555,-0.008449510395992534,0.059408286666756245,0.059665385633707047,-0.039497325817743935,0.17940759534637132,-0.0748022881646951,0.2384789251528357,0.03777777777777777,0.059665385633707047,0.021887607855929275,-0.031131722395204835,0.0464239870313969,-0.044715098953909335,0.058045219827857236
Shanghai,road,direction_magnitude_seed7,24,-0.125,-0.25,0.0,-0.3333333333333333,0.0,-0.08722222222222224,-0.16027777777777777,-0.025274305555555612,-0.19173697916666668,-0.005833333333333335,0.03777777777777777,-0.06180555555555556,0.15125,-0.10333333333333333,0.20135807291666574,-0.08738361143817504,-0.15458582589247574,-0.027962419018149456,-0.18465824141749182,-0.010732418954532,-0.00016138921595281833,-0.0340017806738615,0.024923960118657995,-0.050696149526370894,0.03203090214874176,0.037616388561824955,-0.06749882225412875,0.15517888311296701,-0.1055645439773798,0.21219191219036745,0.03777777777777777,0.037616388561824955,-0.00016138921595281602,-0.026371037807522556,0.0280024771935617,-0.04034814046074946,0.04570195794105529
Shanghai,road,mnl_s,24,-0.125,-0.25,0.0,-0.3333333333333333,0.0,-0.08722222222222224,-0.16027777777777777,-0.025274305555555612,-0.19173697916666668,-0.005833333333333335,0.03777777777777777,-0.06180555555555556,0.15125,-0.10333333333333333,0.20135807291666574,-0.08187736206488212,-0.142505969182444,-0.028818837466646846,-0.169290275507203,-0.012661514090686396,0.0053448601573401035,-0.02753816520767635,0.037085540437839855,-0.041396696126104755,0.04834831000383005,0.043122637935117884,-0.06205176140727766,0.1631650284633795,-0.0962018302529938,0.22258871819393156,0.03777777777777777,0.043122637935117884,0.005344860157340113,-0.026052721086462956,0.0362597564561744,-0.03884297129530706,0.04747954701334317
Shanghai,road,s9,24,-0.125,-0.25,0.0,-0.3333333333333333,0.0,-0.08722222222222224,-0.16027777777777777,-0.025274305555555612,-0.19173697916666668,-0.005833333333333335,0.03777777777777777,-0.06180555555555556,0.15125,-0.10333333333333333,0.20135807291666574,-0.10261040677626927,-0.18999868490112323,-0.028726193433006603,-0.22644377722754142,-0.008134660621484121,-0.015388184554047052,-0.03739002003437941,0.002013482418325215,-0.0466432158438644,0.007366017462970149,0.022389593223730724,-0.07666637562215328,0.13312113503925493,-0.11606456591980531,0.1834154849037676,0.03777777777777777,0.022389593223730724,-0.015388184554047047,-0.03527472536162369,0.026217066074411065,-0.045431304007665124,0.03710675453363602
Shanghai,road,signed_l1_seed2026,24,-0.125,-0.25,0.0,-0.3333333333333333,0.0,-0.08722222222222224,-0.16027777777777777,-0.025274305555555612,-0.19173697916666668,-0.005833333333333335,0.03777777777777777,-0.06180555555555556,0.15125,-0.10333333333333333,0.20135807291666574,-0.09859510666380326,-0.17247978919961798,-0.03255093035598596,-0.20483284702446933,-0.012942049355480687,-0.011372884441581035,-0.034051998797804114,0.003465611512462293,-0.04466999576323561,0.005564681050134794,0.02640489333619674,-0.07128650930244475,0.13442902334500087,-0.10936339634160201,0.1811579206259921,0.03777777777777777,0.02640489333619674,-0.011372884441581032,-0.03053134562509753,0.023090954565546565,-0.0422338534142408,0.03767394848757717
Shanghai,road,signed_l1_seed42,24,-0.125,-0.25,0.0,-0.3333333333333333,0.0,-0.08722222222222224,-0.16027777777777777,-0.025274305555555612,-0.19173697916666668,-0.005833333333333335,0.03777777777777777,-0.06180555555555556,0.15125,-0.10333333333333333,0.20135807291666574,-0.06721163354814053,-0.1178396878608813,-0.02277516449491183,-0.13961498975598566,-0.009016223641812966,0.0200105886740817,-0.006730421152379773,0.04971587742927173,-0.017186079248785967,0.06203638429740518,0.057788366451859474,-0.04184872036178907,0.1770715541671961,-0.07492899398008983,0.23427192050924797,0.03777777777777777,0.057788366451859474,0.020010588674081703,-0.03092958618369367,0.0473940395563841,-0.04749042322238285,0.06013390397549465
Shanghai,road,signed_l1_seed7,24,-0.125,-0.25,0.0,-0.3333333333333333,0.0,-0.08722222222222224,-0.16027777777777777,-0.025274305555555612,-0.19173697916666668,-0.005833333333333335,0.03777777777777777,-0.06180555555555556,0.15125,-0.10333333333333333,0.20135807291666574,-0.09467280314614375,-0.166221644061928,-0.030919047072529793,-0.19890888989320957,-0.012232941198943137,-0.0074505809239215305,-0.04325076068854994,0.016867185984427734,-0.05963927725641729,0.02244752267445428,0.030327196853856247,-0.07538419589400291,0.14495612591660265,-0.11287731544774336,0.19946733753313253,0.03777777777777777,0.030327196853856247,-0.007450580923921524,-0.03436093341962745,0.030007573546220814,-0.04931977322945991,0.05164799991325043
Shanghai,road,soft_kl_seed2026,24,-0.125,-0.25,0.0,-0.3333333333333333,0.0,-0.08722222222222224,-0.16027777777777777,-0.025274305555555612,-0.19173697916666668,-0.005833333333333335,0.03777777777777777,-0.06180555555555556,0.15125,-0.10333333333333333,0.20135807291666574,-0.10042767909665902,-0.17539703161455691,-0.03409035069247087,-0.20796169200912118,-0.013174982809385402,-0.0132054568744368,-0.03635888438050946,0.002641157259543732,-0.04772235576570448,0.004861105185804037,0.024572320903340977,-0.07188299768604338,0.12966165379621086,-0.11005795933306217,0.17690129283000713,0.03777777777777777,0.024572320903340977,-0.013205456874436795,-0.03347867728107505,0.023919771361268223,-0.04574056610677183,0.03880562633689883
Shanghai,road,soft_kl_seed42,24,-0.125,-0.25,0.0,-0.3333333333333333,0.0,-0.08722222222222224,-0.16027777777777777,-0.025274305555555612,-0.19173697916666668,-0.005833333333333335,0.03777777777777777,-0.06180555555555556,0.15125,-0.10333333333333333,0.20135807291666574,-0.0717011255522569,-0.12604504556705556,-0.02371609831849734,-0.14967046014110869,-0.009268315794181867,0.015521096669965323,-0.009460066447241436,0.0423497533332556,-0.01983782561288939,0.05294675528946219,0.053298874447743096,-0.04440478918453058,0.16969772117833296,-0.0779081458846728,0.22554911591966312,0.03777777777777777,0.053298874447743096,0.015521096669965324,-0.027891420670888473,0.039262218210225325,-0.04290827057094105,0.050497626752437186
Shanghai,road,soft_kl_seed7,24,-0.125,-0.25,0.0,-0.3333333333333333,0.0,-0.08722222222222224,-0.16027777777777777,-0.025274305555555612,-0.19173697916666668,-0.005833333333333335,0.03777777777777777,-0.06180555555555556,0.15125,-0.10333333333333333,0.20135807291666574,-0.09783842352529366,-0.1713069917013248,-0.03192078384260336,-0.20575357665269015,-0.013030133862052515,-0.010616201303071443,-0.04634664816409349,0.012486190077538291,-0.06424305519743616,0.016985241232957252,0.027161576474706333,-0.07945857248269021,0.1412293229096879,-0.117139117171367,0.19382932447090967,0.03777777777777777,0.027161576474706333,-0.010616201303071438,-0.03670138277941279,0.03446056069909696,-0.054035327067805644,0.05612626007279482
Shanghai,road,soft_kl_seedmean,24,-0.125,-0.25,0.0,-0.3333333333333333,0.0,-0.08722222222222224,-0.16027777777777777,-0.025274305555555612,-0.19173697916666668,-0.005833333333333335,0.03777777777777777,-0.06180555555555556,0.15125,-0.10333333333333333,0.20135807291666574,-0.08998907605806987,-0.15695822718035843,-0.030031523149874475,-0.18690971461603315,-0.012070383696121808,-0.002766853835847643,-0.029385241218739085,0.017485837169612436,-0.041943017388952696,0.022954800475983753,0.03501092394193014,-0.06478728540241718,0.1464273822804292,-0.10147527969351762,0.19882555449342593,0.03777777777777777,0.03501092394193014,-0.002766853835847634,-0.025282866646846123,0.019996547362663687,-0.03530786917630273,0.034763186389114326
Shanghai,road,ce_kl_seedmean,24,-0.125,-0.25,0.0,-0.3333333333333333,0.0,-0.08722222222222224,-0.16027777777777777,-0.025274305555555612,-0.19173697916666668,-0.005833333333333335,0.03777777777777777,-0.06180555555555556,0.15125,-0.10333333333333333,0.20135807291666574,-0.0988198056196173,-0.17697694156474122,-0.031487796145180866,-0.21041026673402585,-0.011095896164386023,-0.011597583397395089,-0.03690991255578897,0.00552327128334179,-0.05167710678811034,0.010486961165300762,0.026180194380382688,-0.07932350220572618,0.1413539674624593,-0.12048085716863473,0.1915161317117354,0.03777777777777777,0.026180194380382688,-0.011597583397395084,-0.03072472230427794,0.02934478381441701,-0.042408886107965386,0.046922428662358254
Shanghai,road,signed_l1_seedmean,24,-0.125,-0.25,0.0,-0.3333333333333333,0.0,-0.08722222222222224,-0.16027777777777777,-0.025274305555555612,-0.19173697916666668,-0.005833333333333335,0.03777777777777777,-0.06180555555555556,0.15125,-0.10333333333333333,0.20135807291666574,-0.08682651445269585,-0.1516578737439381,-0.028988087963726785,-0.1805869797671524,-0.011677685347001166,0.0003957077695263776,-0.025979833313160464,0.021669513301716892,-0.038717128087119704,0.02809808043142158,0.03817348554730415,-0.06169641273510124,0.15163559665282567,-0.09893678832385273,0.20485016355782482,0.03777777777777777,0.03817348554730415,0.0003957077695263822,-0.022759520851075625,0.022091015268738044,-0.03206362391594381,0.03252823710674356
Shanghai,road,direction_magnitude_seedmean,24,-0.125,-0.25,0.0,-0.3333333333333333,0.0,-0.08722222222222224,-0.16027777777777777,-0.025274305555555612,-0.19173697916666668,-0.005833333333333335,0.03777777777777777,-0.06180555555555556,0.15125,-0.10333333333333333,0.20135807291666574,-0.08116350209133492,-0.14335124285943393,-0.02652155307845937,-0.16975699749180218,-0.010090356519345943,0.006058720130887297,-0.01816991851147678,0.027920066566516955,-0.03021165486029349,0.03438249334473059,0.04383649790866506,-0.055298887814084687,0.15913457439229303,-0.09273485777278741,0.2120816863352147,0.03777777777777777,0.04383649790866506,0.006058720130887291,-0.02027904216614035,0.026085244528949253,-0.030091049576333392,0.033934028382723455
Shanghai,walk_vs_wait,teacher,24,-0.16666666666666666,-0.3333333333333333,-0.041666666666666664,-0.4166666666666667,0.0,-0.003611111111111112,-0.015277777777777751,0.007083333333333348,-0.019722222222222217,0.01069444444444446,0.16305555555555554,0.040274305555555535,0.3211145833333333,0.0016666666666666505,0.39576475694444424,-0.003611111111111112,-0.015277777777777751,0.007083333333333348,-0.019722222222222217,0.01069444444444446,0.0,0.0,0.0,0.0,0.0,0.16305555555555554,0.040274305555555535,0.3211145833333333,0.0016666666666666505,0.39576475694444424,0.16305555555555554,0.16305555555555554,0.0,0.0,0.0,0.0,0.0
Shanghai,walk_vs_wait,ce_kl_seed2026,24,-0.16666666666666666,-0.3333333333333333,-0.041666666666666664,-0.4166666666666667,0.0,-0.003611111111111112,-0.015277777777777751,0.007083333333333348,-0.019722222222222217,0.01069444444444446,0.16305555555555554,0.040274305555555535,0.3211145833333333,0.0016666666666666505,0.39576475694444424,-0.12645371607504785,-0.14289157084616214,-0.1076285067286032,-0.148546582305183,-0.09994241969397992,-0.12284260496393673,-0.14066739431406475,-0.10422820892640287,-0.14702466814130372,-0.09581642955089226,0.040212950591618814,-0.09489241427121063,0.20896791117847893,-0.13672158088011202,0.28807971792072307,0.16305555555555554,0.040212950591618814,-0.12284260496393673,-0.133144893533188,0.052319181097878316,-0.13834128021644168,0.1336688956436049
Shanghai,walk_vs_wait,ce_kl_seed42,24,-0.16666666666666666,-0.3333333333333333,-0.041666666666666664,-0.4166666666666667,0.0,-0.003611111111111112,-0.015277777777777751,0.007083333333333348,-0.019722222222222217,0.01069444444444446,0.16305555555555554,0.040274305555555535,0.3211145833333333,0.0016666666666666505,0.39576475694444424,0.026734710050125916,0.02270392424737414,0.031212900043465195,0.02153623773774598,0.033466680511871016,0.03034582116123703,0.01798291129308443,0.04413583376972624,0.013853295989864919,0.049648239156696874,0.19340137671679258,0.06546455569720516,0.361350860989963,0.024075009773756997,0.4430020456522468,0.16305555555555554,0.19340137671679258,0.030345821161237047,0.01798291129308442,0.044135833769726185,0.013853295989864909,0.049648239156696916
Shanghai,walk_vs_wait,ce_kl_seed7,24,-0.16666666666666666,-0.3333333333333333,-0.041666666666666664,-0.4166666666666667,0.0,-0.003611111111111112,-0.015277777777777751,0.007083333333333348,-0.019722222222222217,0.01069444444444446,0.16305555555555554,0.040274305555555535,0.3211145833333333,0.0016666666666666505,0.39576475694444424,-0.17315095787247023,-0.1925655912530298,-0.15358082524035127,-0.19921723842368616,-0.14586272811090276,-0.1695398467613591,-0.19373586289408717,-0.14466175953278113,-0.20219425730797871,-0.13427991538139117,-0.0064842912058035536,-0.1438084439296896,0.16524278892514607,-0.18685893585303953,0.2423454091874493,0.16305555555555554,0.0064842912058035536,-0.156571264349752,-0.1798721114008998,0.0998819716784896,-0.18931327006449764,0.18317271511922847
Shanghai,walk_vs_wait,direction_magnitude_seed2026,24,-0.16666666666666666,-0.3333333333333333,-0.041666666666666664,-0.4166666666666667,0.0,-0.003611111111111112,-0.015277777777777751,0.007083333333333348,-0.019722222222222217,0.01069444444444446,0.16305555555555554,0.040274305555555535,0.3211145833333333,0.0016666666666666505,0.39576475694444424,-0.12970247926811376,-0.14513928901869802,-0.11272530579008162,-0.15028007196475907,-0.10621351735802233,-0.12609136815700264,-0.14142710960066565,-0.11006104476263541,-0.14668188306733243,-0.1028203283808996,0.036964187398552895,-0.09584066614042967,0.20389245896755406,-0.1372429437430886,0.2807230186454629,0.16305555555555554,0.036964187398552895,-0.12609136815700264,-0.13554372014871077,0.05427461995619037,-0.14074574445349736,0.13468160215302158
Shanghai,walk_vs_wait,direction_magnitude_seed42,24,-0.16666666666666666,-0.3333333333333333,-0.041666666666666664,-0.4166666666666667,0.0,-0.003611111111111112,-0.015277777777777751,0.007083333333333348,-0.019722222222222217,0.01069444444444446,0.16305555555555554,0.040274305555555535,0.3211145833333333,0.0016666666666666505,0.39576475694444424,0.02441031609972318,0.01986314464981357,0.030060169318070012,0.01830912525765598,0.03279307239766543,0.028021427210834293,0.016228517167270213,0.04094517963793542,0.01176894673172177,0.0464018913067152,0.19107698276638985,0.0628781033679843,0.359168089274317,0.021450375575417034,0.4416646744435028,0.16305555555555554,0.19107698276638985,0.02802142721083431,0.016228517167270213,0.04094517963793539,0.011768946731721774,0.04640189130671518
Shanghai,walk_vs_wait,direction_magnitude_seed7,24,-0.16666666666666666,-0.3333333333333333,-0.041666666666666664,-0.4166666666666667,0.0,-0.003611111111111112,-0.015277777777777751,0.007083333333333348,-0.019722222222222217,0.01069444444444446,0.16305555555555554,0.040274305555555535,0.3211145833333333,0.0016666666666666505,0.39576475694444424,-0.13916729825238386,-0.15066698353427152,-0.12808221317827703,-0.155088730812228,-0.12333902371271208,-0.13555618714127274,-0.15268903626729216,-0.11790513114796748,-0.15844099375033852,-0.11107286603466818,0.0274993684142828,-0.10371436431693534,0.19474617488061388,-0.14664630806655624,0.2750637504388571,0.16305555555555554,0.0274993684142828,-0.13555618714127274,-0.14677070851561927,0.06027977179653115,-0.15350498109204797,0.1413124700420173
Shanghai,walk_vs_wait,mnl_s,24,-0.16666666666666666,-0.3333333333333333,-0.041666666666666664,-0.4166666666666667,0.0,-0.003611111111111112,-0.015277777777777751,0.007083333333333348,-0.019722222222222217,0.01069444444444446,0.16305555555555554,0.040274305555555535,0.3211145833333333,0.0016666666666666505,0.39576475694444424,-0.06674565696963537,-0.08277648446980534,-0.05145292766136081,-0.08844860431149958,-0.045166724220953434,-0.06313454585852428,-0.08201331314277924,-0.04532977657398685,-0.09023811080201437,-0.038878433090086754,0.09992100969703128,-0.033626917212647045,0.2666976066413702,-0.07594340940314209,0.34701491256073885,0.16305555555555554,0.09992100969703128,-0.06313454585852425,-0.07989988354221988,-0.0091146284174594,-0.08714421315641285,0.07138609034114758
Shanghai,walk_vs_wait,s9,24,-0.16666666666666666,-0.3333333333333333,-0.041666666666666664,-0.4166666666666667,0.0,-0.003611111111111112,-0.015277777777777751,0.007083333333333348,-0.019722222222222217,0.01069444444444446,0.16305555555555554,0.040274305555555535,0.3211145833333333,0.0016666666666666505,0.39576475694444424,-0.12236903406058748,-0.1379238343409573,-0.1053681631378519,-0.1426299377460964,-0.09901955102250214,-0.11875792294947636,-0.13596857458192646,-0.09993795120302175,-0.14245364321201082,-0.09136026400962796,0.04429763260607918,-0.0896910173430418,0.21352595617839445,-0.130248299560238,0.2920728621271932,0.16305555555555554,0.04429763260607918,-0.11875792294947635,-0.1296976048022819,0.047800316988335305,-0.13561403415119275,0.1278150927570726
Shanghai,walk_vs_wait,signed_l1_seed2026,24,-0.16666666666666666,-0.3333333333333333,-0.041666666666666664,-0.4166666666666667,0.0,-0.003611111111111112,-0.015277777777777751,0.007083333333333348,-0.019722222222222217,0.01069444444444446,0.16305555555555554,0.040274305555555535,0.3211145833333333,0.0016666666666666505,0.39576475694444424,-0.14256186240042248,-0.1583108869342444,-0.12549930549769972,-0.16390036598507624,-0.11868791229208019,-0.13895075128931136,-0.15464021367377911,-0.12255369058587692,-0.16084542799439644,-0.11547217932064735,0.024104804266244173,-0.10917287840275093,0.1907746196724474,-0.15006507176876768,0.2684412133234824,0.16305555555555554,0.024104804266244173,-0.13895075128931136,-0.14865839674251363,0.06705526674512978,-0.15442202739944005,0.14722672462509934
Shanghai,walk_vs_wait,signed_l1_seed42,24,-0.16666666666666666,-0.3333333333333333,-0.041666666666666664,-0.4166666666666667,0.0,-0.003611111111111112,-0.015277777777777751,0.007083333333333348,-0.019722222222222217,0.01069444444444446,0.16305555555555554,0.040274305555555535,0.3211145833333333,0.0016666666666666505,0.39576475694444424,-0.00969864179690679,-0.013341970648616553,-0.006507018798341355,-0.014705456451823314,-0.005423642116754011,-0.006087530685795677,-0.017799231347938375,0.006589690044522265,-0.021551075925274433,0.01139961539560715,0.1569680248697599,0.029699489350120227,0.3241756341730555,-0.012327165513609845,0.4073568749202725,0.16305555555555554,0.1569680248697599,-0.00608753068579565,-0.017515902602010327,0.0071976955595116025,-0.02128887039391945,0.011540444883569662
Shanghai,walk_vs_wait,signed_l1_seed7,24,-0.16666666666666666,-0.3333333333333333,-0.041666666666666664,-0.4166666666666667,0.0,-0.003611111111111112,-0.015277777777777751,0.007083333333333348,-0.019722222222222217,0.01069444444444446,0.16305555555555554,0.040274305555555535,0.3211145833333333,0.0016666666666666505,0.39576475694444424,-0.12551317426065603,-0.13730784667034945,-0.11425229219409326,-0.141567071104267,-0.10934851556861155,-0.12190206314954492,-0.13900735857441193,-0.10506423843238091,-0.14521473974853547,-0.09863332893898615,0.04115349240601063,-0.09033455577058096,0.20848707244731485,-0.13234921796635413,0.28962032303679647,0.16305555555555554,0.04115349240601063,-0.12190206314954491,-0.13264958089672857,0.04687683789928753,-0.13946881717619386,0.12782052327744217
Shanghai,walk_vs_wait,soft_kl_seed2026,24,-0.16666666666666666,-0.3333333333333333,-0.041666666666666664,-0.4166666666666667,0.0,-0.003611111111111112,-0.015277777777777751,0.007083333333333348,-0.019722222222222217,0.01069444444444446,0.16305555555555554,0.040274305555555535,0.3211145833333333,0.0016666666666666505,0.39576475694444424,-0.1353855187383791,-0.15112970021242897,-0.11809944076230751,-0.15709322918167648,-0.11133258616270421,-0.13177440762726797,-0.14698571612706612,-0.1156900329135565,-0.15252168906934094,-0.10849565755273871,0.03128114792828759,-0.10109290612551074,0.19730240919549635,-0.1421205044471814,0.27446138093218836,0.16305555555555554,0.03128114792828759,-0.13177440762726794,-0.14133601218482686,0.05950350651760682,-0.14715651854274459,0.13933726558238635
Shanghai,walk_vs_wait,soft_kl_seed42,24,-0.16666666666666666,-0.3333333333333333,-0.041666666666666664,-0.4166666666666667,0.0,-0.003611111111111112,-0.015277777777777751,0.007083333333333348,-0.019722222222222217,0.01069444444444446,0.16305555555555554,0.040274305555555535,0.3211145833333333,0.0016666666666666505,0.39576475694444424,0.020099498331546783,0.015514645663400491,0.026032076155145956,0.014286492601968348,0.029112513875588737,0.023710609442657894,0.01198584557862745,0.0363989127282467,0.007525666440009223,0.04166850373888799,0.18676616499821344,0.05845713022475441,0.354634531121701,0.016997479759932804,0.43773387138110864,0.16305555555555554,0.18676616499821344,0.023710609442657904,0.011985845578627445,0.0363989127282467,0.007525666440009225,0.04166850373888793
Shanghai,walk_vs_wait,soft_kl_seed7,24,-0.16666666666666666,-0.3333333333333333,-0.041666666666666664,-0.4166666666666667,0.0,-0.003611111111111112,-0.015277777777777751,0.007083333333333348,-0.019722222222222217,0.01069444444444446,0.16305555555555554,0.040274305555555535,0.3211145833333333,0.0016666666666666505,0.39576475694444424,-0.1281300379584233,-0.14312797555079063,-0.11356923277489842,-0.14911841529731948,-0.10828248585069865,-0.12451892684731218,-0.14426643285465734,-0.1048886045360317,-0.15171912324992523,-0.09737890721979152,0.03853662870824337,-0.09569549962567786,0.206940236625572,-0.13833904953013795,0.28873770509186764,0.16305555555555554,0.03853662870824337,-0.12451892684731217,-0.1364637149874535,0.052322626365969606,-0.1441864751236151,0.1342445676315626
Shanghai,walk_vs_wait,soft_kl_seedmean,24,-0.16666666666666666,-0.3333333333333333,-0.041666666666666664,-0.4166666666666667,0.0,-0.003611111111111112,-0.015277777777777751,0.007083333333333348,-0.019722222222222217,0.01069444444444446,0.16305555555555554,0.040274305555555535,0.3211145833333333,0.0016666666666666505,0.39576475694444424,-0.08113868612175186,-0.09037177778728721,-0.07113287191863897,-0.09343096680159862,-0.06644753235822377,-0.07752757501064077,-0.09067594841241629,-0.0639578507422056,-0.09551974171352208,-0.058229127620573216,0.0855279805449148,-0.04467971021852768,0.25402033444261174,-0.08651796810186674,0.33459239925222267,0.16305555555555554,0.0855279805449148,-0.07752757501064074,-0.0877520957065539,0.002876664171926673,-0.09181894252859314,0.08316787736679858
Shanghai,walk_vs_wait,ce_kl_seedmean,24,-0.16666666666666666,-0.3333333333333333,-0.041666666666666664,-0.4166666666666667,0.0,-0.003611111111111112,-0.015277777777777751,0.007083333333333348,-0.019722222222222217,0.01069444444444446,0.16305555555555554,0.040274305555555535,0.3211145833333333,0.0016666666666666505,0.39576475694444424,-0.09095665463246405,-0.10145707306866018,-0.07953606672106416,-0.10513550131646399,-0.07434766865424343,-0.08734554352135293,-0.10275634635622714,-0.07070901776969228,-0.1084403096077181,-0.0638205593798647,0.07571001203420259,-0.056183293353145335,0.24544946963045117,-0.098179329166952,0.32751323315662545,0.16305555555555554,0.07571001203420259,-0.08734554352135294,-0.09874707169054697,0.013987370535731295,-0.10408201760884066,0.09489783390056493
Shanghai,walk_vs_wait,signed_l1_seedmean,24,-0.16666666666666666,-0.3333333333333333,-0.041666666666666664,-0.4166666666666667,0.0,-0.003611111111111112,-0.015277777777777751,0.007083333333333348,-0.019722222222222217,0.01069444444444446,0.16305555555555554,0.040274305555555535,0.3211145833333333,0.0016666666666666505,0.39576475694444424,-0.09259122615266176,-0.10053423540407998,-0.08466589918696427,-0.10335138176839491,-0.08152848888049549,-0.08898011504155066,-0.10144515375285929,-0.07643105727967082,-0.10565589554953228,-0.07098640341618263,0.0740754405140049,-0.05527147580481444,0.24127999299024747,-0.09720158455731709,0.32283819823254123,0.16305555555555554,0.0740754405140049,-0.08898011504155064,-0.09807147403837493,0.013415362935927188,-0.10258995537204382,0.09348235842802863
Shanghai,walk_vs_wait,direction_magnitude_seedmean,24,-0.16666666666666666,-0.3333333333333333,-0.041666666666666664,-0.4166666666666667,0.0,-0.003611111111111112,-0.015277777777777751,0.007083333333333348,-0.019722222222222217,0.01069444444444446,0.16305555555555554,0.040274305555555535,0.3211145833333333,0.0016666666666666505,0.39576475694444424,-0.08148648714025816,-0.08879460622815209,-0.07359820611309263,-0.09128049951881016,-0.06959503025023477,-0.07787537602914704,-0.09000085206640258,-0.06535280710893376,-0.0944010620103088,-0.059748254686606966,0.08518017952640851,-0.04400170006168385,0.2530890687213589,-0.08602604947162842,0.33376494916996663,0.16305555555555554,0.08518017952640851,-0.07787537602914703,-0.08743678090876589,0.0025356791067040786,-0.09133615998238222,0.0826276026930686
Shanghai,transfer_vs_wait,teacher,24,-0.16666666666666666,-0.375,0.0,-0.4166666666666667,0.08333333333333333,0.0126388888888889,0.0019444444444444416,0.024722222222222267,-0.001944444444444436,0.030277777777777803,0.17930555555555552,0.00569097222222223,0.38389236111111114,-0.07441015625,0.44361631944444324,0.0126388888888889,0.0019444444444444416,0.024722222222222267,-0.001944444444444436,0.030277777777777803,0.0,0.0,0.0,0.0,0.0,0.17930555555555552,0.00569097222222223,0.38389236111111114,-0.07441015625,0.44361631944444324,0.17930555555555552,0.17930555555555552,0.0,0.0,0.0,0.0,0.0
Shanghai,transfer_vs_wait,ce_kl_seed2026,24,-0.16666666666666666,-0.375,0.0,-0.4166666666666667,0.08333333333333333,0.0126388888888889,0.0019444444444444416,0.024722222222222267,-0.001944444444444436,0.030277777777777803,0.17930555555555552,0.00569097222222223,0.38389236111111114,-0.07441015625,0.44361631944444324,-0.14293660207961997,-0.16467517954297364,-0.11932454917890332,-0.17226280669371286,-0.10884719180079022,-0.15557549096850887,-0.17795816531109934,-0.13253038948598422,-0.18647340200215373,-0.1221281721583413,0.0237300645870467,-0.15743920375437787,0.2242385296965948,-0.2336495426245771,0.29614309169022157,0.17930555555555552,0.0237300645870467,-0.1555754909685088,-0.17543616690538413,0.14640774090469094,-0.18443475764888315,0.1689300145407388
Shanghai,transfer_vs_wait,ce_kl_seed42,24,-0.16666666666666666,-0.375,0.0,-0.4166666666666667,0.08333333333333333,0.0126388888888889,0.0019444444444444416,0.024722222222222267,-0.001944444444444436,0.030277777777777803,0.17930555555555552,0.00569097222222223,0.38389236111111114,-0.07441015625,0.44361631944444324,-0.41624086055283743,-0.4657999573314252,-0.36381770005294434,-0.48173482506729975,-0.3414144686277724,-0.4288797494417264,-0.47581323275360693,-0.378456229430701,-0.49120865138007996,-0.3562601397551321,-0.24957419388617078,-0.4482199765916448,-0.03614271913150645,-0.5248271588662949,0.053461233939497116,0.17930555555555552,0.24957419388617078,0.07026863833061525,-0.3374109495382291,0.43113524425901567,-0.41668145860548894,0.46543608657399693
Shanghai,transfer_vs_wait,ce_kl_seed7,24,-0.16666666666666666,-0.375,0.0,-0.4166666666666667,0.08333333333333333,0.0126388888888889,0.0019444444444444416,0.024722222222222267,-0.001944444444444436,0.030277777777777803,0.17930555555555552,0.00569097222222223,0.38389236111111114,-0.07441015625,0.44361631944444324,-0.42951323417946696,-0.4863854521381048,-0.368348237775111,-0.5048666414795056,-0.3418127673062071,-0.44215212306835583,-0.4955992542695668,-0.3846312088186129,-0.513461037758602,-0.36161824422437056,-0.2628465675128003,-0.47048233388535055,-0.03563336312072352,-0.5523111498672126,0.05682423061467751,0.17930555555555552,0.2628465675128003,0.08354101195724475,-0.33604668505458773,0.4538571916849662,-0.41684090808269364,0.49386789753207166
Shanghai,transfer_vs_wait,direction_magnitude_seed2026,24,-0.16666666666666666,-0.375,0.0,-0.4166666666666667,0.08333333333333333,0.0126388888888889,0.0019444444444444416,0.024722222222222267,-0.001944444444444436,0.030277777777777803,0.17930555555555552,0.00569097222222223,0.38389236111111114,-0.07441015625,0.44361631944444324,0.0969551761324207,0.07846094123087824,0.11604413209327806,0.07229318928051119,0.12360206274121688,0.0843162872435318,0.06569034535427472,0.10403816984552476,0.05812527539328831,0.11189596208880842,0.26362184279908735,0.08346224996106077,0.46992276164237406,0.0036655896430602304,0.5423117895959865,0.17930555555555552,0.26362184279908735,0.08431628724353182,0.06086806498281655,0.10403816984552475,-0.068981842837581,0.11189596208880843
Shanghai,transfer_vs_wait,direction_magnitude_seed42,24,-0.16666666666666666,-0.375,0.0,-0.4166666666666667,0.08333333333333333,0.0126388888888889,0.0019444444444444416,0.024722222222222267,-0.001944444444444436,0.030277777777777803,0.17930555555555552,0.00569097222222223,0.38389236111111114,-0.07441015625,0.44361631944444324,-0.355312323042502,-0.38243040613597257,-0.3290237190706345,-0.39296316609640297,-0.3185463386636306,-0.36795121193139096,-0.3940221352218651,-0.34259801435341236,-0.4051891500999271,-0.3322922062668499,-0.18864565637583533,-0.3729594921382765,0.010478917749908851,-0.4487005591741763,0.08987364616526262,0.17930555555555552,0.18864565637583533,0.009340100820279806,-0.3525706246009925,0.3591867115494484,-0.3832502929440622,0.384015103773686
Shanghai,transfer_vs_wait,direction_magnitude_seed7,24,-0.16666666666666666,-0.375,0.0,-0.4166666666666667,0.08333333333333333,0.0126388888888889,0.0019444444444444416,0.024722222222222267,-0.001944444444444436,0.030277777777777803,0.17930555555555552,0.00569097222222223,0.38389236111111114,-0.07441015625,0.44361631944444324,-0.2568760886788368,-0.2771108218468726,-0.2359467493214955,-0.28515906700049526,-0.22795648477234257,-0.26951497756772574,-0.2886778598311875,-0.2499962425923182,-0.29551855504256674,-0.24194455424396133,-0.09020942201217015,-0.2749135781700412,0.12181726767060658,-0.35867583806975745,0.1914750402308223,0.17930555555555552,0.09020942201217015,-0.08909613354338537,-0.2718116855635825,0.2671540496800508,-0.283877117357372,0.2884020106138194
Shanghai,transfer_vs_wait,mnl_s,24,-0.16666666666666666,-0.375,0.0,-0.4166666666666667,0.08333333333333333,0.0126388888888889,0.0019444444444444416,0.024722222222222267,-0.001944444444444436,0.030277777777777803,0.17930555555555552,0.00569097222222223,0.38389236111111114,-0.07441015625,0.44361631944444324,-0.026440533716424366,-0.09013356610477498,0.0316916181114395,-0.1179280152000417,0.052661265794626856,-0.03907942260531327,-0.10594704285628186,0.021875962157596393,-0.13400618447257903,0.04303651073566678,0.1402261329502423,-0.059631451925060086,0.33652082597827904,-0.13344006635196323,0.4126898524320015,0.17930555555555552,0.1402261329502423,-0.03907942260531322,-0.10170668646416499,0.041709460554741895,-0.12887115951783748,0.08938314379792513
Shanghai,transfer_vs_wait,s9,24,-0.16666666666666666,-0.375,0.0,-0.4166666666666667,0.08333333333333333,0.0126388888888889,0.0019444444444444416,0.024722222222222267,-0.001944444444444436,0.030277777777777803,0.17930555555555552,0.00569097222222223,0.38389236111111114,-0.07441015625,0.44361631944444324,0.04149387342234453,0.03208568137294302,0.050525812913353244,0.02784797496375783,0.05344279585988259,0.028854984533455627,0.011281999281607545,0.045323641206862185,0.003960435093070042,0.05181559815992496,0.2081605400890112,0.03722512739089628,0.4140573499258607,-0.03966317596011019,0.4683400557260023,0.17930555555555552,0.2081605400890112,0.02885498453345567,0.005782147406289936,0.045162812248493195,-0.0368890167777168,0.051554020170820836
Shanghai,transfer_vs_wait,signed_l1_seed2026,24,-0.16666666666666666,-0.375,0.0,-0.4166666666666667,0.08333333333333333,0.0126388888888889,0.0019444444444444416,0.024722222222222267,-0.001944444444444436,0.030277777777777803,0.17930555555555552,0.00569097222222223,0.38389236111111114,-0.07441015625,0.44361631944444324,0.030217804946005344,0.01648023733869195,0.04475862727655719,0.011650505291375643,0.05111332644009951,0.017578916057116447,0.0019766015838831676,0.03417133721998994,-0.0044286028211807035,0.040144546612476135,0.196884471612672,0.021123499353416265,0.4016956871530662,-0.05809070432636265,0.4674999972475519,0.17930555555555552,0.196884471612672,0.017578916057116478,-0.0028111706440233112,0.0340877985711106,-0.02384490691477225,0.040144546612476135
Shanghai,transfer_vs_wait,signed_l1_seed42,24,-0.16666666666666666,-0.375,0.0,-0.4166666666666667,0.08333333333333333,0.0126388888888889,0.0019444444444444416,0.024722222222222267,-0.001944444444444436,0.030277777777777803,0.17930555555555552,0.00569097222222223,0.38389236111111114,-0.07441015625,0.44361631944444324,-0.48072212321373325,-0.5192297017628638,-0.43767036477802324,-0.532419372889611,-0.41906353654436923,-0.4933610121026221,-0.5302131057768648,-0.4529242174417919,-0.5424093081234734,-0.4349782497578289,-0.31405545654706657,-0.5012618667368467,-0.11031713978542639,-0.5767615078795644,-0.02717394320498017,0.17930555555555552,0.31405545654706657,0.13474990099151105,-0.26722113708732653,0.48521834705014605,-0.4180096397230679,0.5145711121246956
Shanghai,transfer_vs_wait,signed_l1_seed7,24,-0.16666666666666666,-0.375,0.0,-0.4166666666666667,0.08333333333333333,0.0126388888888889,0.0019444444444444416,0.024722222222222267,-0.001944444444444436,0.030277777777777803,0.17930555555555552,0.00569097222222223,0.38389236111111114,-0.07441015625,0.44361631944444324,-0.23440457818408808,-0.25736863722559067,-0.21164993026759477,-0.2669798511895351,-0.20342733222253948,-0.24704346707297697,-0.2686624750089314,-0.22530570617742426,-0.27881668271332616,-0.21679007082608429,-0.06773791151742141,-0.2539398926620682,0.1407731000722075,-0.33819606636922495,0.21523711469683948,0.17930555555555552,0.06773791151742141,-0.11156764403813411,-0.2567390370860489,0.24603808545103917,-0.2674561922301461,0.2662909468901861
Shanghai,transfer_vs_wait,soft_kl_seed2026,24,-0.16666666666666666,-0.375,0.0,-0.4166666666666667,0.08333333333333333,0.0126388888888889,0.0019444444444444416,0.024722222222222267,-0.001944444444444436,0.030277777777777803,0.17930555555555552,0.00569097222222223,0.38389236111111114,-0.07441015625,0.44361631944444324,0.03541108344992002,0.025901875637161235,0.04521327146794647,0.022619209235805706,0.04893312736336762,0.02277219456103112,0.0097764310169344,0.0356665498971318,0.0036398578588462834,0.04020743567995822,0.20207775011658669,0.0284348045475781,0.40841171111290653,-0.05337254926756335,0.465760334001,0.17930555555555552,0.20207775011658669,0.02277219456103116,0.005541604403820281,0.03564492861781678,-0.027874833216826007,0.04020743567995822
Shanghai,transfer_vs_wait,soft_kl_seed42,24,-0.16666666666666666,-0.375,0.0,-0.4166666666666667,0.08333333333333333,0.0126388888888889,0.0019444444444444416,0.024722222222222267,-0.001944444444444436,0.030277777777777803,0.17930555555555552,0.00569097222222223,0.38389236111111114,-0.07441015625,0.44361631944444324,-0.35518468435232836,-0.37908568885565425,-0.3295436531926195,-0.38736223218390176,-0.31843991014757217,-0.36782357324121734,-0.3914244489202587,-0.3435592570143959,-0.3994898221642103,-0.33199021598749107,-0.1885180176856617,-0.3699303849677866,0.009019422585455064,-0.4454348148976957,0.08782887694202686,0.17930555555555552,0.1885180176856617,0.00921246213010618,-0.35359451856934987,0.3578678328832611,-0.3835111337716743,0.3803852627341789
Shanghai,transfer_vs_wait,soft_kl_seed7,24,-0.16666666666666666,-0.375,0.0,-0.4166666666666667,0.08333333333333333,0.0126388888888889,0.0019444444444444416,0.024722222222222267,-0.001944444444444436,0.030277777777777803,0.17930555555555552,0.00569097222222223,0.38389236111111114,-0.07441015625,0.44361631944444324,-0.22173282907654843,-0.2518856118588398,-0.19086354919709267,-0.26426507501940555,-0.17876167422703806,-0.23437171796543732,-0.26328910670346684,-0.2050018769878274,-0.275524787456043,-0.19399289751164112,-0.05506616240988175,-0.24629735848866405,0.15500415337737644,-0.32753549417053973,0.23574952398096816,0.17930555555555552,0.05506616240988175,-0.12423939314567378,-0.24833371766035756,0.23436370508941923,-0.2621895845551043,0.2580848360419815
Shanghai,transfer_vs_wait,soft_kl_seedmean,24,-0.16666666666666666,-0.375,0.0,-0.4166666666666667,0.08333333333333333,0.0126388888888889,0.0019444444444444416,0.024722222222222267,-0.001944444444444436,0.030277777777777803,0.17930555555555552,0.00569097222222223,0.38389236111111114,-0.07441015625,0.44361631944444324,-0.1805021433263189,-0.19590665454743428,-0.16381932399365015,-0.20182348394058255,-0.1579521052865959,-0.19314103221520784,-0.2079622429090345,-0.17717301681213501,-0.2133490925686266,-0.17057410602208836,-0.013835476659652247,-0.19284299724062698,0.1928968118749455,-0.2747125744785686,0.26077202648092557,0.17930555555555552,0.013835476659652247,-0.1654700788959033,-0.20477581359296002,0.18515581775063444,-0.21186721890441712,0.20376999544720933
Shanghai,transfer_vs_wait,ce_kl_seedmean,24,-0.16666666666666666,-0.375,0.0,-0.4166666666666667,0.08333333333333333,0.0126388888888889,0.0019444444444444416,0.024722222222222267,-0.001944444444444436,0.030277777777777803,0.17930555555555552,0.00569097222222223,0.38389236111111114,-0.07441015625,0.44361631944444324,-0.32956356560397476,-0.36678623774334684,-0.2886327368854028,-0.3804526739647069,-0.2717917659057198,-0.3422024544928637,-0.3768876586104743,-0.3039708269058158,-0.38824585769673453,-0.2879521122003563,-0.1628968989373081,-0.35703100679739785,0.0501469881454896,-0.4357740681439787,0.1315392012993266,0.17930555555555552,0.1628968989373081,-0.01640865661824742,-0.332889544115169,0.3433630973196898,-0.35129081778690713,0.37163684746141146
Shanghai,transfer_vs_wait,signed_l1_seedmean,24,-0.16666666666666666,-0.375,0.0,-0.4166666666666667,0.08333333333333333,0.0126388888888889,0.0019444444444444416,0.024722222222222267,-0.001944444444444436,0.030277777777777803,0.17930555555555552,0.00569097222222223,0.38389236111111114,-0.07441015625,0.44361631944444324,-0.22830296548393866,-0.24785952718100615,-0.20645351702049894,-0.2541547630373518,-0.19840921063878345,-0.24094185437282753,-0.25887697096065515,-0.22031214466026158,-0.2646056526930834,-0.21177382333881342,-0.06163629881727198,-0.24275759169379144,0.14394509034916855,-0.32321002672979376,0.21900584294392572,0.17930555555555552,0.06163629881727198,-0.11766925673828355,-0.2517330741320944,0.233607796698524,-0.26143616223534466,0.25308130246168326
Shanghai,transfer_vs_wait,direction_magnitude_seedmean,24,-0.16666666666666666,-0.375,0.0,-0.4166666666666667,0.08333333333333333,0.0126388888888889,0.0019444444444444416,0.024722222222222267,-0.001944444444444436,0.030277777777777803,0.17930555555555552,0.00569097222222223,0.38389236111111114,-0.07441015625,0.44361631944444324,-0.1717444118629727,-0.186893532733019,-0.1551648125000712,-0.1929012762188601,-0.14930099944499994,-0.1843833007518616,-0.19856350936880338,-0.16864086538160014,-0.2035415462916329,-0.16249137149531948,-0.005077745196306049,-0.18500479633997505,0.20284769364063507,-0.26786215678843694,0.268256770673259,0.17930555555555552,0.005077745196306049,-0.17422781035924947,-0.194277324618513,0.17665093266932907,-0.20081164208848754,0.19634331392381693
