city,profile,model,contrast,n,human,predicted,bias,ci95_low,ci95_high,family_low,family_high
Singapore,survey_options,s9,accessibility,332,-0.24397590361445784,-0.04835399400151099,0.19562190961294684,0.14549345668708255,0.2456340348297528,0.12965022632580095,0.2611017411435863
Singapore,survey_options,s9,weather,332,-0.21987951807228914,-0.3209519028573869,-0.10107238478509777,-0.14775339536093937,-0.05369970493063515,-0.16093407469958695,-0.03725286669412025
Singapore,survey_options,s9,fare,332,-0.006024096385542169,0.005128959283591753,0.011153055669133922,-0.0431434206468199,0.06448360241596103,-0.05871269810630614,0.08027725396902255
Singapore,survey_options,s9,transit_delay,332,-0.12048192771084337,-0.05598695831182581,0.06449496939901757,0.013777427356101081,0.11651707168876092,-0.002574009430224456,0.13287835791534514
Singapore,survey_options,s9,roadworks,332,-0.0391566265060241,-0.2335422185462821,-0.194385592040258,-0.2328889944110941,-0.15623240324623702,-0.24525754379652756,-0.14487131191440034
Singapore,survey_options,mnl_s,accessibility,332,-0.24397590361445784,0.11598240255853123,0.3599583061729891,0.30889791551933765,0.41081282802632557,0.2939919316621862,0.4269897818675634
Singapore,survey_options,mnl_s,weather,332,-0.21987951807228914,-0.3023838527948641,-0.08250433472257497,-0.1283422272069543,-0.0356940648624603,-0.1415091523127066,-0.02134275327876359
Singapore,survey_options,mnl_s,fare,332,-0.006024096385542169,-0.008508785789535617,-0.002484689403993449,-0.056798007771835156,0.05156299170100363,-0.07188550707966197,0.06673570126591179
Singapore,survey_options,mnl_s,transit_delay,332,-0.12048192771084337,-0.15888160384458344,-0.03839967613374008,-0.08933147247163997,0.013635884428724909,-0.10505728603534388,0.029888094020973154
Singapore,survey_options,mnl_s,roadworks,332,-0.0391566265060241,-0.11654988242709648,-0.07739325592107239,-0.11372290019669413,-0.04033303703276997,-0.12466131593563118,-0.027989694167702833
Singapore,survey_options,soft_kl_seed42,accessibility,332,-0.24397590361445784,-0.12543768963092064,0.1185382139835372,0.068046841754982,0.169047896774957,0.05212411051632904,0.18386543393645594
Singapore,survey_options,soft_kl_seed42,weather,332,-0.21987951807228914,-0.03363322737032032,0.18624629070196885,0.13974374586475047,0.2335333421282156,0.12643244733781475,0.24895481382569581
Singapore,survey_options,soft_kl_seed42,fare,332,-0.006024096385542169,-0.015738651313516032,-0.009714554927973863,-0.06411581309175635,0.043280413133058526,-0.0795585949715586,0.059142564709960016
Singapore,survey_options,soft_kl_seed42,transit_delay,332,-0.12048192771084337,-0.08422215134803071,0.03625977636281266,-0.014942765090872634,0.08832829912411924,-0.03116270546217909,0.10493175493037113
Singapore,survey_options,soft_kl_seed42,roadworks,332,-0.0391566265060241,-0.03322856289794646,0.005928063608077635,-0.03039495882140585,0.04287428745708191,-0.0422610378759094,0.0551973344210579
Singapore,survey_options,soft_kl_seed2026,accessibility,332,-0.24397590361445784,-0.15607441066910166,0.08790149294535618,0.036667232840961544,0.13909112092244985,0.02138145770400718,0.15550595814000298
Singapore,survey_options,soft_kl_seed2026,weather,332,-0.21987951807228914,-0.011533335636717728,0.20834618243557143,0.161761111483898,0.25568575162878143,0.14896456845014927,0.27197210286575624
Singapore,survey_options,soft_kl_seed2026,fare,332,-0.006024096385542169,-0.0007035409111574471,0.005320555474384722,-0.049589806554996105,0.05828378240981821,-0.06500875401153532,0.07445481525498412
Singapore,survey_options,soft_kl_seed2026,transit_delay,332,-0.12048192771084337,-0.10565810371751347,0.0148238239933299,-0.03609712391640116,0.06646396911012972,-0.05201665795702734,0.08243613120819243
Singapore,survey_options,soft_kl_seed2026,roadworks,332,-0.0391566265060241,-0.09894210535539202,-0.059785478849367926,-0.0962138416369008,-0.023170751188488974,-0.10670473953619239,-0.010784843143479727
Singapore,survey_options,soft_kl_seed7,accessibility,332,-0.24397590361445784,0.07421957253736544,0.31819547615182325,0.2672567224761202,0.3687381188618019,0.25212813184551713,0.3842780479858909
Singapore,survey_options,soft_kl_seed7,weather,332,-0.21987951807228914,-0.04118408028215888,0.17869543779013028,0.13244521261321895,0.2260493416984352,0.11956146759188634,0.24170349007236733
Singapore,survey_options,soft_kl_seed7,fare,332,-0.006024096385542169,0.020809156977268588,0.026833253362810755,-0.027891974899558778,0.0800391987717923,-0.04326594401375357,0.09646520055662162
Singapore,survey_options,soft_kl_seed7,transit_delay,332,-0.12048192771084337,-0.0848086289051606,0.03567329880568278,-0.015701700784602618,0.08772795763531564,-0.03122745902302776,0.10344550354697951
Singapore,survey_options,soft_kl_seed7,roadworks,332,-0.0391566265060241,-0.15870365675493894,-0.11954703024891486,-0.15677858168281705,-0.08155122723946549,-0.16714255928566837,-0.0702328741159964
Singapore,survey_options,ce_kl_seed42,accessibility,332,-0.24397590361445784,-0.1230984009081408,0.12087750270631703,0.06967657687132323,0.17189629541793122,0.054161784464710094,0.18649354368063242
Singapore,survey_options,ce_kl_seed42,weather,332,-0.21987951807228914,-0.06643980130811322,0.15343971676417592,0.10716172953554239,0.20035887721846024,0.0946232896058046,0.21579878413871603
Singapore,survey_options,ce_kl_seed42,fare,332,-0.006024096385542169,-0.020524475600076728,-0.01450037921453456,-0.06919925079950277,0.038458926794792424,-0.0851553017894614,0.054703709640237
Singapore,survey_options,ce_kl_seed42,transit_delay,332,-0.12048192771084337,-0.02682723916635052,0.09365468854449285,0.04256732820814436,0.1459006755554583,0.025938881920841355,0.1622911076871776
Singapore,survey_options,ce_kl_seed42,roadworks,332,-0.0391566265060241,-0.03943367697388293,-0.0002770504678588316,-0.037276464254112844,0.03685372426253126,-0.04891816283856709,0.049486214985779216
Singapore,survey_options,ce_kl_seed2026,accessibility,332,-0.24397590361445784,-0.14560703881062478,0.09836886480383306,0.04697300250030471,0.14985624251863358,0.03159831983877447,0.16589547208565028
Singapore,survey_options,ce_kl_seed2026,weather,332,-0.21987951807228914,0.0406361947744995,0.26051571284678865,0.21437869029209375,0.3070555503544656,0.20159391207109958,0.32322414609872874
Singapore,survey_options,ce_kl_seed2026,fare,332,-0.006024096385542169,0.0014714429446731705,0.007495539330215339,-0.04692318365033941,0.06094299713121614,-0.06258454962212773,0.0764730038787855
Singapore,survey_options,ce_kl_seed2026,transit_delay,332,-0.12048192771084337,-0.016794979364712196,0.10368694834613118,0.05263251428820574,0.15516187560839959,0.03725281936613035,0.17206518717418726
Singapore,survey_options,ce_kl_seed2026,roadworks,332,-0.0391566265060241,-0.06800566178308912,-0.028849035277065026,-0.0655401080319411,0.008000832403370413,-0.07642830067819142,0.01998835836929898
Singapore,survey_options,ce_kl_seed7,accessibility,332,-0.24397590361445784,-0.03858761293028133,0.2053882906841765,0.15491227459159668,0.2555901885304757,0.13929868019463676,0.2707873798231312
Singapore,survey_options,ce_kl_seed7,weather,332,-0.21987951807228914,-0.24574963065672173,-0.025870112584432566,-0.0740548103457283,0.02376945899976193,-0.0881844307226129,0.03846345479375702
Singapore,survey_options,ce_kl_seed7,fare,332,-0.006024096385542169,0.0029963537579379886,0.009020450143480158,-0.04567303997099803,0.062371182519695666,-0.06153193275573248,0.0783026183769105
Singapore,survey_options,ce_kl_seed7,transit_delay,332,-0.12048192771084337,-0.040235613540084245,0.08024631417075913,0.029172188977020827,0.13203116468825735,0.013630532759749498,0.14845667562695716
Singapore,survey_options,ce_kl_seed7,roadworks,332,-0.0391566265060241,-0.16869602269347173,-0.12953939618744764,-0.16733894375074343,-0.09151649144309831,-0.17789270493695625,-0.07994465722186289
Singapore,survey_options,signed_l1_seed42,accessibility,332,-0.24397590361445784,-0.09177493673177009,0.15220096688268772,0.10191193927129932,0.2024777545329991,0.08584007854360234,0.21742165081472276
Singapore,survey_options,signed_l1_seed42,weather,332,-0.21987951807228914,-0.04912227056696113,0.17075724750532803,0.12464683120312865,0.21776848195418042,0.11120655404931182,0.23346378314342484
Singapore,survey_options,signed_l1_seed42,fare,332,-0.006024096385542169,-0.014687207381588867,-0.008663110996046698,-0.0631050095943936,0.04453814596117261,-0.07854709890525204,0.06045777938620408
Singapore,survey_options,signed_l1_seed42,transit_delay,332,-0.12048192771084337,-0.07236995343792152,0.04811197427292186,-0.0030804244077663454,0.10026385274839149,-0.019270991737651358,0.11648432951813248
Singapore,survey_options,signed_l1_seed42,roadworks,332,-0.0391566265060241,-0.03387443954686085,0.005282186959163252,-0.031076169215950623,0.04219492277781285,-0.043090946814381935,0.05459048202149117
Singapore,survey_options,signed_l1_seed2026,accessibility,332,-0.24397590361445784,-0.16891314873067909,0.07506275488377874,0.02356830424943333,0.12626677681060774,0.008326526711363883,0.14279542688235455
Singapore,survey_options,signed_l1_seed2026,weather,332,-0.21987951807228914,-0.007493660179337105,0.21238585789295206,0.16605028684576412,0.2595772036707522,0.15309498661444576,0.27499665176619337
Singapore,survey_options,signed_l1_seed2026,fare,332,-0.006024096385542169,-0.0006626549973545304,0.005361441388187638,-0.049451295552348874,0.05853151241766218,-0.06488706851681043,0.0745408094626099
Singapore,survey_options,signed_l1_seed2026,transit_delay,332,-0.12048192771084337,-0.10963396501379559,0.010847962697047785,-0.0402578781215833,0.06245016727613352,-0.05601803309194385,0.07861410046209495
Singapore,survey_options,signed_l1_seed2026,roadworks,332,-0.0391566265060241,-0.07277047539870422,-0.03361384889268013,-0.07021236221294805,0.0032409777415983642,-0.0808182689103197,0.015698062259569122
Singapore,survey_options,signed_l1_seed7,accessibility,332,-0.24397590361445784,0.0707895938441696,0.3147654974586274,0.2638651522538479,0.3653198753309672,0.24874654389850526,0.38078704888001086
Singapore,survey_options,signed_l1_seed7,weather,332,-0.21987951807228914,-0.07571485583636775,0.1441646622359214,0.09789735768523337,0.19132501175318542,0.08479907011652522,0.20746644149489518
Singapore,survey_options,signed_l1_seed7,fare,332,-0.006024096385542169,0.017200014049030213,0.02322411043457238,-0.031600186526102116,0.07636057032799591,-0.04699615421042923,0.0926047544476451
Singapore,survey_options,signed_l1_seed7,transit_delay,332,-0.12048192771084337,-0.12547961547297526,-0.004997687762131892,-0.05621384403104501,0.04709821642174509,-0.07202034019497616,0.06290079065822951
Singapore,survey_options,signed_l1_seed7,roadworks,332,-0.0391566265060241,-0.14018267446971802,-0.10102604796369392,-0.13794563914121813,-0.06389531043571342,-0.14807768830468496,-0.05211096144000811
Singapore,survey_options,direction_magnitude_seed42,accessibility,332,-0.24397590361445784,-0.09650194928813052,0.14747395432632732,0.0970487122783011,0.1978528815994869,0.0809893768674032,0.2128695888698368
Singapore,survey_options,direction_magnitude_seed42,weather,332,-0.21987951807228914,-0.05861376639994153,0.16126575167234763,0.11501583802031286,0.20840135750400057,0.10134918039069926,0.2241365860271301
Singapore,survey_options,direction_magnitude_seed42,fare,332,-0.006024096385542169,-0.02298086432807417,-0.016956767942531998,-0.0714824155315263,0.036136069399562716,-0.08674490917765772,0.05235301752731829
Singapore,survey_options,direction_magnitude_seed42,transit_delay,332,-0.12048192771084337,-0.09415458685841906,0.026327340852424323,-0.024903969167092116,0.07857916573208408,-0.04153701609920665,0.09479151494105298
Singapore,survey_options,direction_magnitude_seed42,roadworks,332,-0.0391566265060241,-0.025990565947021347,0.01316606055900275,-0.02330373055469918,0.04999651264803237,-0.03538652103394269,0.06242010882146737
Singapore,survey_options,direction_magnitude_seed2026,accessibility,332,-0.24397590361445784,-0.12392571967947914,0.1200501839349787,0.06886502677400833,0.1710589777692277,0.05367207521174372,0.18732728078243227
Singapore,survey_options,direction_magnitude_seed2026,weather,332,-0.21987951807228914,-0.01783895899867078,0.20204055907361837,0.15561264227481045,0.249278839830455,0.14239803024865014,0.2651054249664611
Singapore,survey_options,direction_magnitude_seed2026,fare,332,-0.006024096385542169,-0.0032879003514367415,0.0027361960341054275,-0.052184395456170464,0.05573135781079439,-0.06746643210738808,0.07149905093496718
Singapore,survey_options,direction_magnitude_seed2026,transit_delay,332,-0.12048192771084337,-0.09068039306495564,0.029801534645887744,-0.020975968006616795,0.0817199494706534,-0.03687603474684418,0.09671250629014344
Singapore,survey_options,direction_magnitude_seed2026,roadworks,332,-0.0391566265060241,-0.08153359924095223,-0.04237697273492813,-0.07916746731308928,-0.005762510883610702,-0.08971418887421667,0.006660011418791683
Singapore,survey_options,direction_magnitude_seed7,accessibility,332,-0.24397590361445784,-0.02138081139110657,0.22259509222335125,0.17223786383036926,0.2728968797116933,0.15682884668112249,0.2878905758804765
Singapore,survey_options,direction_magnitude_seed7,weather,332,-0.21987951807228914,-0.0671243007373379,0.15275521733495126,0.10623059722774449,0.20050763412468492,0.0930892251833084,0.21610009452928383
Singapore,survey_options,direction_magnitude_seed7,fare,332,-0.006024096385542169,0.014817887064383691,0.02084198344992586,-0.03398334115227482,0.07398873484715908,-0.04931409704611154,0.09036348741243487
Singapore,survey_options,direction_magnitude_seed7,transit_delay,332,-0.12048192771084337,-0.05255981103632128,0.0679221166745221,0.01674493635064538,0.11991242580361246,0.0007994428009295532,0.1360161792743402
Singapore,survey_options,direction_magnitude_seed7,roadworks,332,-0.0391566265060241,-0.13072570399886155,-0.09156907749283745,-0.12853844813912746,-0.05412485266485846,-0.13891701428646064,-0.0421182121208544
Singapore,ownership,s9,accessibility,332,-0.24397590361445784,-0.1441975606728839,0.09977834294157395,0.047297829690849384,0.15180204966868532,0.030145303307561183,0.16934825783575805
Singapore,ownership,s9,weather,332,-0.21987951807228914,-0.19700558692306638,0.022873931149222766,-0.02232363471783787,0.06857788995082255,-0.03400010221026254,0.08458232575331805
Singapore,ownership,s9,fare,332,-0.006024096385542169,0.02099066499216729,0.02701476137770946,-0.027395108303178595,0.07949202935329173,-0.043306230286876836,0.09644907216990296
Singapore,ownership,s9,transit_delay,332,-0.12048192771084337,-0.14860546647245626,-0.02812353876161288,-0.08181095227293379,0.027463112001767345,-0.09810896775581458,0.042820811718028984
Singapore,ownership,s9,roadworks,332,-0.0391566265060241,-0.06085106277142663,-0.02169443626540253,-0.06015006967494825,0.01687011280579558,-0.07232063362846174,0.028378440295401954
Singapore,ownership,mnl_s,accessibility,332,-0.24397590361445784,0.13850202638450843,0.38247792999896624,0.3279635640619799,0.43668376155128374,0.3103278213342749,0.45296053660762137
Singapore,ownership,mnl_s,weather,332,-0.21987951807228914,-0.09276948823147294,0.12711002984081624,0.08559007958792707,0.1697428203937348,0.07272995223100624,0.18290832611739286
Singapore,ownership,mnl_s,fare,332,-0.006024096385542169,-0.0057653506450300596,0.00025874574051210476,-0.05403456512518831,0.05416300804050883,-0.0692128726019208,0.06966449547126598
Singapore,ownership,mnl_s,transit_delay,332,-0.12048192771084337,-0.08737342180285909,0.033108505907984274,-0.016735980388810735,0.08358208610171422,-0.032567366296649546,0.09826592617975256
Singapore,ownership,mnl_s,roadworks,332,-0.0391566265060241,-0.04917169347291033,-0.010015066966886237,-0.04698464781393466,0.02664021684279478,-0.05750054647298397,0.038370140548921405
Singapore,ownership,soft_kl_seed42,accessibility,332,-0.24397590361445784,-0.1877552324075656,0.05622067120689225,0.004432486469229033,0.10763115195770666,-0.010819323989394378,0.12342805765973147
Singapore,ownership,soft_kl_seed42,weather,332,-0.21987951807228914,-0.027003435182373924,0.19287608288991523,0.14740887052121474,0.23926073635720746,0.1339194343284513,0.25409389851783143
Singapore,ownership,soft_kl_seed42,fare,332,-0.006024096385542169,-0.012193829786167088,-0.006169733400624919,-0.06063119671531919,0.046893041814868135,-0.07629127378126674,0.0631578040307005
Singapore,ownership,soft_kl_seed42,transit_delay,332,-0.12048192771084337,-0.08158764768257198,0.03889428002827139,-0.011126889547063822,0.0891699148709493,-0.02724705498126975,0.10383568367191465
Singapore,ownership,soft_kl_seed42,roadworks,332,-0.0391566265060241,-0.028260532093335348,0.01089609441268875,-0.025668359929359102,0.04764907030186739,-0.03650879848927977,0.06040136096078943
Singapore,ownership,soft_kl_seed2026,accessibility,332,-0.24397590361445784,-0.2178273924895708,0.02614851112488702,-0.02541806464453777,0.07780174967504655,-0.04210248413377902,0.09388527330207488
Singapore,ownership,soft_kl_seed2026,weather,332,-0.21987951807228914,0.012000523866659188,0.23188004193894834,0.18546573288278678,0.27900906336179604,0.17214105462677864,0.2952877419549656
Singapore,ownership,soft_kl_seed2026,fare,332,-0.006024096385542169,-0.0014346440558332995,0.0045894523297088695,-0.050260920209406194,0.057634440684376884,-0.06607426782486489,0.07411990135145108
Singapore,ownership,soft_kl_seed2026,transit_delay,332,-0.12048192771084337,-0.08029985402048712,0.04018207369035626,-0.009910513663170747,0.09112657912759985,-0.02667464039254799,0.10635845172723897
Singapore,ownership,soft_kl_seed2026,roadworks,332,-0.0391566265060241,-0.0541814799947911,-0.015024853488767004,-0.05195674877838198,0.021225892516773145,-0.0620216512774308,0.03265201203614821
Singapore,ownership,soft_kl_seed7,accessibility,332,-0.24397590361445784,0.10662791953164052,0.35060382314609834,0.29926665355535564,0.40094956289696315,0.2838792983089652,0.41686664158590586
Singapore,ownership,soft_kl_seed7,weather,332,-0.21987951807228914,-0.032528233209467794,0.18735128486282135,0.14164635973606618,0.23413159809473633,0.12902058526065693,0.24896644726064593
Singapore,ownership,soft_kl_seed7,fare,332,-0.006024096385542169,0.00863444625613201,0.01465854264167418,-0.04013062740328261,0.06763475365622562,-0.05649674906204623,0.0842495584535041
Singapore,ownership,soft_kl_seed7,transit_delay,332,-0.12048192771084337,-0.14603137215375003,-0.025549444442906653,-0.07642259118834466,0.026449799440458905,-0.09332853365156529,0.041761646999876355
Singapore,ownership,soft_kl_seed7,roadworks,332,-0.0391566265060241,-0.061570088278098276,-0.02241346177207418,-0.059833603397191286,0.014577535656561306,-0.07063680390501956,0.026086799382983868
Singapore,ownership,ce_kl_seed42,accessibility,332,-0.24397590361445784,-0.3245475536488636,-0.08057165003440578,-0.13970197878139098,-0.022008768441113477,-0.15901604536828215,-0.004925474272578178
Singapore,ownership,ce_kl_seed42,weather,332,-0.21987951807228914,-0.049782372753034876,0.1700971453192543,0.12395140238923963,0.21665779966671658,0.1114869351982257,0.23255448343181756
Singapore,ownership,ce_kl_seed42,fare,332,-0.006024096385542169,-0.022310662229197573,-0.016286565843655402,-0.07097109953973846,0.03648139263267617,-0.08635443361913674,0.05296084139686838
Singapore,ownership,ce_kl_seed42,transit_delay,332,-0.12048192771084337,-0.052675534926175355,0.06780639278466802,0.016593236501429635,0.1201314797109492,0.0003673129532547923,0.13551527047849593
Singapore,ownership,ce_kl_seed42,roadworks,332,-0.0391566265060241,-0.03490440188402153,0.004252224622002567,-0.03256929644708892,0.04124549192836483,-0.04337632089494222,0.05391722794756819
Singapore,ownership,ce_kl_seed2026,accessibility,332,-0.24397590361445784,-0.2743429452018161,-0.03036704158735832,-0.08455770259592625,0.023399187837578692,-0.10204858865560851,0.040019526223003594
Singapore,ownership,ce_kl_seed2026,weather,332,-0.21987951807228914,0.04549652812665844,0.2653760461989476,0.2189841643851026,0.3122763495443456,0.2054803531182683,0.3285501557604287
Singapore,ownership,ce_kl_seed2026,fare,332,-0.006024096385542169,0.00709777834813997,0.013121874733682138,-0.04123465524234596,0.06680973157937448,-0.05699703245188098,0.0820892725323875
Singapore,ownership,ce_kl_seed2026,transit_delay,332,-0.12048192771084337,-0.0026377246670245408,0.11784420304381883,0.06682376122292893,0.16966766817663537,0.05098895730930437,0.1859529319156735
Singapore,ownership,ce_kl_seed2026,roadworks,332,-0.0391566265060241,-0.04431349541767534,-0.005156868911651243,-0.04194196707468076,0.03121523017131061,-0.05217621391616672,0.042456540499466
Singapore,ownership,ce_kl_seed7,accessibility,332,-0.24397590361445784,-0.10217339338465448,0.14180251022980336,0.08914154285637953,0.19308937250240985,0.07305366824030404,0.20923712300694916
Singapore,ownership,ce_kl_seed7,weather,332,-0.21987951807228914,-0.14414775641971683,0.07573176165257232,0.02987136975118711,0.12296163400421929,0.016636800074652514,0.13668194767354175
Singapore,ownership,ce_kl_seed7,fare,332,-0.006024096385542169,-0.003640796192528972,0.002383300193013197,-0.05213374278721321,0.05546019172649381,-0.06780132331447788,0.07153668516057432
Singapore,ownership,ce_kl_seed7,transit_delay,332,-0.12048192771084337,-0.10736898109260722,0.013112946618236152,-0.039487394778526405,0.06651820437295405,-0.05563485545353089,0.08259966888793187
Singapore,ownership,ce_kl_seed7,roadworks,332,-0.0391566265060241,-0.06847728708063264,-0.02932066057460854,-0.06689867041444024,0.008245487016322741,-0.07815118418288339,0.0198313210783412
Singapore,ownership,signed_l1_seed42,accessibility,332,-0.24397590361445784,-0.1321303499525929,0.11184555366186492,0.060676269971271866,0.16300591507124298,0.04511156209806227,0.17911142000148678
Singapore,ownership,signed_l1_seed42,weather,332,-0.21987951807228914,-0.043385171533438814,0.17649434653885035,0.13114316152795835,0.22292399131777102,0.11723707820743277,0.23764047492895787
Singapore,ownership,signed_l1_seed42,fare,332,-0.006024096385542169,-0.012386762189218798,-0.006362665803676628,-0.060837301492960336,0.04687068230438842,-0.0764423877541649,0.06299773312386972
Singapore,ownership,signed_l1_seed42,transit_delay,332,-0.12048192771084337,-0.06981479172336769,0.050667135987475694,0.0004316614402166346,0.10113931112776854,-0.015289097370198332,0.11571456432230307
Singapore,ownership,signed_l1_seed42,roadworks,332,-0.0391566265060241,-0.026658420462206185,0.01249820604381791,-0.024277479621211448,0.049318513011627166,-0.0354199918179986,0.062070125034864386
Singapore,ownership,signed_l1_seed2026,accessibility,332,-0.24397590361445784,-0.2062238576900528,0.037752045924405016,-0.01332396028664367,0.08865473420493843,-0.029530453006793037,0.10469685721867532
Singapore,ownership,signed_l1_seed2026,weather,332,-0.21987951807228914,0.007794606667685221,0.22767412473997437,0.18131549927260143,0.2747193774960217,0.16790703031425197,0.2905957868269992
Singapore,ownership,signed_l1_seed2026,fare,332,-0.006024096385542169,0.001505270555435893,0.007529366940978062,-0.04733314629509506,0.060532193316752636,-0.06276018966045455,0.07717060901404145
Singapore,ownership,signed_l1_seed2026,transit_delay,332,-0.12048192771084337,-0.0717800630099443,0.048701864700899065,-0.0011336947460266105,0.0996639848378184,-0.017787909538720743,0.11473822727967724
Singapore,ownership,signed_l1_seed2026,roadworks,332,-0.0391566265060241,-0.04727819310613426,-0.008121566600110158,-0.044794074549193846,0.028015684124351615,-0.055566291431615865,0.03971174184479804
Singapore,ownership,signed_l1_seed7,accessibility,332,-0.24397590361445784,0.09485853759639234,0.33883444121085016,0.28737532216718936,0.38918796826086666,0.272635746790904,0.40451894653141945
Singapore,ownership,signed_l1_seed7,weather,332,-0.21987951807228914,-0.05457716296056667,0.16530235511172248,0.11958149347190622,0.21185427137386856,0.10688270953551204,0.2259993124776799
Singapore,ownership,signed_l1_seed7,fare,332,-0.006024096385542169,0.003613783024161695,0.009637879409703863,-0.044970389136326415,0.06274223705439502,-0.06138391160955989,0.0791600454297948
Singapore,ownership,signed_l1_seed7,transit_delay,332,-0.12048192771084337,-0.19166079719820206,-0.07117886948735869,-0.12197744292066803,-0.019396883928138462,-0.1389323192732044,-0.004034739473038325
Singapore,ownership,signed_l1_seed7,roadworks,332,-0.0391566265060241,-0.0587648420807827,-0.0196082155747586,-0.05703938575124884,0.017393449516630275,-0.06779337651803191,0.02900935470474412
Singapore,ownership,direction_magnitude_seed42,accessibility,332,-0.24397590361445784,-0.14125380159007855,0.10272210202437926,0.05138930459983692,0.15410794850567872,0.03597374676233046,0.16975183052027656
Singapore,ownership,direction_magnitude_seed42,weather,332,-0.21987951807228914,-0.041288998639996514,0.17859051943229265,0.1329873040767319,0.2251252227387088,0.11939039686189806,0.2401530966856124
Singapore,ownership,direction_magnitude_seed42,fare,332,-0.006024096385542169,-0.022181131282305144,-0.016157034896762974,-0.07066826095400625,0.03683366029220347,-0.08614897795201065,0.05339865665209571
Singapore,ownership,direction_magnitude_seed42,transit_delay,332,-0.12048192771084337,-0.08089868957737842,0.039583238133464954,-0.010393948896776839,0.08994177190182975,-0.026988605814480995,0.10503111663543764
Singapore,ownership,direction_magnitude_seed42,roadworks,332,-0.0391566265060241,-0.024985973644687468,0.014170652861336628,-0.02265614406037402,0.05111760514148744,-0.0334913745953376,0.06382397889776754
Singapore,ownership,direction_magnitude_seed2026,accessibility,332,-0.24397590361445784,-0.12717030897557016,0.11680559463888766,0.06655076247112579,0.16665937118709132,0.05053466071728169,0.18342361175612243
Singapore,ownership,direction_magnitude_seed2026,weather,332,-0.21987951807228914,-0.003464534261589309,0.21641498381069985,0.17006011527839554,0.26354372449870034,0.15694745364632592,0.279243513890542
Singapore,ownership,direction_magnitude_seed2026,fare,332,-0.006024096385542169,-0.0006765720984303808,0.005347524287111788,-0.049537455837006666,0.05836196241799337,-0.06501924506702786,0.07467045564978685
Singapore,ownership,direction_magnitude_seed2026,transit_delay,332,-0.12048192771084337,-0.051015819007732784,0.0694661087031106,0.01923585522482284,0.12066881835617746,0.002437399517946754,0.13639782540421616
Singapore,ownership,direction_magnitude_seed2026,roadworks,332,-0.0391566265060241,-0.05139184437961464,-0.012235217873590538,-0.04907998902251921,0.024028962484774104,-0.05960983828697578,0.03558474274958103
Singapore,ownership,direction_magnitude_seed7,accessibility,332,-0.24397590361445784,-0.03330116095133575,0.21067474266312208,0.15984449995322578,0.2608344925949014,0.1445274593203093,0.27647329473060117
Singapore,ownership,direction_magnitude_seed7,weather,332,-0.21987951807228914,-0.05727627781410533,0.16260324025818382,0.11692773824703533,0.20937137973932435,0.10449768645688892,0.224123504788626
Singapore,ownership,direction_magnitude_seed7,fare,332,-0.006024096385542169,-9.289540978799383e-05,0.005931200975754175,-0.04845295383437839,0.05892737653072789,-0.06512472264524774,0.07516848787384844
Singapore,ownership,direction_magnitude_seed7,transit_delay,332,-0.12048192771084337,-0.2697613933663647,-0.14927946565552133,-0.20815158213600263,-0.08837577049218608,-0.22723415012341286,-0.06915552942256223
Singapore,ownership,direction_magnitude_seed7,roadworks,332,-0.0391566265060241,-0.054814998464412,-0.015658371958387905,-0.05323730310627136,0.021490349436560297,-0.06364233727510794,0.033353383035724375
Singapore,car_relaxed,s9,accessibility,332,-0.24397590361445784,-0.08209779648761074,0.16187810712684708,0.1112690408049286,0.21242074928336202,0.0954539625985963,0.2278194466480671
Singapore,car_relaxed,s9,weather,332,-0.21987951807228914,-0.18530506888651346,0.03457444918577571,-0.008028056812809263,0.07799411055418738,-0.019229663855014706,0.09224810461760548
Singapore,car_relaxed,s9,fare,332,-0.006024096385542169,-0.002397213546357241,0.003626882839184928,-0.05073884869532951,0.056717153866943634,-0.06734994479612144,0.07287266400451896
Singapore,car_relaxed,s9,transit_delay,332,-0.12048192771084337,-0.08176310764098293,0.038718820069860445,-0.013400995877504079,0.09176778071602043,-0.029781762276725642,0.10833210426602906
Singapore,car_relaxed,s9,roadworks,332,-0.0391566265060241,-0.16378643018114997,-0.12462980367512588,-0.1634145967836256,-0.085533767002242,-0.17543873904037277,-0.07265362952061628
Singapore,car_relaxed,mnl_s,accessibility,332,-0.24397590361445784,0.2895519330294816,0.5335278366439394,0.48219646226317703,0.5844842430550041,0.4674609683357028,0.6007436334130212
Singapore,car_relaxed,mnl_s,weather,332,-0.21987951807228914,-0.09845692791394249,0.12142259015834667,0.08010359324123739,0.16324821938696024,0.06798629832783079,0.17628408169941368
Singapore,car_relaxed,mnl_s,fare,332,-0.006024096385542169,-0.010369982535906267,-0.0043458861503641024,-0.05863804085997623,0.049614143513086496,-0.07379664477376849,0.06493938459605737
Singapore,car_relaxed,mnl_s,transit_delay,332,-0.12048192771084337,-0.13776747030605208,-0.017285542595208682,-0.06779408858091773,0.03441262071925512,-0.0832069896572574,0.04978412580305004
Singapore,car_relaxed,mnl_s,roadworks,332,-0.0391566265060241,-0.1341976106445091,-0.09504098413848498,-0.13166310956037755,-0.05759177139880277,-0.14234803393126033,-0.045071118538705934
Singapore,car_relaxed,soft_kl_seed42,accessibility,332,-0.24397590361445784,-0.1596741044938744,0.08430179912058344,0.033134987923395205,0.13569623256068541,0.01754959128982197,0.15007276562334218
Singapore,car_relaxed,soft_kl_seed42,weather,332,-0.21987951807228914,-0.009648508975753584,0.21023100909653558,0.16482462851325028,0.2565976538543915,0.15159470346739448,0.27176674593486877
Singapore,car_relaxed,soft_kl_seed42,fare,332,-0.006024096385542169,-0.017835479207247137,-0.011811382821704968,-0.06641476198424956,0.04127260639096599,-0.08197382633664073,0.05725979584213103
Singapore,car_relaxed,soft_kl_seed42,transit_delay,332,-0.12048192771084337,-0.0949184158480311,0.025563511862812274,-0.025716163389418407,0.07796133690855898,-0.042174863328158584,0.09405994616869646
Singapore,car_relaxed,soft_kl_seed42,roadworks,332,-0.0391566265060241,-0.044458238475293996,-0.005301611969269902,-0.041836170160985856,0.031724972372134036,-0.05337671779859138,0.04436360262693408
Singapore,car_relaxed,soft_kl_seed2026,accessibility,332,-0.24397590361445784,-0.20439584907817554,0.0395800545362823,-0.012053583686363445,0.09175755841368582,-0.028819991163264242,0.10746802903218056
Singapore,car_relaxed,soft_kl_seed2026,weather,332,-0.21987951807228914,-0.007812258933322975,0.21206725913896618,0.16586047691034983,0.2589903269871979,0.15312812332164902,0.27503786890700155
Singapore,car_relaxed,soft_kl_seed2026,fare,332,-0.006024096385542169,0.004661875608635236,0.010685971994177404,-0.044109818900946576,0.06373053415599896,-0.05983534468214465,0.0800371649704242
Singapore,car_relaxed,soft_kl_seed2026,transit_delay,332,-0.12048192771084337,-0.13732717362939414,-0.016845245918550765,-0.06866323375395578,0.035587352493368286,-0.08491850818574698,0.05196888602582759
Singapore,car_relaxed,soft_kl_seed2026,roadworks,332,-0.0391566265060241,-0.11590628716421414,-0.07674966065819006,-0.1130619940830462,-0.04029881954080913,-0.12393839172435453,-0.027985235416745698
Singapore,car_relaxed,soft_kl_seed7,accessibility,332,-0.24397590361445784,0.08812063457780933,0.33209653819226714,0.2812742551034092,0.38254941481962257,0.26548057642821443,0.39795068658372157
Singapore,car_relaxed,soft_kl_seed7,weather,332,-0.21987951807228914,-0.020373955043593805,0.19950556302869535,0.15390665077082588,0.24623711604305193,0.14131469014611275,0.2608272874879323
Singapore,car_relaxed,soft_kl_seed7,fare,332,-0.006024096385542169,0.0369357464229127,0.04295984280845487,-0.011611774940806698,0.09620707071756562,-0.02754871885606413,0.11244048284793111
Singapore,car_relaxed,soft_kl_seed7,transit_delay,332,-0.12048192771084337,-0.10327102149084928,0.017210906219994087,-0.034199894953474225,0.06970298623004141,-0.050860724728554484,0.08511582900183695
Singapore,car_relaxed,soft_kl_seed7,roadworks,332,-0.0391566265060241,-0.15831570215074411,-0.11915907564472003,-0.1564670302736831,-0.08163981917706958,-0.16639499122052487,-0.06883456190621638
Singapore,car_relaxed,ce_kl_seed42,accessibility,332,-0.24397590361445784,-0.17034870485497458,0.07362719875948324,0.021206329746542817,0.12577524601828294,0.005208824519387093,0.14086646944631168
Singapore,car_relaxed,ce_kl_seed42,weather,332,-0.21987951807228914,-0.03339456040580499,0.18648495766648418,0.14130498109426046,0.23258426802110835,0.12880987372426092,0.24743605892123446
Singapore,car_relaxed,ce_kl_seed42,fare,332,-0.006024096385542169,-0.020842277489782096,-0.014818181104239929,-0.06952104002198048,0.038132526081459346,-0.08520817681137159,0.054506388015606984
Singapore,car_relaxed,ce_kl_seed42,transit_delay,332,-0.12048192771084337,-0.03352540568308344,0.08695652202775994,0.0358375883362458,0.13927187100519195,0.01851889865871951,0.15585356715756607
Singapore,car_relaxed,ce_kl_seed42,roadworks,332,-0.0391566265060241,-0.06107251337134695,-0.021915886865322847,-0.05892430128731642,0.015347095590129641,-0.07054890603724732,0.02790275355913184
Singapore,car_relaxed,ce_kl_seed2026,accessibility,332,-0.24397590361445784,-0.21089062486573246,0.033085278748725376,-0.019813484481061776,0.08611643415860303,-0.03670025624289929,0.10195584457341003
Singapore,car_relaxed,ce_kl_seed2026,weather,332,-0.21987951807228914,0.01628722474315619,0.23616674281544534,0.18914852237387794,0.2835016383740388,0.17702017234472828,0.29905711000667407
Singapore,car_relaxed,ce_kl_seed2026,fare,332,-0.006024096385542169,-0.0011029976969921444,0.004921098688550024,-0.04957132510453777,0.05814712946471494,-0.06553702900438649,0.07378807308668466
Singapore,car_relaxed,ce_kl_seed2026,transit_delay,332,-0.12048192771084337,-0.033789474399289095,0.08669245331155429,0.03537900495842234,0.1386551584321893,0.01910963266381029,0.1552477118370391
Singapore,car_relaxed,ce_kl_seed2026,roadworks,332,-0.0391566265060241,-0.08012181484555624,-0.04096518833953214,-0.07753327452992818,-0.004185646399855615,-0.08849489797849253,0.00835229591926527
Singapore,car_relaxed,ce_kl_seed7,accessibility,332,-0.24397590361445784,-0.06521669270874686,0.17875921090571098,0.12711720916930674,0.2294878910043198,0.11152486659962325,0.24572315228387645
Singapore,car_relaxed,ce_kl_seed7,weather,332,-0.21987951807228914,-0.12690446548253656,0.09297505258975258,0.04871553648726072,0.13793857886430705,0.03670217410829591,0.15210914717280255
Singapore,car_relaxed,ce_kl_seed7,fare,332,-0.006024096385542169,0.0186837705143963,0.02470786689993847,-0.02998898060380829,0.07797069455951405,-0.04532900221511183,0.0937056235240277
Singapore,car_relaxed,ce_kl_seed7,transit_delay,332,-0.12048192771084337,-0.058150780723845386,0.06233114698699799,0.010876557782940366,0.11470196381525462,-0.006074673854086705,0.1308983151671471
Singapore,car_relaxed,ce_kl_seed7,roadworks,332,-0.0391566265060241,-0.16270451860345272,-0.12354789209742863,-0.1611491898057915,-0.08553868777466467,-0.17153851931555622,-0.07267532542482559
Singapore,car_relaxed,signed_l1_seed42,accessibility,332,-0.24397590361445784,-0.11558386244732573,0.1283920411671321,0.07756159153110516,0.1792465379557022,0.06178642510318657,0.19393057901984506
Singapore,car_relaxed,signed_l1_seed42,weather,332,-0.21987951807228914,-0.021497205696461432,0.19838231237582774,0.15298660514842585,0.2445767293305484,0.13977017868304603,0.2596644296314206
Singapore,car_relaxed,signed_l1_seed42,fare,332,-0.006024096385542169,-0.016625477696757717,-0.01060138131121555,-0.06506955806637205,0.04241446194642907,-0.08083569420434264,0.05843492517999555
Singapore,car_relaxed,signed_l1_seed42,transit_delay,332,-0.12048192771084337,-0.07883532188204398,0.0416466058287994,-0.009587831330115357,0.09401721496819462,-0.0260999701999083,0.11013354292464785
Singapore,car_relaxed,signed_l1_seed42,roadworks,332,-0.0391566265060241,-0.04115895711513887,-0.0020023306091147735,-0.038716160234467806,0.03492541203656824,-0.050386040139359885,0.047695657744195784
Singapore,car_relaxed,signed_l1_seed2026,accessibility,332,-0.24397590361445784,-0.219860639944897,0.024115263669560832,-0.02767698848325512,0.07638294137705745,-0.04425083935019526,0.09165819801973632
Singapore,car_relaxed,signed_l1_seed2026,weather,332,-0.21987951807228914,-0.007271344313420445,0.2126081737588687,0.16675747484585876,0.25936801218124755,0.1532587308762034,0.2750967466986054
Singapore,car_relaxed,signed_l1_seed2026,fare,332,-0.006024096385542169,0.00344549981226404,0.00946959619780621,-0.045354475166244676,0.06273018914746141,-0.060941749210188904,0.07876463469297407
Singapore,car_relaxed,signed_l1_seed2026,transit_delay,332,-0.12048192771084337,-0.13845283783837614,-0.01797091012753277,-0.0697193773889757,0.034444902145236454,-0.08584054048520973,0.05047072795763897
Singapore,car_relaxed,signed_l1_seed2026,roadworks,332,-0.0391566265060241,-0.08725938025906861,-0.04810275375304452,-0.0845851529658918,-0.011730951859604537,-0.09533253569963826,0.0008614259774246104
Singapore,car_relaxed,signed_l1_seed7,accessibility,332,-0.24397590361445784,0.08408618967486434,0.3280620932893222,0.2771534829933465,0.3784874608016472,0.261576022934954,0.39413625086971865
Singapore,car_relaxed,signed_l1_seed7,weather,332,-0.21987951807228914,-0.03827583158096994,0.18160368649131922,0.13633153729690575,0.227813502944759,0.12406826251455728,0.24294953466336938
Singapore,car_relaxed,signed_l1_seed7,fare,332,-0.006024096385542169,0.03164831865354475,0.037672415039086915,-0.01733374607087259,0.09094877062668373,-0.03298697678484472,0.10710841658581254
Singapore,car_relaxed,signed_l1_seed7,transit_delay,332,-0.12048192771084337,-0.15206160504337266,-0.03157967733252928,-0.08353560801072282,0.021024727643010232,-0.10002509146091439,0.037086560631911264
Singapore,car_relaxed,signed_l1_seed7,roadworks,332,-0.0391566265060241,-0.1384814756821437,-0.09932484917611961,-0.13637062371427933,-0.06212666821834375,-0.14694771937958628,-0.04908895585012727
Singapore,car_relaxed,direction_magnitude_seed42,accessibility,332,-0.24397590361445784,-0.12262783190572119,0.12134807170873665,0.07040230981382845,0.17235965355333074,0.05466628402808165,0.18740754262471268
Singapore,car_relaxed,direction_magnitude_seed42,weather,332,-0.21987951807228914,-0.027580041169043047,0.1922994769032461,0.1469893060259925,0.23845907098681005,0.1338024434260463,0.2535633672685194
Singapore,car_relaxed,direction_magnitude_seed42,fare,332,-0.006024096385542169,-0.026441547660583473,-0.020417451275041305,-0.0750687262610005,0.0325635173240205,-0.09077232006499655,0.048984226608222235
Singapore,car_relaxed,direction_magnitude_seed42,transit_delay,332,-0.12048192771084337,-0.10257948573723615,0.017902441973607224,-0.03341310480104602,0.07047177396759566,-0.049845683418147,0.08668892292350684
Singapore,car_relaxed,direction_magnitude_seed42,roadworks,332,-0.0391566265060241,-0.030125607029501213,0.009031019476522883,-0.0275015795670719,0.046110156286193645,-0.03943937142525451,0.05842704126633776
Singapore,car_relaxed,direction_magnitude_seed2026,accessibility,332,-0.24397590361445784,-0.14749293459063195,0.09648296902382589,0.045423635552042575,0.14773324340924127,0.029403497491155315,0.16396135422086922
Singapore,car_relaxed,direction_magnitude_seed2026,weather,332,-0.21987951807228914,-0.012512232154518008,0.20736728591777115,0.1614091574332217,0.2540367672315249,0.14835094701044305,0.27013162774073113
Singapore,car_relaxed,direction_magnitude_seed2026,fare,332,-0.006024096385542169,0.0005149023764463792,0.006538998761988548,-0.04822987956948668,0.059602457868406566,-0.06392716357260045,0.07537163336559292
Singapore,car_relaxed,direction_magnitude_seed2026,transit_delay,332,-0.12048192771084337,-0.10761645454240132,0.012865473168442049,-0.0383056817677276,0.06501784757767096,-0.054439896301377605,0.08066740595152116
Singapore,car_relaxed,direction_magnitude_seed2026,roadworks,332,-0.0391566265060241,-0.09766713466988988,-0.05851050816386579,-0.0953340918779463,-0.02192547351278995,-0.10575630655848836,-0.009540375677128341
Singapore,car_relaxed,direction_magnitude_seed7,accessibility,332,-0.24397590361445784,-0.028933783970683455,0.21504211964377437,0.16430757778236663,0.2653969930378293,0.14883001916716437,0.28103833990833565
Singapore,car_relaxed,direction_magnitude_seed7,weather,332,-0.21987951807228914,-0.03647467137190951,0.18340484670037965,0.13786404277871261,0.2299314805365403,0.12528495408661933,0.2448067666131284
Singapore,car_relaxed,direction_magnitude_seed7,fare,332,-0.006024096385542169,0.028402936566306883,0.034427032951849054,-0.020518461670950953,0.08779982989766148,-0.03649377743051533,0.10422665561751313
Singapore,car_relaxed,direction_magnitude_seed7,transit_delay,332,-0.12048192771084337,-0.07138918707335189,0.04909274063749149,-0.0024194217416393313,0.1015155288108017,-0.01923828482740076,0.11760918804695036
Singapore,car_relaxed,direction_magnitude_seed7,roadworks,332,-0.0391566265060241,-0.13129207083439254,-0.09213544432836843,-0.12936639821785223,-0.05468848466155044,-0.13978036018873913,-0.0419471358496651
Singapore,taxi_for_all,s9,accessibility,332,-0.24397590361445784,-0.0478201285677861,0.19615577504667173,,,,
Singapore,taxi_for_all,s9,weather,332,-0.21987951807228914,-0.32020589657666454,-0.10032637850437538,,,,
Singapore,taxi_for_all,s9,fare,332,-0.006024096385542169,0.004942164700253901,0.01096626108579607,,,,
Singapore,taxi_for_all,s9,transit_delay,332,-0.12048192771084337,-0.054752728988764335,0.06572919872207904,,,,
Singapore,taxi_for_all,s9,roadworks,332,-0.0391566265060241,-0.2349362782797361,-0.195779651773712,,,,
Singapore,taxi_for_all,mnl_s,accessibility,332,-0.24397590361445784,0.1155322010827538,0.3595081046972116,,,,
Singapore,taxi_for_all,mnl_s,weather,332,-0.21987951807228914,-0.30539746015384683,-0.08551794208155769,,,,
Singapore,taxi_for_all,mnl_s,fare,332,-0.006024096385542169,-0.008925558414672694,-0.002901462029130523,,,,
Singapore,taxi_for_all,mnl_s,transit_delay,332,-0.12048192771084337,-0.16510118648493585,-0.04461925877409251,,,,
Singapore,taxi_for_all,mnl_s,roadworks,332,-0.0391566265060241,-0.11426541855321687,-0.07510879204719277,,,,
Singapore,taxi_for_all,soft_kl_seed42,accessibility,332,-0.24397590361445784,-0.12716358124716096,0.11681232236729688,,,,
Singapore,taxi_for_all,soft_kl_seed42,weather,332,-0.21987951807228914,-0.03471970999142133,0.18515980808086782,,,,
Singapore,taxi_for_all,soft_kl_seed42,fare,332,-0.006024096385542169,-0.015795686742268413,-0.009771590356726244,,,,
Singapore,taxi_for_all,soft_kl_seed42,transit_delay,332,-0.12048192771084337,-0.08465828352708774,0.03582364418375564,,,,
Singapore,taxi_for_all,soft_kl_seed42,roadworks,332,-0.0391566265060241,-0.031992428633103885,0.007164197872920209,,,,
Singapore,taxi_for_all,soft_kl_seed2026,accessibility,332,-0.24397590361445784,-0.1561136343853032,0.08786226922915463,,,,
Singapore,taxi_for_all,soft_kl_seed2026,weather,332,-0.21987951807228914,-0.011354142923401781,0.2085253751488874,,,,
Singapore,taxi_for_all,soft_kl_seed2026,fare,332,-0.006024096385542169,-0.0006747914545507316,0.005349304930991437,,,,
Singapore,taxi_for_all,soft_kl_seed2026,transit_delay,332,-0.12048192771084337,-0.10602405278505869,0.014457874925784677,,,,
Singapore,taxi_for_all,soft_kl_seed2026,roadworks,332,-0.0391566265060241,-0.09918535128235817,-0.06002872477633407,,,,
Singapore,taxi_for_all,soft_kl_seed7,accessibility,332,-0.24397590361445784,0.07234751954899137,0.3163234231634492,,,,
Singapore,taxi_for_all,soft_kl_seed7,weather,332,-0.21987951807228914,-0.03878605047083763,0.18109346760145154,,,,
Singapore,taxi_for_all,soft_kl_seed7,fare,332,-0.006024096385542169,0.020896968947925483,0.02692106533346765,,,,
Singapore,taxi_for_all,soft_kl_seed7,transit_delay,332,-0.12048192771084337,-0.0854789073500468,0.03500302036079657,,,,
Singapore,taxi_for_all,soft_kl_seed7,roadworks,332,-0.0391566265060241,-0.15985800411148243,-0.12070137760545833,,,,
Singapore,taxi_for_all,ce_kl_seed42,accessibility,332,-0.24397590361445784,-0.12417962354276868,0.11979628007168915,,,,
Singapore,taxi_for_all,ce_kl_seed42,weather,332,-0.21987951807228914,-0.06732202753851033,0.15255749053377882,,,,
Singapore,taxi_for_all,ce_kl_seed42,fare,332,-0.006024096385542169,-0.020434253175843912,-0.014410156790301743,,,,
Singapore,taxi_for_all,ce_kl_seed42,transit_delay,332,-0.12048192771084337,-0.026679581767565245,0.09380234594327813,,,,
Singapore,taxi_for_all,ce_kl_seed42,roadworks,332,-0.0391566265060241,-0.03908031415867518,7.631234734891409e-05,,,,
Singapore,taxi_for_all,ce_kl_seed2026,accessibility,332,-0.24397590361445784,-0.1454147326462644,0.09856117096819343,,,,
Singapore,taxi_for_all,ce_kl_seed2026,weather,332,-0.21987951807228914,0.04041112897670772,0.26029064704899685,,,,
Singapore,taxi_for_all,ce_kl_seed2026,fare,332,-0.006024096385542169,0.001497412392173905,0.0075215087777160735,,,,
Singapore,taxi_for_all,ce_kl_seed2026,transit_delay,332,-0.12048192771084337,-0.016858894983867567,0.1036230327269758,,,,
Singapore,taxi_for_all,ce_kl_seed2026,roadworks,332,-0.0391566265060241,-0.06774468998233955,-0.028588063476315463,,,,
Singapore,taxi_for_all,ce_kl_seed7,accessibility,332,-0.24397590361445784,-0.038543543935450446,0.2054323596790074,,,,
Singapore,taxi_for_all,ce_kl_seed7,weather,332,-0.21987951807228914,-0.24398301694968558,-0.024103498877396424,,,,
Singapore,taxi_for_all,ce_kl_seed7,fare,332,-0.006024096385542169,0.0030924985073058,0.00911659489284797,,,,
Singapore,taxi_for_all,ce_kl_seed7,transit_delay,332,-0.12048192771084337,-0.04091174323504499,0.07957018447579839,,,,
Singapore,taxi_for_all,ce_kl_seed7,roadworks,332,-0.0391566265060241,-0.17116506000509463,-0.13200843349907054,,,,
Singapore,taxi_for_all,signed_l1_seed42,accessibility,332,-0.24397590361445784,-0.09297170185944043,0.15100420175501741,,,,
Singapore,taxi_for_all,signed_l1_seed42,weather,332,-0.21987951807228914,-0.04997647982315127,0.16990303824913788,,,,
Singapore,taxi_for_all,signed_l1_seed42,fare,332,-0.006024096385542169,-0.014846479093813035,-0.008822382708270866,,,,
Singapore,taxi_for_all,signed_l1_seed42,transit_delay,332,-0.12048192771084337,-0.07415875247174716,0.0463231752390962,,,,
Singapore,taxi_for_all,signed_l1_seed42,roadworks,332,-0.0391566265060241,-0.03218544525913445,0.006971181246889643,,,,
Singapore,taxi_for_all,signed_l1_seed2026,accessibility,332,-0.24397590361445784,-0.16956290663837129,0.07441299697608654,,,,
Singapore,taxi_for_all,signed_l1_seed2026,weather,332,-0.21987951807228914,-0.007240686621741358,0.2126388314505478,,,,
Singapore,taxi_for_all,signed_l1_seed2026,fare,332,-0.006024096385542169,-0.0006752764379762741,0.005348819947565894,,,,
Singapore,taxi_for_all,signed_l1_seed2026,transit_delay,332,-0.12048192771084337,-0.11111641053604074,0.009365517174802631,,,,
Singapore,taxi_for_all,signed_l1_seed2026,roadworks,332,-0.0391566265060241,-0.07175745491880968,-0.03260082841278559,,,,
Singapore,taxi_for_all,signed_l1_seed7,accessibility,332,-0.24397590361445784,0.07030476151729922,0.31428066513175706,,,,
Singapore,taxi_for_all,signed_l1_seed7,weather,332,-0.21987951807228914,-0.07507648556885949,0.14480303250342966,,,,
Singapore,taxi_for_all,signed_l1_seed7,fare,332,-0.006024096385542169,0.017077375046280492,0.023101471431822663,,,,
Singapore,taxi_for_all,signed_l1_seed7,transit_delay,332,-0.12048192771084337,-0.12913077856492566,-0.00864885085408228,,,,
Singapore,taxi_for_all,signed_l1_seed7,roadworks,332,-0.0391566265060241,-0.14071700650166316,-0.10156037999563906,,,,
Singapore,taxi_for_all,direction_magnitude_seed42,accessibility,332,-0.24397590361445784,-0.09782012229987297,0.14615578131458487,,,,
Singapore,taxi_for_all,direction_magnitude_seed42,weather,332,-0.21987951807228914,-0.060068813691207444,0.15981070438108172,,,,
Singapore,taxi_for_all,direction_magnitude_seed42,fare,332,-0.006024096385542169,-0.023192684312003206,-0.017168587926461035,,,,
Singapore,taxi_for_all,direction_magnitude_seed42,transit_delay,332,-0.12048192771084337,-0.09439080744891999,0.026091120261923378,,,,
Singapore,taxi_for_all,direction_magnitude_seed42,roadworks,332,-0.0391566265060241,-0.024586463908115065,0.01457016259790903,,,,
Singapore,taxi_for_all,direction_magnitude_seed2026,accessibility,332,-0.24397590361445784,-0.1245028758982578,0.11947302771620004,,,,
Singapore,taxi_for_all,direction_magnitude_seed2026,weather,332,-0.21987951807228914,-0.017568970233740575,0.20231054783854857,,,,
Singapore,taxi_for_all,direction_magnitude_seed2026,fare,332,-0.006024096385542169,-0.0033559629087706647,0.002668133476771504,,,,
Singapore,taxi_for_all,direction_magnitude_seed2026,transit_delay,332,-0.12048192771084337,-0.09166733458279128,0.028814593128052103,,,,
Singapore,taxi_for_all,direction_magnitude_seed2026,roadworks,332,-0.0391566265060241,-0.0804953866873879,-0.04133876018136381,,,,
Singapore,taxi_for_all,direction_magnitude_seed7,accessibility,332,-0.24397590361445784,-0.021419670634779585,0.22255623297967825,,,,
Singapore,taxi_for_all,direction_magnitude_seed7,weather,332,-0.21987951807228914,-0.06615137938320277,0.15372813868908639,,,,
Singapore,taxi_for_all,direction_magnitude_seed7,fare,332,-0.006024096385542169,0.014534207644412317,0.020558304029954486,,,,
Singapore,taxi_for_all,direction_magnitude_seed7,transit_delay,332,-0.12048192771084337,-0.053554213909482784,0.06692771380136059,,,,
Singapore,taxi_for_all,direction_magnitude_seed7,roadworks,332,-0.0391566265060241,-0.13048628084810385,-0.09132965434207974,,,,
Singapore,missing_income_low,s9,accessibility,332,-0.24397590361445784,-0.04768300486212394,0.19629289875233388,,,,
Singapore,missing_income_low,s9,weather,332,-0.21987951807228914,-0.3240231725510703,-0.1041436544787812,,,,
Singapore,missing_income_low,s9,fare,332,-0.006024096385542169,0.005030518566000174,0.011054614951542342,,,,
Singapore,missing_income_low,s9,transit_delay,332,-0.12048192771084337,-0.05763124495307096,0.06285068275777242,,,,
Singapore,missing_income_low,s9,roadworks,332,-0.0391566265060241,-0.22554524643458876,-0.18638861992856465,,,,
Singapore,missing_income_low,mnl_s,accessibility,332,-0.24397590361445784,0.11468627188184523,0.3586621754963031,,,,
Singapore,missing_income_low,mnl_s,weather,332,-0.21987951807228914,-0.30320898484579967,-0.08332946677351054,,,,
Singapore,missing_income_low,mnl_s,fare,332,-0.006024096385542169,-0.00858923440394851,-0.0025651380184063396,,,,
Singapore,missing_income_low,mnl_s,transit_delay,332,-0.12048192771084337,-0.1600343630119877,-0.03955243530114433,,,,
Singapore,missing_income_low,mnl_s,roadworks,332,-0.0391566265060241,-0.11465357876435314,-0.07549695225832904,,,,
Singapore,missing_income_low,soft_kl_seed42,accessibility,332,-0.24397590361445784,-0.12705558027892586,0.11692032333553197,,,,
Singapore,missing_income_low,soft_kl_seed42,weather,332,-0.21987951807228914,-0.03265500086617757,0.18722451720611158,,,,
Singapore,missing_income_low,soft_kl_seed42,fare,332,-0.006024096385542169,-0.016718511907271593,-0.010694415521729424,,,,
Singapore,missing_income_low,soft_kl_seed42,transit_delay,332,-0.12048192771084337,-0.08670483464487345,0.03377709306596992,,,,
Singapore,missing_income_low,soft_kl_seed42,roadworks,332,-0.0391566265060241,-0.030901555555412567,0.008255070950611528,,,,
Singapore,missing_income_low,soft_kl_seed2026,accessibility,332,-0.24397590361445784,-0.1544494734605752,0.08952643015388265,,,,
Singapore,missing_income_low,soft_kl_seed2026,weather,332,-0.21987951807228914,-0.01509104569229376,0.2047884723799954,,,,
Singapore,missing_income_low,soft_kl_seed2026,fare,332,-0.006024096385542169,-0.0006849207881703434,0.0053391755973718254,,,,
Singapore,missing_income_low,soft_kl_seed2026,transit_delay,332,-0.12048192771084337,-0.10546214091423226,0.015019786796611116,,,,
Singapore,missing_income_low,soft_kl_seed2026,roadworks,332,-0.0391566265060241,-0.09900488215218108,-0.05984825564615698,,,,
Singapore,missing_income_low,soft_kl_seed7,accessibility,332,-0.24397590361445784,0.07263173740805991,0.31660764102251776,,,,
Singapore,missing_income_low,soft_kl_seed7,weather,332,-0.21987951807228914,-0.03967187699513981,0.18020764107714934,,,,
Singapore,missing_income_low,soft_kl_seed7,fare,332,-0.006024096385542169,0.02115028021655169,0.027174376602093857,,,,
Singapore,missing_income_low,soft_kl_seed7,transit_delay,332,-0.12048192771084337,-0.08504151450245674,0.035440413208386624,,,,
Singapore,missing_income_low,soft_kl_seed7,roadworks,332,-0.0391566265060241,-0.15992970908262644,-0.12077308257660234,,,,
Singapore,missing_income_low,ce_kl_seed42,accessibility,332,-0.24397590361445784,-0.12626733830975684,0.117708565304701,,,,
Singapore,missing_income_low,ce_kl_seed42,weather,332,-0.21987951807228914,-0.06674312041084988,0.15313639766143927,,,,
Singapore,missing_income_low,ce_kl_seed42,fare,332,-0.006024096385542169,-0.02186497777745307,-0.015840881391910904,,,,
Singapore,missing_income_low,ce_kl_seed42,transit_delay,332,-0.12048192771084337,-0.02822186808937779,0.09226005962146558,,,,
Singapore,missing_income_low,ce_kl_seed42,roadworks,332,-0.0391566265060241,-0.036195728254605486,0.0029608982514186077,,,,
Singapore,missing_income_low,ce_kl_seed2026,accessibility,332,-0.24397590361445784,-0.14384144018348083,0.10013446343097701,,,,
Singapore,missing_income_low,ce_kl_seed2026,weather,332,-0.21987951807228914,0.0378627060205642,0.25774222409285336,,,,
Singapore,missing_income_low,ce_kl_seed2026,fare,332,-0.006024096385542169,0.0010622031425675713,0.00708629952810974,,,,
Singapore,missing_income_low,ce_kl_seed2026,transit_delay,332,-0.12048192771084337,-0.01677950853706304,0.10370241917378034,,,,
Singapore,missing_income_low,ce_kl_seed2026,roadworks,332,-0.0391566265060241,-0.06722533509853375,-0.02806870859250965,,,,
Singapore,missing_income_low,ce_kl_seed7,accessibility,332,-0.24397590361445784,-0.03986187985009817,0.20411402376435966,,,,
Singapore,missing_income_low,ce_kl_seed7,weather,332,-0.21987951807228914,-0.2450019739770207,-0.02512245590473155,,,,
Singapore,missing_income_low,ce_kl_seed7,fare,332,-0.006024096385542169,0.0026770309062607318,0.0087011272918029,,,,
Singapore,missing_income_low,ce_kl_seed7,transit_delay,332,-0.12048192771084337,-0.04103399112158601,0.07944793658925736,,,,
Singapore,missing_income_low,ce_kl_seed7,roadworks,332,-0.0391566265060241,-0.16961068065320872,-0.1304540541471846,,,,
Singapore,missing_income_low,signed_l1_seed42,accessibility,332,-0.24397590361445784,-0.09303319012095411,0.15094271349350372,,,,
Singapore,missing_income_low,signed_l1_seed42,weather,332,-0.21987951807228914,-0.04793075610131743,0.17194876197097173,,,,
Singapore,missing_income_low,signed_l1_seed42,fare,332,-0.006024096385542169,-0.015531688300241908,-0.009507591914699739,,,,
Singapore,missing_income_low,signed_l1_seed42,transit_delay,332,-0.12048192771084337,-0.07440368472093559,0.04607824298990778,,,,
Singapore,missing_income_low,signed_l1_seed42,roadworks,332,-0.0391566265060241,-0.03218686652470784,0.006969759981316256,,,,
Singapore,missing_income_low,signed_l1_seed2026,accessibility,332,-0.24397590361445784,-0.16754504832360578,0.07643085529085204,,,,
Singapore,missing_income_low,signed_l1_seed2026,weather,332,-0.21987951807228914,-0.009451728706887687,0.21042778936540146,,,,
Singapore,missing_income_low,signed_l1_seed2026,fare,332,-0.006024096385542169,-0.0007145091307809554,0.005309587254761213,,,,
Singapore,missing_income_low,signed_l1_seed2026,transit_delay,332,-0.12048192771084337,-0.10976000108857112,0.010721926622272256,,,,
Singapore,missing_income_low,signed_l1_seed2026,roadworks,332,-0.0391566265060241,-0.0736738326229963,-0.0345172061169722,,,,
Singapore,missing_income_low,signed_l1_seed7,accessibility,332,-0.24397590361445784,0.06970075149852109,0.31367665511297893,,,,
Singapore,missing_income_low,signed_l1_seed7,weather,332,-0.21987951807228914,-0.07470279046704612,0.14517672760524306,,,,
Singapore,missing_income_low,signed_l1_seed7,fare,332,-0.006024096385542169,0.017083543521094036,0.023107639906636203,,,,
Singapore,missing_income_low,signed_l1_seed7,transit_delay,332,-0.12048192771084337,-0.1259060647922108,-0.005424137081367424,,,,
Singapore,missing_income_low,signed_l1_seed7,roadworks,332,-0.0391566265060241,-0.14065838124917215,-0.10150175474314804,,,,
Singapore,missing_income_low,direction_magnitude_seed42,accessibility,332,-0.24397590361445784,-0.09790397102170321,0.1460719325927546,,,,
Singapore,missing_income_low,direction_magnitude_seed42,weather,332,-0.21987951807228914,-0.057507247798683415,0.16237227027360573,,,,
Singapore,missing_income_low,direction_magnitude_seed42,fare,332,-0.006024096385542169,-0.024083246600376553,-0.018059150214834386,,,,
Singapore,missing_income_low,direction_magnitude_seed42,transit_delay,332,-0.12048192771084337,-0.09700642887458026,0.023475498836263115,,,,
Singapore,missing_income_low,direction_magnitude_seed42,roadworks,332,-0.0391566265060241,-0.024022221744778645,0.015134404761245451,,,,
Singapore,missing_income_low,direction_magnitude_seed2026,accessibility,332,-0.24397590361445784,-0.12277891389262605,0.1211969897218318,,,,
Singapore,missing_income_low,direction_magnitude_seed2026,weather,332,-0.21987951807228914,-0.020072662664285625,0.19980685540800353,,,,
Singapore,missing_income_low,direction_magnitude_seed2026,fare,332,-0.006024096385542169,-0.003464890666395785,0.0025592057191463837,,,,
Singapore,missing_income_low,direction_magnitude_seed2026,transit_delay,332,-0.12048192771084337,-0.09098905023097632,0.029492877479867046,,,,
Singapore,missing_income_low,direction_magnitude_seed2026,roadworks,332,-0.0391566265060241,-0.08205741222005293,-0.04290078571402883,,,,
Singapore,missing_income_low,direction_magnitude_seed7,accessibility,332,-0.24397590361445784,-0.0225602766970195,0.22141562691743832,,,,
Singapore,missing_income_low,direction_magnitude_seed7,weather,332,-0.21987951807228914,-0.06574940119297748,0.15413011687931166,,,,
Singapore,missing_income_low,direction_magnitude_seed7,fare,332,-0.006024096385542169,0.014974504372621157,0.020998600758163326,,,,
Singapore,missing_income_low,direction_magnitude_seed7,transit_delay,332,-0.12048192771084337,-0.053477742246363355,0.06700418546448002,,,,
Singapore,missing_income_low,direction_magnitude_seed7,roadworks,332,-0.0391566265060241,-0.13166344690933285,-0.09250682040330875,,,,
Singapore,missing_income_high,s9,accessibility,332,-0.24397590361445784,-0.04857059779116906,0.19540530582328877,,,,
Singapore,missing_income_high,s9,weather,332,-0.21987951807228914,-0.3220582192606596,-0.1021787011883704,,,,
Singapore,missing_income_high,s9,fare,332,-0.006024096385542169,0.0059563280924795625,0.011980424478021732,,,,
Singapore,missing_income_high,s9,transit_delay,332,-0.12048192771084337,-0.05727363802795579,0.06320828968288758,,,,
Singapore,missing_income_high,s9,roadworks,332,-0.0391566265060241,-0.2335204557594226,-0.1943638292533985,,,,
Singapore,missing_income_high,mnl_s,accessibility,332,-0.24397590361445784,0.11817637143773665,0.36215227505219444,,,,
Singapore,missing_income_high,mnl_s,weather,332,-0.21987951807228914,-0.3004904036614122,-0.08061088558912306,,,,
Singapore,missing_income_high,mnl_s,fare,332,-0.006024096385542169,-0.008576403876790949,-0.0025523074912487784,,,,
Singapore,missing_income_high,mnl_s,transit_delay,332,-0.12048192771084337,-0.15957516419202578,-0.039093236481182424,,,,
Singapore,missing_income_high,mnl_s,roadworks,332,-0.0391566265060241,-0.1168530656831282,-0.07769643917710409,,,,
Singapore,missing_income_high,soft_kl_seed42,accessibility,332,-0.24397590361445784,-0.12567686445517354,0.1182990391592843,,,,
Singapore,missing_income_high,soft_kl_seed42,weather,332,-0.21987951807228914,-0.0317967989964478,0.18808271907584137,,,,
Singapore,missing_income_high,soft_kl_seed42,fare,332,-0.006024096385542169,-0.016860086986997043,-0.010835990601454872,,,,
Singapore,missing_income_high,soft_kl_seed42,transit_delay,332,-0.12048192771084337,-0.08669448490198477,0.0337874428088586,,,,
Singapore,missing_income_high,soft_kl_seed42,roadworks,332,-0.0391566265060241,-0.032448169966059995,0.006708456539964101,,,,
Singapore,missing_income_high,soft_kl_seed2026,accessibility,332,-0.24397590361445784,-0.15625107398323984,0.08772482963121798,,,,
Singapore,missing_income_high,soft_kl_seed2026,weather,332,-0.21987951807228914,-0.013293490329959306,0.20658602774232984,,,,
Singapore,missing_income_high,soft_kl_seed2026,fare,332,-0.006024096385542169,-0.0013286186135317906,0.004695477772010378,,,,
Singapore,missing_income_high,soft_kl_seed2026,transit_delay,332,-0.12048192771084337,-0.10604052900347903,0.014441398707364338,,,,
Singapore,missing_income_high,soft_kl_seed2026,roadworks,332,-0.0391566265060241,-0.09848036594599126,-0.05932373943996717,,,,
Singapore,missing_income_high,soft_kl_seed7,accessibility,332,-0.24397590361445784,0.07350384577525308,0.3174797493897109,,,,
Singapore,missing_income_high,soft_kl_seed7,weather,332,-0.21987951807228914,-0.03921593375593783,0.18066358431635132,,,,
Singapore,missing_income_high,soft_kl_seed7,fare,332,-0.006024096385542169,0.021493276132338018,0.02751737251788019,,,,
Singapore,missing_income_high,soft_kl_seed7,transit_delay,332,-0.12048192771084337,-0.08482790607622409,0.03565402163461928,,,,
Singapore,missing_income_high,soft_kl_seed7,roadworks,332,-0.0391566265060241,-0.15915892986827587,-0.12000230336225176,,,,
Singapore,missing_income_high,ce_kl_seed42,accessibility,332,-0.24397590361445784,-0.12475917789052768,0.11921672572393015,,,,
Singapore,missing_income_high,ce_kl_seed42,weather,332,-0.21987951807228914,-0.06598129328508603,0.15389822478720314,,,,
Singapore,missing_income_high,ce_kl_seed42,fare,332,-0.006024096385542169,-0.02205691162317273,-0.016032815237630563,,,,
Singapore,missing_income_high,ce_kl_seed42,transit_delay,332,-0.12048192771084337,-0.027752758644756872,0.0927291690660865,,,,
Singapore,missing_income_high,ce_kl_seed42,roadworks,332,-0.0391566265060241,-0.037561002894338356,0.0015956236116857413,,,,
Singapore,missing_income_high,ce_kl_seed2026,accessibility,332,-0.24397590361445784,-0.14502338780067772,0.09895251581378012,,,,
Singapore,missing_income_high,ce_kl_seed2026,weather,332,-0.21987951807228914,0.038593712795795085,0.25847323086808427,,,,
Singapore,missing_income_high,ce_kl_seed2026,fare,332,-0.006024096385542169,0.0009118351546755756,0.006935931540217744,,,,
Singapore,missing_income_high,ce_kl_seed2026,transit_delay,332,-0.12048192771084337,-0.016799747023776353,0.10368218068706703,,,,
Singapore,missing_income_high,ce_kl_seed2026,roadworks,332,-0.0391566265060241,-0.067546758755862,-0.0283901322498379,,,,
Singapore,missing_income_high,ce_kl_seed7,accessibility,332,-0.24397590361445784,-0.039067760979509855,0.20490814263494797,,,,
Singapore,missing_income_high,ce_kl_seed7,weather,332,-0.21987951807228914,-0.24300641530608558,-0.023126897233796406,,,,
Singapore,missing_income_high,ce_kl_seed7,fare,332,-0.006024096385542169,0.003580048826175282,0.00960414521171745,,,,
Singapore,missing_income_high,ce_kl_seed7,transit_delay,332,-0.12048192771084337,-0.04060283062014594,0.07987909709069743,,,,
Singapore,missing_income_high,ce_kl_seed7,roadworks,332,-0.0391566265060241,-0.1695208054215434,-0.13036417891551932,,,,
Singapore,missing_income_high,signed_l1_seed42,accessibility,332,-0.24397590361445784,-0.09153593626681221,0.15243996734764562,,,,
Singapore,missing_income_high,signed_l1_seed42,weather,332,-0.21987951807228914,-0.04712318618927734,0.17275633188301182,,,,
Singapore,missing_income_high,signed_l1_seed42,fare,332,-0.006024096385542169,-0.015469152368156307,-0.009445055982614138,,,,
Singapore,missing_income_high,signed_l1_seed42,transit_delay,332,-0.12048192771084337,-0.0741782881858119,0.04630363952503147,,,,
Singapore,missing_income_high,signed_l1_seed42,roadworks,332,-0.0391566265060241,-0.03346481281949813,0.005691813686525965,,,,
Singapore,missing_income_high,signed_l1_seed2026,accessibility,332,-0.24397590361445784,-0.16896417097985206,0.07501173263460577,,,,
Singapore,missing_income_high,signed_l1_seed2026,weather,332,-0.21987951807228914,-0.008752602657460305,0.21112691541482886,,,,
Singapore,missing_income_high,signed_l1_seed2026,fare,332,-0.006024096385542169,-0.0014834161174584583,0.004540680268083711,,,,
Singapore,missing_income_high,signed_l1_seed2026,transit_delay,332,-0.12048192771084337,-0.10997207360678768,0.010509854104055697,,,,
Singapore,missing_income_high,signed_l1_seed2026,roadworks,332,-0.0391566265060241,-0.07316712554858391,-0.034010499042559816,,,,
Singapore,missing_income_high,signed_l1_seed7,accessibility,332,-0.24397590361445784,0.07042400802609074,0.31439991164054854,,,,
Singapore,missing_income_high,signed_l1_seed7,weather,332,-0.21987951807228914,-0.07351546762623341,0.14636405044605574,,,,
Singapore,missing_income_high,signed_l1_seed7,fare,332,-0.006024096385542169,0.017600272052797926,0.023624368438340097,,,,
Singapore,missing_income_high,signed_l1_seed7,transit_delay,332,-0.12048192771084337,-0.12518188307701375,-0.0046999553661703705,,,,
Singapore,missing_income_high,signed_l1_seed7,roadworks,332,-0.0391566265060241,-0.1404418165245688,-0.10128519001854472,,,,
Singapore,missing_income_high,direction_magnitude_seed42,accessibility,332,-0.24397590361445784,-0.09629259827400906,0.14768330534044877,,,,
Singapore,missing_income_high,direction_magnitude_seed42,weather,332,-0.21987951807228914,-0.0561018013900303,0.16377771668225885,,,,
Singapore,missing_income_high,direction_magnitude_seed42,fare,332,-0.006024096385542169,-0.023995084351444818,-0.01797098796590265,,,,
Singapore,missing_income_high,direction_magnitude_seed42,transit_delay,332,-0.12048192771084337,-0.0962723293622215,0.024209598348621863,,,,
Singapore,missing_income_high,direction_magnitude_seed42,roadworks,332,-0.0391566265060241,-0.02542507127825036,0.013731555227773735,,,,
Singapore,missing_income_high,direction_magnitude_seed2026,accessibility,332,-0.24397590361445784,-0.12415800593703626,0.11981789767742157,,,,
Singapore,missing_income_high,direction_magnitude_seed2026,weather,332,-0.21987951807228914,-0.019250229966030062,0.2006292881062591,,,,
Singapore,missing_income_high,direction_magnitude_seed2026,fare,332,-0.006024096385542169,-0.004074227468795087,0.0019498689167470817,,,,
Singapore,missing_income_high,direction_magnitude_seed2026,transit_delay,332,-0.12048192771084337,-0.09111547364617686,0.02936645406466651,,,,
Singapore,missing_income_high,direction_magnitude_seed2026,roadworks,332,-0.0391566265060241,-0.08160026600382414,-0.04244363949780004,,,,
Singapore,missing_income_high,direction_magnitude_seed7,accessibility,332,-0.24397590361445784,-0.021887951900801027,0.2220879517136568,,,,
Singapore,missing_income_high,direction_magnitude_seed7,weather,332,-0.21987951807228914,-0.06484663719872394,0.1550328808735652,,,,
Singapore,missing_income_high,direction_magnitude_seed7,fare,332,-0.006024096385542169,0.01535837376961507,0.02138247015515724,,,,
Singapore,missing_income_high,direction_magnitude_seed7,transit_delay,332,-0.12048192771084337,-0.05286790460982102,0.06761402310102235,,,,
Singapore,missing_income_high,direction_magnitude_seed7,roadworks,332,-0.0391566265060241,-0.13123345509710083,-0.09207682859107673,,,,
Singapore,employed_office,s9,accessibility,332,-0.24397590361445784,-0.04792908557791667,0.19604681803654117,,,,
Singapore,employed_office,s9,weather,332,-0.21987951807228914,-0.32495810312544365,-0.1050785850531545,,,,
Singapore,employed_office,s9,fare,332,-0.006024096385542169,0.005294511319104448,0.011318607704646617,,,,
Singapore,employed_office,s9,transit_delay,332,-0.12048192771084337,-0.06278149804650211,0.05770042966434126,,,,
Singapore,employed_office,s9,roadworks,332,-0.0391566265060241,-0.20554945981466627,-0.16639283330864216,,,,
Singapore,employed_office,mnl_s,accessibility,332,-0.24397590361445784,0.14609957617758607,0.3900754797920439,,,,
Singapore,employed_office,mnl_s,weather,332,-0.21987951807228914,-0.2709152969206588,-0.05103577884836965,,,,
Singapore,employed_office,mnl_s,fare,332,-0.006024096385542169,-0.008774165894625003,-0.0027500695090828336,,,,
Singapore,employed_office,mnl_s,transit_delay,332,-0.12048192771084337,-0.1581069757928753,-0.037625048082031945,,,,
Singapore,employed_office,mnl_s,roadworks,332,-0.0391566265060241,-0.12378355834653955,-0.08462693184051548,,,,
Singapore,employed_office,soft_kl_seed42,accessibility,332,-0.24397590361445784,-0.12718046265822577,0.11679544095623207,,,,
Singapore,employed_office,soft_kl_seed42,weather,332,-0.21987951807228914,-0.048595481911247754,0.1712840361610414,,,,
Singapore,employed_office,soft_kl_seed42,fare,332,-0.006024096385542169,-0.013306924691760397,-0.007282828306218228,,,,
Singapore,employed_office,soft_kl_seed42,transit_delay,332,-0.12048192771084337,-0.08354149384042585,0.036940433870417524,,,,
Singapore,employed_office,soft_kl_seed42,roadworks,332,-0.0391566265060241,-0.03317844275250492,0.005978183753519173,,,,
Singapore,employed_office,soft_kl_seed2026,accessibility,332,-0.24397590361445784,-0.17133516254442105,0.07264074107003679,,,,
Singapore,employed_office,soft_kl_seed2026,weather,332,-0.21987951807228914,-0.007960615623517927,0.21191890244877123,,,,
Singapore,employed_office,soft_kl_seed2026,fare,332,-0.006024096385542169,0.00020124879946191627,0.006225345185004085,,,,
Singapore,employed_office,soft_kl_seed2026,transit_delay,332,-0.12048192771084337,-0.11122787045875945,0.009254057252083916,,,,
Singapore,employed_office,soft_kl_seed2026,roadworks,332,-0.0391566265060241,-0.07576053454933396,-0.03660390804330987,,,,
Singapore,employed_office,soft_kl_seed7,accessibility,332,-0.24397590361445784,0.06610501700092151,0.31008092061537934,,,,
Singapore,employed_office,soft_kl_seed7,weather,332,-0.21987951807228914,-0.05104723599660827,0.16883228207568088,,,,
Singapore,employed_office,soft_kl_seed7,fare,332,-0.006024096385542169,0.01590179919029575,0.021925895575837916,,,,
Singapore,employed_office,soft_kl_seed7,transit_delay,332,-0.12048192771084337,-0.08727514482922404,0.033206782881619344,,,,
Singapore,employed_office,soft_kl_seed7,roadworks,332,-0.0391566265060241,-0.13453112609953766,-0.09537449959351356,,,,
Singapore,employed_office,ce_kl_seed42,accessibility,332,-0.24397590361445784,-0.13361127900186903,0.1103646246125888,,,,
Singapore,employed_office,ce_kl_seed42,weather,332,-0.21987951807228914,-0.08223136351163308,0.13764815456065607,,,,
Singapore,employed_office,ce_kl_seed42,fare,332,-0.006024096385542169,-0.020146193611155074,-0.014122097225612905,,,,
Singapore,employed_office,ce_kl_seed42,transit_delay,332,-0.12048192771084337,-0.03025077775833253,0.09023114995251084,,,,
Singapore,employed_office,ce_kl_seed42,roadworks,332,-0.0391566265060241,-0.03614470497312316,0.003011921532900937,,,,
Singapore,employed_office,ce_kl_seed2026,accessibility,332,-0.24397590361445784,-0.17955131236048616,0.06442459125397165,,,,
Singapore,employed_office,ce_kl_seed2026,weather,332,-0.21987951807228914,0.038092350228184677,0.25797186830047386,,,,
Singapore,employed_office,ce_kl_seed2026,fare,332,-0.006024096385542169,0.00017661621502364976,0.006200712600565818,,,,
Singapore,employed_office,ce_kl_seed2026,transit_delay,332,-0.12048192771084337,-0.01985302624146802,0.10062890146937535,,,,
Singapore,employed_office,ce_kl_seed2026,roadworks,332,-0.0391566265060241,-0.03169343055012715,0.0074631959558969525,,,,
Singapore,employed_office,ce_kl_seed7,accessibility,332,-0.24397590361445784,-0.0436848951615842,0.20029100845287362,,,,
Singapore,employed_office,ce_kl_seed7,weather,332,-0.21987951807228914,-0.23419900180727063,-0.014319483734981483,,,,
Singapore,employed_office,ce_kl_seed7,fare,332,-0.006024096385542169,0.0006324518808578871,0.006656548266400056,,,,
Singapore,employed_office,ce_kl_seed7,transit_delay,332,-0.12048192771084337,-0.04446362138793142,0.07601830632291195,,,,
Singapore,employed_office,ce_kl_seed7,roadworks,332,-0.0391566265060241,-0.14330351191112795,-0.10414688540510385,,,,
Singapore,employed_office,signed_l1_seed42,accessibility,332,-0.24397590361445784,-0.0937313079856426,0.15024459562881523,,,,
Singapore,employed_office,signed_l1_seed42,weather,332,-0.21987951807228914,-0.06093760784042169,0.15894191023186746,,,,
Singapore,employed_office,signed_l1_seed42,fare,332,-0.006024096385542169,-0.013143100495259446,-0.007119004109717277,,,,
Singapore,employed_office,signed_l1_seed42,transit_delay,332,-0.12048192771084337,-0.0703670061586133,0.050114921552230074,,,,
Singapore,employed_office,signed_l1_seed42,roadworks,332,-0.0391566265060241,-0.03521260367818626,0.003944022827837841,,,,
Singapore,employed_office,signed_l1_seed2026,accessibility,332,-0.24397590361445784,-0.17926710314420333,0.06470880047025451,,,,
Singapore,employed_office,signed_l1_seed2026,weather,332,-0.21987951807228914,-0.02350308286048562,0.19637643521180354,,,,
Singapore,employed_office,signed_l1_seed2026,fare,332,-0.006024096385542169,0.00036454618156674394,0.006388642567108913,,,,
Singapore,employed_office,signed_l1_seed2026,transit_delay,332,-0.12048192771084337,-0.1043760797053755,0.016105848005467868,,,,
Singapore,employed_office,signed_l1_seed2026,roadworks,332,-0.0391566265060241,-0.05688705416508468,-0.01773042765906058,,,,
Singapore,employed_office,signed_l1_seed7,accessibility,332,-0.24397590361445784,0.05689083374139056,0.3008667373558484,,,,
Singapore,employed_office,signed_l1_seed7,weather,332,-0.21987951807228914,-0.0814329620271203,0.13844655604516887,,,,
Singapore,employed_office,signed_l1_seed7,fare,332,-0.006024096385542169,0.010271697114390063,0.01629579349993223,,,,
Singapore,employed_office,signed_l1_seed7,transit_delay,332,-0.12048192771084337,-0.12914299796593476,-0.00866107025509139,,,,
Singapore,employed_office,signed_l1_seed7,roadworks,332,-0.0391566265060241,-0.11651837902076273,-0.07736175251473863,,,,
Singapore,employed_office,direction_magnitude_seed42,accessibility,332,-0.24397590361445784,-0.09703317203794617,0.14694273157651166,,,,
Singapore,employed_office,direction_magnitude_seed42,weather,332,-0.21987951807228914,-0.07480706648160536,0.1450724515906838,,,,
Singapore,employed_office,direction_magnitude_seed42,fare,332,-0.006024096385542169,-0.02055022493004799,-0.01452612854450582,,,,
Singapore,employed_office,direction_magnitude_seed42,transit_delay,332,-0.12048192771084337,-0.0925504494772618,0.027931478233581566,,,,
Singapore,employed_office,direction_magnitude_seed42,roadworks,332,-0.0391566265060241,-0.02831806125770132,0.010838565248322773,,,,
Singapore,employed_office,direction_magnitude_seed2026,accessibility,332,-0.24397590361445784,-0.13093578147825347,0.11304012213620436,,,,
Singapore,employed_office,direction_magnitude_seed2026,weather,332,-0.21987951807228914,-0.020309928535337907,0.19956958953695125,,,,
Singapore,employed_office,direction_magnitude_seed2026,fare,332,-0.006024096385542169,-0.0036024678812687657,0.0024216285042734033,,,,
Singapore,employed_office,direction_magnitude_seed2026,transit_delay,332,-0.12048192771084337,-0.08649981627801814,0.03398211143282523,,,,
Singapore,employed_office,direction_magnitude_seed2026,roadworks,332,-0.0391566265060241,-0.05462674670908824,-0.01547012020306415,,,,
Singapore,employed_office,direction_magnitude_seed7,accessibility,332,-0.24397590361445784,-0.029408244730298776,0.21456765888415905,,,,
Singapore,employed_office,direction_magnitude_seed7,weather,332,-0.21987951807228914,-0.07611869366458023,0.14376082440770893,,,,
Singapore,employed_office,direction_magnitude_seed7,fare,332,-0.006024096385542169,0.009303513824580664,0.015327610210122833,,,,
Singapore,employed_office,direction_magnitude_seed7,transit_delay,332,-0.12048192771084337,-0.05777326593503738,0.062708661775806,,,,
Singapore,employed_office,direction_magnitude_seed7,roadworks,332,-0.0391566265060241,-0.11849335073886147,-0.07933672423283737,,,,
Singapore,transit_pass_yes,s9,accessibility,332,-0.24397590361445784,-0.048634510751005756,0.19534139286345206,,,,
Singapore,transit_pass_yes,s9,weather,332,-0.21987951807228914,-0.29853948527745094,-0.07865996720516179,,,,
Singapore,transit_pass_yes,s9,fare,332,-0.006024096385542169,0.011954547713948301,0.01797864409949047,,,,
Singapore,transit_pass_yes,s9,transit_delay,332,-0.12048192771084337,-0.07296183619210608,0.04752009151873728,,,,
Singapore,transit_pass_yes,s9,roadworks,332,-0.0391566265060241,-0.21136012990925326,-0.17220350340322918,,,,
Singapore,transit_pass_yes,mnl_s,accessibility,332,-0.24397590361445784,0.11389287253671732,0.3578687761511751,,,,
Singapore,transit_pass_yes,mnl_s,weather,332,-0.21987951807228914,-0.3041937889645528,-0.08431427089226362,,,,
Singapore,transit_pass_yes,mnl_s,fare,332,-0.006024096385542169,-0.00874355497828387,-0.0027194585927417044,,,,
Singapore,transit_pass_yes,mnl_s,transit_delay,332,-0.12048192771084337,-0.16186589369479795,-0.04138396598395455,,,,
Singapore,transit_pass_yes,mnl_s,roadworks,332,-0.0391566265060241,-0.11259730946926508,-0.073440682963241,,,,
Singapore,transit_pass_yes,soft_kl_seed42,accessibility,332,-0.24397590361445784,-0.1289892507694572,0.11498665284500065,,,,
Singapore,transit_pass_yes,soft_kl_seed42,weather,332,-0.21987951807228914,-0.024547690290015144,0.195331827782274,,,,
Singapore,transit_pass_yes,soft_kl_seed42,fare,332,-0.006024096385542169,-0.015787440430687135,-0.009763344045144966,,,,
Singapore,transit_pass_yes,soft_kl_seed42,transit_delay,332,-0.12048192771084337,-0.09663130468632801,0.02385062302451536,,,,
Singapore,transit_pass_yes,soft_kl_seed42,roadworks,332,-0.0391566265060241,-0.03937414180801575,-0.00021751530199165805,,,,
Singapore,transit_pass_yes,soft_kl_seed2026,accessibility,332,-0.24397590361445784,-0.17148777708433657,0.07248812653012125,,,,
Singapore,transit_pass_yes,soft_kl_seed2026,weather,332,-0.21987951807228914,-0.01191825718136437,0.2079612608909248,,,,
Singapore,transit_pass_yes,soft_kl_seed2026,fare,332,-0.006024096385542169,-0.003856614074972739,0.00216748231056943,,,,
Singapore,transit_pass_yes,soft_kl_seed2026,transit_delay,332,-0.12048192771084337,-0.11812038140102143,0.002361546309821936,,,,
Singapore,transit_pass_yes,soft_kl_seed2026,roadworks,332,-0.0391566265060241,-0.07441259592951062,-0.03525596942348653,,,,
Singapore,transit_pass_yes,soft_kl_seed7,accessibility,332,-0.24397590361445784,0.07304105681019375,0.3170169604246516,,,,
Singapore,transit_pass_yes,soft_kl_seed7,weather,332,-0.21987951807228914,-0.0483608667862164,0.17151865128607277,,,,
Singapore,transit_pass_yes,soft_kl_seed7,fare,332,-0.006024096385542169,0.03119203464004649,0.037216131025588656,,,,
Singapore,transit_pass_yes,soft_kl_seed7,transit_delay,332,-0.12048192771084337,-0.09199585619730404,0.028486071513539338,,,,
Singapore,transit_pass_yes,soft_kl_seed7,roadworks,332,-0.0391566265060241,-0.14975796554641552,-0.11060133904039142,,,,
Singapore,transit_pass_yes,ce_kl_seed42,accessibility,332,-0.24397590361445784,-0.13768166318361882,0.106294240430839,,,,
Singapore,transit_pass_yes,ce_kl_seed42,weather,332,-0.21987951807228914,-0.04589538992921182,0.17398412814307734,,,,
Singapore,transit_pass_yes,ce_kl_seed42,fare,332,-0.006024096385542169,-0.02255439172577427,-0.016530295340232103,,,,
Singapore,transit_pass_yes,ce_kl_seed42,transit_delay,332,-0.12048192771084337,-0.03233297547768712,0.08814895223315626,,,,
Singapore,transit_pass_yes,ce_kl_seed42,roadworks,332,-0.0391566265060241,-0.03612930453326329,0.0030273219727608093,,,,
Singapore,transit_pass_yes,ce_kl_seed2026,accessibility,332,-0.24397590361445784,-0.15502260457331607,0.08895329904114177,,,,
Singapore,transit_pass_yes,ce_kl_seed2026,weather,332,-0.21987951807228914,0.031135609193918216,0.2510151272662074,,,,
Singapore,transit_pass_yes,ce_kl_seed2026,fare,332,-0.006024096385542169,-0.0013926762144967735,0.0046314201710453955,,,,
Singapore,transit_pass_yes,ce_kl_seed2026,transit_delay,332,-0.12048192771084337,-0.01969370674566332,0.10078822096518006,,,,
Singapore,transit_pass_yes,ce_kl_seed2026,roadworks,332,-0.0391566265060241,-0.045300104397248075,-0.006143477891223976,,,,
Singapore,transit_pass_yes,ce_kl_seed7,accessibility,332,-0.24397590361445784,-0.04268154016617371,0.2012943634482841,,,,
Singapore,transit_pass_yes,ce_kl_seed7,weather,332,-0.21987951807228914,-0.25447554820699686,-0.03459603013470769,,,,
Singapore,transit_pass_yes,ce_kl_seed7,fare,332,-0.006024096385542169,0.009878034849303314,0.015902131234845483,,,,
Singapore,transit_pass_yes,ce_kl_seed7,transit_delay,332,-0.12048192771084337,-0.04459900426655918,0.0758829234442842,,,,
Singapore,transit_pass_yes,ce_kl_seed7,roadworks,332,-0.0391566265060241,-0.15932455937187356,-0.12016793286584947,,,,
Singapore,transit_pass_yes,signed_l1_seed42,accessibility,332,-0.24397590361445784,-0.09169675341347255,0.15227915020098529,,,,
Singapore,transit_pass_yes,signed_l1_seed42,weather,332,-0.21987951807228914,-0.03634948669427849,0.18353003137801066,,,,
Singapore,transit_pass_yes,signed_l1_seed42,fare,332,-0.006024096385542169,-0.015202541891709867,-0.009178445506167698,,,,
Singapore,transit_pass_yes,signed_l1_seed42,transit_delay,332,-0.12048192771084337,-0.08494148235094834,0.03554044535989503,,,,
Singapore,transit_pass_yes,signed_l1_seed42,roadworks,332,-0.0391566265060241,-0.03715169905539019,0.002004927450633911,,,,
Singapore,transit_pass_yes,signed_l1_seed2026,accessibility,332,-0.24397590361445784,-0.1822399229866015,0.06173598062785634,,,,
Singapore,transit_pass_yes,signed_l1_seed2026,weather,332,-0.21987951807228914,-0.01634588331567595,0.2035336347566132,,,,
Singapore,transit_pass_yes,signed_l1_seed2026,fare,332,-0.006024096385542169,-0.0027506861566420062,0.0032734102289001627,,,,
Singapore,transit_pass_yes,signed_l1_seed2026,transit_delay,332,-0.12048192771084337,-0.11930057107953422,0.0011813566313091531,,,,
Singapore,transit_pass_yes,signed_l1_seed2026,roadworks,332,-0.0391566265060241,-0.05175740213458797,-0.01260077562856387,,,,
Singapore,transit_pass_yes,signed_l1_seed7,accessibility,332,-0.24397590361445784,0.07360096037926445,0.31757686399372226,,,,
Singapore,transit_pass_yes,signed_l1_seed7,weather,332,-0.21987951807228914,-0.07558234723800995,0.1442971708342792,,,,
Singapore,transit_pass_yes,signed_l1_seed7,fare,332,-0.006024096385542169,0.024786255804889173,0.030810352190431343,,,,
Singapore,transit_pass_yes,signed_l1_seed7,transit_delay,332,-0.12048192771084337,-0.13336156845003008,-0.012879640739186701,,,,
Singapore,transit_pass_yes,signed_l1_seed7,roadworks,332,-0.0391566265060241,-0.12848199984754424,-0.08932537334152015,,,,
Singapore,transit_pass_yes,direction_magnitude_seed42,accessibility,332,-0.24397590361445784,-0.10046034013426089,0.14351556348019695,,,,
Singapore,transit_pass_yes,direction_magnitude_seed42,weather,332,-0.21987951807228914,-0.04296182126300522,0.17691769680928393,,,,
Singapore,transit_pass_yes,direction_magnitude_seed42,fare,332,-0.006024096385542169,-0.025069270462515843,-0.019045174076973675,,,,
Singapore,transit_pass_yes,direction_magnitude_seed42,transit_delay,332,-0.12048192771084337,-0.10803311246346278,0.01244881524738059,,,,
Singapore,transit_pass_yes,direction_magnitude_seed42,roadworks,332,-0.0391566265060241,-0.02836573958755976,0.010790886918464339,,,,
Singapore,transit_pass_yes,direction_magnitude_seed2026,accessibility,332,-0.24397590361445784,-0.13569872108209563,0.1082771825323622,,,,
Singapore,transit_pass_yes,direction_magnitude_seed2026,weather,332,-0.21987951807228914,-0.027232398211686725,0.19264711986060243,,,,
Singapore,transit_pass_yes,direction_magnitude_seed2026,fare,332,-0.006024096385542169,-0.006733201331941478,-0.0007091049463993095,,,,
Singapore,transit_pass_yes,direction_magnitude_seed2026,transit_delay,332,-0.12048192771084337,-0.10316468089684305,0.01731724681400032,,,,
Singapore,transit_pass_yes,direction_magnitude_seed2026,roadworks,332,-0.0391566265060241,-0.06393214579985802,-0.02477551929383393,,,,
Singapore,transit_pass_yes,direction_magnitude_seed7,accessibility,332,-0.24397590361445784,-0.02159763612301953,0.2223782674914383,,,,
Singapore,transit_pass_yes,direction_magnitude_seed7,weather,332,-0.21987951807228914,-0.06771149450396917,0.15216802356832,,,,
Singapore,transit_pass_yes,direction_magnitude_seed7,fare,332,-0.006024096385542169,0.021961488390722907,0.027985584776265074,,,,
Singapore,transit_pass_yes,direction_magnitude_seed7,transit_delay,332,-0.12048192771084337,-0.05534641741331756,0.0651355102975258,,,,
Singapore,transit_pass_yes,direction_magnitude_seed7,roadworks,332,-0.0391566265060241,-0.12049299922872739,-0.08133637272270329,,,,
Singapore,flexible_schedule,s9,accessibility,332,-0.24397590361445784,-0.05008923898013421,0.19388666463432364,,,,
Singapore,flexible_schedule,s9,weather,332,-0.21987951807228914,-0.26558293268668004,-0.0457034146143909,,,,
Singapore,flexible_schedule,s9,fare,332,-0.006024096385542169,0.011042917921510806,0.017067014307052975,,,,
Singapore,flexible_schedule,s9,transit_delay,332,-0.12048192771084337,-0.04790074141774641,0.07258118629309697,,,,
Singapore,flexible_schedule,s9,roadworks,332,-0.0391566265060241,-0.29858408410506077,-0.2594274575990367,,,,
Singapore,flexible_schedule,mnl_s,accessibility,332,-0.24397590361445784,0.17306483555717636,0.4170407391716342,,,,
Singapore,flexible_schedule,mnl_s,weather,332,-0.21987951807228914,-0.2548603266083618,-0.03498080853607259,,,,
Singapore,flexible_schedule,mnl_s,fare,332,-0.006024096385542169,-0.010212153069062764,-0.004188056683520592,,,,
Singapore,flexible_schedule,mnl_s,transit_delay,332,-0.12048192771084337,-0.16657062831197234,-0.04608870060112894,,,,
Singapore,flexible_schedule,mnl_s,roadworks,332,-0.0391566265060241,-0.12746363667456614,-0.08830701016854205,,,,
Singapore,flexible_schedule,soft_kl_seed42,accessibility,332,-0.24397590361445784,-0.12985514939190393,0.1141207542225539,,,,
Singapore,flexible_schedule,soft_kl_seed42,weather,332,-0.21987951807228914,-0.03487371539427753,0.18500580267801162,,,,
Singapore,flexible_schedule,soft_kl_seed42,fare,332,-0.006024096385542169,-0.01760880651333964,-0.011584710127797472,,,,
Singapore,flexible_schedule,soft_kl_seed42,transit_delay,332,-0.12048192771084337,-0.08300356013722808,0.0374783675736153,,,,
Singapore,flexible_schedule,soft_kl_seed42,roadworks,332,-0.0391566265060241,-0.04515160359891064,-0.005994977092886546,,,,
Singapore,flexible_schedule,soft_kl_seed2026,accessibility,332,-0.24397590361445784,-0.1683907263115587,0.07558517730289913,,,,
Singapore,flexible_schedule,soft_kl_seed2026,weather,332,-0.21987951807228914,0.029772204268409545,0.2496517223406987,,,,
Singapore,flexible_schedule,soft_kl_seed2026,fare,332,-0.006024096385542169,0.008661398910973445,0.014685495296515614,,,,
Singapore,flexible_schedule,soft_kl_seed2026,transit_delay,332,-0.12048192771084337,-0.13051994986473078,-0.010038022153887403,,,,
Singapore,flexible_schedule,soft_kl_seed2026,roadworks,332,-0.0391566265060241,-0.09071677501302168,-0.05156014850699758,,,,
Singapore,flexible_schedule,soft_kl_seed7,accessibility,332,-0.24397590361445784,0.06969213215297604,0.31366803576743385,,,,
Singapore,flexible_schedule,soft_kl_seed7,weather,332,-0.21987951807228914,-0.03807406213852656,0.1818054559337626,,,,
Singapore,flexible_schedule,soft_kl_seed7,fare,332,-0.006024096385542169,0.028341516672846782,0.03436561305838895,,,,
Singapore,flexible_schedule,soft_kl_seed7,transit_delay,332,-0.12048192771084337,-0.08247917321375964,0.038002754497083735,,,,
Singapore,flexible_schedule,soft_kl_seed7,roadworks,332,-0.0391566265060241,-0.1585576501955469,-0.1194010236895228,,,,
Singapore,flexible_schedule,ce_kl_seed42,accessibility,332,-0.24397590361445784,-0.13997529491120164,0.1040006087032562,,,,
Singapore,flexible_schedule,ce_kl_seed42,weather,332,-0.21987951807228914,-0.10860742977539818,0.11127208829689098,,,,
Singapore,flexible_schedule,ce_kl_seed42,fare,332,-0.006024096385542169,-0.027885846917079873,-0.021861750531537705,,,,
Singapore,flexible_schedule,ce_kl_seed42,transit_delay,332,-0.12048192771084337,-0.037469382383804546,0.08301254532703883,,,,
Singapore,flexible_schedule,ce_kl_seed42,roadworks,332,-0.0391566265060241,-0.04089214706636337,-0.0017355205603392728,,,,
Singapore,flexible_schedule,ce_kl_seed2026,accessibility,332,-0.24397590361445784,-0.1675686136011528,0.07640729001330504,,,,
Singapore,flexible_schedule,ce_kl_seed2026,weather,332,-0.21987951807228914,0.02738589629059635,0.24726541436288552,,,,
Singapore,flexible_schedule,ce_kl_seed2026,fare,332,-0.006024096385542169,0.004834790399903993,0.010858886785446161,,,,
Singapore,flexible_schedule,ce_kl_seed2026,transit_delay,332,-0.12048192771084337,-0.035832783100700163,0.08464914461014321,,,,
Singapore,flexible_schedule,ce_kl_seed2026,roadworks,332,-0.0391566265060241,-0.0905587722558573,-0.05140214574983321,,,,
Singapore,flexible_schedule,ce_kl_seed7,accessibility,332,-0.24397590361445784,-0.036682842877210985,0.20729306073724685,,,,
Singapore,flexible_schedule,ce_kl_seed7,weather,332,-0.21987951807228914,-0.23194243507571968,-0.012062917003430516,,,,
Singapore,flexible_schedule,ce_kl_seed7,fare,332,-0.006024096385542169,0.00591705841606999,0.01194115480161216,,,,
Singapore,flexible_schedule,ce_kl_seed7,transit_delay,332,-0.12048192771084337,-0.039030951949913635,0.08145097576092973,,,,
Singapore,flexible_schedule,ce_kl_seed7,roadworks,332,-0.0391566265060241,-0.18103073914367032,-0.14187411263764624,,,,
Singapore,flexible_schedule,signed_l1_seed42,accessibility,332,-0.24397590361445784,-0.09857342164424887,0.14540248197020897,,,,
Singapore,flexible_schedule,signed_l1_seed42,weather,332,-0.21987951807228914,-0.06790144601275763,0.15197807205953154,,,,
Singapore,flexible_schedule,signed_l1_seed42,fare,332,-0.006024096385542169,-0.01845890332955912,-0.012434806944016951,,,,
Singapore,flexible_schedule,signed_l1_seed42,transit_delay,332,-0.12048192771084337,-0.07520438781210098,0.04527753989874239,,,,
Singapore,flexible_schedule,signed_l1_seed42,roadworks,332,-0.0391566265060241,-0.0379456309489457,0.001210995557078396,,,,
Singapore,flexible_schedule,signed_l1_seed2026,accessibility,332,-0.24397590361445784,-0.16107489114223295,0.08290101247222488,,,,
Singapore,flexible_schedule,signed_l1_seed2026,weather,332,-0.21987951807228914,0.004296556519097592,0.22417607459138675,,,,
Singapore,flexible_schedule,signed_l1_seed2026,fare,332,-0.006024096385542169,0.01190134418387729,0.01792544056941946,,,,
Singapore,flexible_schedule,signed_l1_seed2026,transit_delay,332,-0.12048192771084337,-0.12794049769774618,-0.007458569986902806,,,,
Singapore,flexible_schedule,signed_l1_seed2026,roadworks,332,-0.0391566265060241,-0.09647082676549992,-0.057314200259475825,,,,
Singapore,flexible_schedule,signed_l1_seed7,accessibility,332,-0.24397590361445784,0.07137954809579504,0.31535545171025287,,,,
Singapore,flexible_schedule,signed_l1_seed7,weather,332,-0.21987951807228914,-0.07967989694282233,0.14019962112946682,,,,
Singapore,flexible_schedule,signed_l1_seed7,fare,332,-0.006024096385542169,0.02247884544173637,0.028502941827278538,,,,
Singapore,flexible_schedule,signed_l1_seed7,transit_delay,332,-0.12048192771084337,-0.1224599843199578,-0.00197805660911443,,,,
Singapore,flexible_schedule,signed_l1_seed7,roadworks,332,-0.0391566265060241,-0.14114018785486737,-0.10198356134884329,,,,
Singapore,flexible_schedule,direction_magnitude_seed42,accessibility,332,-0.24397590361445784,-0.1043850476236408,0.13959085599081703,,,,
Singapore,flexible_schedule,direction_magnitude_seed42,weather,332,-0.21987951807228914,-0.06970944431195238,0.15017007376033678,,,,
Singapore,flexible_schedule,direction_magnitude_seed42,fare,332,-0.006024096385542169,-0.025218465152275132,-0.01919436876673296,,,,
Singapore,flexible_schedule,direction_magnitude_seed42,transit_delay,332,-0.12048192771084337,-0.09577149514064014,0.02471043257020324,,,,
Singapore,flexible_schedule,direction_magnitude_seed42,roadworks,332,-0.0391566265060241,-0.03406213924109218,0.00509448726493192,,,,
Singapore,flexible_schedule,direction_magnitude_seed2026,accessibility,332,-0.24397590361445784,-0.10861125053187091,0.1353646530825869,,,,
Singapore,flexible_schedule,direction_magnitude_seed2026,weather,332,-0.21987951807228914,0.012277778642005232,0.2321572967142944,,,,
Singapore,flexible_schedule,direction_magnitude_seed2026,fare,332,-0.006024096385542169,0.004973908684339868,0.010998005069882036,,,,
Singapore,flexible_schedule,direction_magnitude_seed2026,transit_delay,332,-0.12048192771084337,-0.10793793459523873,0.012543993115604642,,,,
Singapore,flexible_schedule,direction_magnitude_seed2026,roadworks,332,-0.0391566265060241,-0.07721636955996594,-0.038059743053941844,,,,
Singapore,flexible_schedule,direction_magnitude_seed7,accessibility,332,-0.24397590361445784,-0.02240999583828162,0.2215659077761762,,,,
Singapore,flexible_schedule,direction_magnitude_seed7,weather,332,-0.21987951807228914,-0.07442824183458305,0.1454512762377061,,,,
Singapore,flexible_schedule,direction_magnitude_seed7,fare,332,-0.006024096385542169,0.01975149932844811,0.025775595713990282,,,,
Singapore,flexible_schedule,direction_magnitude_seed7,transit_delay,332,-0.12048192771084337,-0.05123293502971597,0.0692489926811274,,,,
Singapore,flexible_schedule,direction_magnitude_seed7,roadworks,332,-0.0391566265060241,-0.12640520629574017,-0.08724857978971608,,,,
Singapore,commute_morning,s9,accessibility,332,-0.24397590361445784,-0.05472287652924298,0.18925302708521485,,,,
Singapore,commute_morning,s9,weather,332,-0.21987951807228914,-0.2979859577222581,-0.07810643964996898,,,,
Singapore,commute_morning,s9,fare,332,-0.006024096385542169,0.00397734032068626,0.010001436706228429,,,,
Singapore,commute_morning,s9,transit_delay,332,-0.12048192771084337,-0.05828013376848974,0.06220179394235363,,,,
Singapore,commute_morning,s9,roadworks,332,-0.0391566265060241,-0.23511009066399322,-0.19595346415796913,,,,
Singapore,commute_morning,mnl_s,accessibility,332,-0.24397590361445784,0.12308225515050196,0.36705815876495984,,,,
Singapore,commute_morning,mnl_s,weather,332,-0.21987951807228914,-0.2924868607540404,-0.07260734268175123,,,,
Singapore,commute_morning,mnl_s,fare,332,-0.006024096385542169,-0.00794709320029547,-0.0019229968147532958,,,,
Singapore,commute_morning,mnl_s,transit_delay,332,-0.12048192771084337,-0.1522158371709896,-0.03173390946014623,,,,
Singapore,commute_morning,mnl_s,roadworks,332,-0.0391566265060241,-0.1238654117946522,-0.08470878528862812,,,,
Singapore,commute_morning,soft_kl_seed42,accessibility,332,-0.24397590361445784,-0.1191438387249069,0.12483206488955093,,,,
Singapore,commute_morning,soft_kl_seed42,weather,332,-0.21987951807228914,-0.024729520071253,0.19514999800103616,,,,
Singapore,commute_morning,soft_kl_seed42,fare,332,-0.006024096385542169,-0.012415408437331039,-0.00639131205178887,,,,
Singapore,commute_morning,soft_kl_seed42,transit_delay,332,-0.12048192771084337,-0.07563680482197957,0.0448451228888638,,,,
Singapore,commute_morning,soft_kl_seed42,roadworks,332,-0.0391566265060241,-0.03349778217723571,0.005658844328788389,,,,
Singapore,commute_morning,soft_kl_seed2026,accessibility,332,-0.24397590361445784,-0.22278716495956283,0.021188738654895,,,,
Singapore,commute_morning,soft_kl_seed2026,weather,332,-0.21987951807228914,-0.03025948098041566,0.1896200370918735,,,,
Singapore,commute_morning,soft_kl_seed2026,fare,332,-0.006024096385542169,-0.01023721098002181,-0.004213114594479641,,,,
Singapore,commute_morning,soft_kl_seed2026,transit_delay,332,-0.12048192771084337,-0.14575387429760164,-0.025271946586758257,,,,
Singapore,commute_morning,soft_kl_seed2026,roadworks,332,-0.0391566265060241,-0.06436767415648484,-0.025211047650460738,,,,
Singapore,commute_morning,soft_kl_seed7,accessibility,332,-0.24397590361445784,0.07162738040493555,0.31560328401939336,,,,
Singapore,commute_morning,soft_kl_seed7,weather,332,-0.21987951807228914,-0.016756170519055372,0.20312334755323377,,,,
Singapore,commute_morning,soft_kl_seed7,fare,332,-0.006024096385542169,0.019337758982935584,0.02536185536847775,,,,
Singapore,commute_morning,soft_kl_seed7,transit_delay,332,-0.12048192771084337,-0.07623753330602973,0.04424439440481365,,,,
Singapore,commute_morning,soft_kl_seed7,roadworks,332,-0.0391566265060241,-0.1596460045730493,-0.12048937806702521,,,,
Singapore,commute_morning,ce_kl_seed42,accessibility,332,-0.24397590361445784,-0.12045513291026926,0.12352077070418857,,,,
Singapore,commute_morning,ce_kl_seed42,weather,332,-0.21987951807228914,-0.0772935397676136,0.14258597830467554,,,,
Singapore,commute_morning,ce_kl_seed42,fare,332,-0.006024096385542169,-0.021087736418717598,-0.015063640033175429,,,,
Singapore,commute_morning,ce_kl_seed42,transit_delay,332,-0.12048192771084337,-0.026162434351091914,0.09431949335975146,,,,
Singapore,commute_morning,ce_kl_seed42,roadworks,332,-0.0391566265060241,-0.018505959176873588,0.02065066732915051,,,,
Singapore,commute_morning,ce_kl_seed2026,accessibility,332,-0.24397590361445784,-0.21078719142319477,0.033188712191263056,,,,
Singapore,commute_morning,ce_kl_seed2026,weather,332,-0.21987951807228914,0.037356876487652936,0.25723639455994207,,,,
Singapore,commute_morning,ce_kl_seed2026,fare,332,-0.006024096385542169,-0.00181682805070676,0.004207268334835409,,,,
Singapore,commute_morning,ce_kl_seed2026,transit_delay,332,-0.12048192771084337,-0.028386852703988552,0.09209507500685482,,,,
Singapore,commute_morning,ce_kl_seed2026,roadworks,332,-0.0391566265060241,-0.028233078140092183,0.010923548365931913,,,,
Singapore,commute_morning,ce_kl_seed7,accessibility,332,-0.24397590361445784,-0.042447020131421376,0.20152888348303646,,,,
Singapore,commute_morning,ce_kl_seed7,weather,332,-0.21987951807228914,-0.1636143566659057,0.056265161406383456,,,,
Singapore,commute_morning,ce_kl_seed7,fare,332,-0.006024096385542169,0.002758249864879861,0.00878234625042203,,,,
Singapore,commute_morning,ce_kl_seed7,transit_delay,332,-0.12048192771084337,-0.04251674316958132,0.07796518454126206,,,,
Singapore,commute_morning,ce_kl_seed7,roadworks,332,-0.0391566265060241,-0.17822922788650156,-0.13907260138047747,,,,
Singapore,commute_morning,signed_l1_seed42,accessibility,332,-0.24397590361445784,-0.08784693659070027,0.15612896702375756,,,,
Singapore,commute_morning,signed_l1_seed42,weather,332,-0.21987951807228914,-0.0504571489922433,0.16942236908004585,,,,
Singapore,commute_morning,signed_l1_seed42,fare,332,-0.006024096385542169,-0.012717076655791467,-0.006692980270249298,,,,
Singapore,commute_morning,signed_l1_seed42,transit_delay,332,-0.12048192771084337,-0.06692212680915752,0.053559800901685856,,,,
Singapore,commute_morning,signed_l1_seed42,roadworks,332,-0.0391566265060241,-0.03451554225869926,0.0046410842473248405,,,,
Singapore,commute_morning,signed_l1_seed2026,accessibility,332,-0.24397590361445784,-0.2173804742878819,0.026595429326575923,,,,
Singapore,commute_morning,signed_l1_seed2026,weather,332,-0.21987951807228914,-0.028614267168274844,0.1912652509040143,,,,
Singapore,commute_morning,signed_l1_seed2026,fare,332,-0.006024096385542169,-0.00889545741928629,-0.0028713610337441227,,,,
Singapore,commute_morning,signed_l1_seed2026,transit_delay,332,-0.12048192771084337,-0.13433372174355998,-0.013851794032716608,,,,
Singapore,commute_morning,signed_l1_seed2026,roadworks,332,-0.0391566265060241,-0.04496896433004414,-0.005812337824020041,,,,
Singapore,commute_morning,signed_l1_seed7,accessibility,332,-0.24397590361445784,0.0763026382437492,0.32027854185820703,,,,
Singapore,commute_morning,signed_l1_seed7,weather,332,-0.21987951807228914,-0.031640074933957624,0.18823944313833155,,,,
Singapore,commute_morning,signed_l1_seed7,fare,332,-0.006024096385542169,0.014211833409695741,0.02023592979523791,,,,
Singapore,commute_morning,signed_l1_seed7,transit_delay,332,-0.12048192771084337,-0.11100775731099119,0.009474170399852187,,,,
Singapore,commute_morning,signed_l1_seed7,roadworks,332,-0.0391566265060241,-0.13736724566264324,-0.09821061915661915,,,,
Singapore,commute_morning,direction_magnitude_seed42,accessibility,332,-0.24397590361445784,-0.09310056069439435,0.1508753429200635,,,,
Singapore,commute_morning,direction_magnitude_seed42,weather,332,-0.21987951807228914,-0.05538554062101855,0.1644939774512706,,,,
Singapore,commute_morning,direction_magnitude_seed42,fare,332,-0.006024096385542169,-0.02116967203566827,-0.0151455756501261,,,,
Singapore,commute_morning,direction_magnitude_seed42,transit_delay,332,-0.12048192771084337,-0.08925944281719535,0.031222484893648022,,,,
Singapore,commute_morning,direction_magnitude_seed42,roadworks,332,-0.0391566265060241,-0.022063529994114334,0.01709309651190976,,,,
Singapore,commute_morning,direction_magnitude_seed2026,accessibility,332,-0.24397590361445784,-0.1602309439106878,0.08374495970377002,,,,
Singapore,commute_morning,direction_magnitude_seed2026,weather,332,-0.21987951807228914,-0.03827702919447638,0.18160248887781277,,,,
Singapore,commute_morning,direction_magnitude_seed2026,fare,332,-0.006024096385542169,-0.011121969131461108,-0.00509787274591894,,,,
Singapore,commute_morning,direction_magnitude_seed2026,transit_delay,332,-0.12048192771084337,-0.10509109537465026,0.015390832336193108,,,,
Singapore,commute_morning,direction_magnitude_seed2026,roadworks,332,-0.0391566265060241,-0.04933786894901689,-0.010181242442992797,,,,
Singapore,commute_morning,direction_magnitude_seed7,accessibility,332,-0.24397590361445784,-0.011140369720397943,0.2328355338940599,,,,
Singapore,commute_morning,direction_magnitude_seed7,weather,332,-0.21987951807228914,-0.0262489619339446,0.19363055613834457,,,,
Singapore,commute_morning,direction_magnitude_seed7,fare,332,-0.006024096385542169,0.015229806797691139,0.021253903183233308,,,,
Singapore,commute_morning,direction_magnitude_seed7,transit_delay,332,-0.12048192771084337,-0.044243338810986875,0.0762385888998565,,,,
Singapore,commute_morning,direction_magnitude_seed7,roadworks,332,-0.0391566265060241,-0.14320143801440677,-0.10404481150838266,,,,
Singapore,other_midday,s9,accessibility,332,-0.24397590361445784,-0.04345612279532186,0.200519780819136,,,,
Singapore,other_midday,s9,weather,332,-0.21987951807228914,-0.377215112211654,-0.15733559413936482,,,,
Singapore,other_midday,s9,fare,332,-0.006024096385542169,0.007794942280434701,0.01381903866597687,,,,
Singapore,other_midday,s9,transit_delay,332,-0.12048192771084337,-0.047492303717208195,0.07298962399363518,,,,
Singapore,other_midday,s9,roadworks,332,-0.0391566265060241,-0.20299848010875735,-0.16384185360273323,,,,
Singapore,other_midday,mnl_s,accessibility,332,-0.24397590361445784,0.10974531187836223,0.35372121549282004,,,,
Singapore,other_midday,mnl_s,weather,332,-0.21987951807228914,-0.29869651670008424,-0.07881699862779502,,,,
Singapore,other_midday,mnl_s,fare,332,-0.006024096385542169,-0.007498756758171653,-0.0014746603726294807,,,,
Singapore,other_midday,mnl_s,transit_delay,332,-0.12048192771084337,-0.14919734718318337,-0.02871541947233997,,,,
Singapore,other_midday,mnl_s,roadworks,332,-0.0391566265060241,-0.11861780236028861,-0.07946117585426453,,,,
Singapore,other_midday,soft_kl_seed42,accessibility,332,-0.24397590361445784,-0.1366266027676413,0.10734930084681654,,,,
Singapore,other_midday,soft_kl_seed42,weather,332,-0.21987951807228914,-0.04412841977529138,0.17575109829699778,,,,
Singapore,other_midday,soft_kl_seed42,fare,332,-0.006024096385542169,-0.019718020481158453,-0.013693924095616284,,,,
Singapore,other_midday,soft_kl_seed42,transit_delay,332,-0.12048192771084337,-0.09028780444648611,0.03019412326435727,,,,
Singapore,other_midday,soft_kl_seed42,roadworks,332,-0.0391566265060241,-0.00793930304696761,0.031217323459056485,,,,
Singapore,other_midday,soft_kl_seed2026,accessibility,332,-0.24397590361445784,-0.1475344336176493,0.09644146999680853,,,,
Singapore,other_midday,soft_kl_seed2026,weather,332,-0.21987951807228914,-0.026572386173149908,0.19330713189913926,,,,
Singapore,other_midday,soft_kl_seed2026,fare,332,-0.006024096385542169,0.0037035140242562235,0.009727610409798393,,,,
Singapore,other_midday,soft_kl_seed2026,transit_delay,332,-0.12048192771084337,-0.09748775233144322,0.022994175379400152,,,,
Singapore,other_midday,soft_kl_seed2026,roadworks,332,-0.0391566265060241,-0.09186677899525826,-0.05271015248923416,,,,
Singapore,other_midday,soft_kl_seed7,accessibility,332,-0.24397590361445784,0.0525935041123485,0.29656940772680634,,,,
Singapore,other_midday,soft_kl_seed7,weather,332,-0.21987951807228914,-0.052176103669117735,0.16770341440317144,,,,
Singapore,other_midday,soft_kl_seed7,fare,332,-0.006024096385542169,0.03652606112321457,0.04255015750875674,,,,
Singapore,other_midday,soft_kl_seed7,transit_delay,332,-0.12048192771084337,-0.09139676095850496,0.02908516675233841,,,,
Singapore,other_midday,soft_kl_seed7,roadworks,332,-0.0391566265060241,-0.1392595367618354,-0.1001029102558113,,,,
Singapore,other_midday,ce_kl_seed42,accessibility,332,-0.24397590361445784,-0.14515079617365656,0.09882510744080127,,,,
Singapore,other_midday,ce_kl_seed42,weather,332,-0.21987951807228914,-0.10361017744584256,0.1162693406264466,,,,
Singapore,other_midday,ce_kl_seed42,fare,332,-0.006024096385542169,-0.02639727395431823,-0.02037317756877606,,,,
Singapore,other_midday,ce_kl_seed42,transit_delay,332,-0.12048192771084337,-0.03253651377240039,0.08794541393844299,,,,
Singapore,other_midday,ce_kl_seed42,roadworks,332,-0.0391566265060241,0.024311282907623844,0.06346790941364794,,,,
Singapore,other_midday,ce_kl_seed2026,accessibility,332,-0.24397590361445784,-0.13462209749787327,0.10935380611658456,,,,
Singapore,other_midday,ce_kl_seed2026,weather,332,-0.21987951807228914,0.03195495492251343,0.2518344729948026,,,,
Singapore,other_midday,ce_kl_seed2026,fare,332,-0.006024096385542169,0.0034973528909395977,0.009521449276481766,,,,
Singapore,other_midday,ce_kl_seed2026,transit_delay,332,-0.12048192771084337,-0.01652328673391098,0.10395864097693239,,,,
Singapore,other_midday,ce_kl_seed2026,roadworks,332,-0.0391566265060241,-0.0699727363794683,-0.0308161098734442,,,,
Singapore,other_midday,ce_kl_seed7,accessibility,332,-0.24397590361445784,-0.060451734457613836,0.183524169156844,,,,
Singapore,other_midday,ce_kl_seed7,weather,332,-0.21987951807228914,-0.28235715871721684,-0.0624776406449277,,,,
Singapore,other_midday,ce_kl_seed7,fare,332,-0.006024096385542169,0.0123173699276634,0.01834146631320557,,,,
Singapore,other_midday,ce_kl_seed7,transit_delay,332,-0.12048192771084337,-0.05018567516333816,0.07029625254750521,,,,
Singapore,other_midday,ce_kl_seed7,roadworks,332,-0.0391566265060241,-0.16249448967626295,-0.12333786317023886,,,,
Singapore,other_midday,signed_l1_seed42,accessibility,332,-0.24397590361445784,-0.0987006998677031,0.14527520374675473,,,,
Singapore,other_midday,signed_l1_seed42,weather,332,-0.21987951807228914,-0.06003776588757713,0.15984175218471203,,,,
Singapore,other_midday,signed_l1_seed42,fare,332,-0.006024096385542169,-0.018335031569901718,-0.01231093518435955,,,,
Singapore,other_midday,signed_l1_seed42,transit_delay,332,-0.12048192771084337,-0.07835423149707088,0.0421276962137725,,,,
Singapore,other_midday,signed_l1_seed42,roadworks,332,-0.0391566265060241,-0.004577506109174475,0.03457912039684962,,,,
Singapore,other_midday,signed_l1_seed2026,accessibility,332,-0.24397590361445784,-0.15947494146425323,0.08450096215020461,,,,
Singapore,other_midday,signed_l1_seed2026,weather,332,-0.21987951807228914,-0.02010385851454304,0.19977565955774612,,,,
Singapore,other_midday,signed_l1_seed2026,fare,332,-0.006024096385542169,0.0003812760339084878,0.006405372419450657,,,,
Singapore,other_midday,signed_l1_seed2026,transit_delay,332,-0.12048192771084337,-0.10609481190836215,0.014387115802481231,,,,
Singapore,other_midday,signed_l1_seed2026,roadworks,332,-0.0391566265060241,-0.0687952160565968,-0.029638589550572705,,,,
Singapore,other_midday,signed_l1_seed7,accessibility,332,-0.24397590361445784,0.05571794498666941,0.29969384860112724,,,,
Singapore,other_midday,signed_l1_seed7,weather,332,-0.21987951807228914,-0.0750392021790865,0.14484031589320265,,,,
Singapore,other_midday,signed_l1_seed7,fare,332,-0.006024096385542169,0.03072655849517828,0.03675065488072045,,,,
Singapore,other_midday,signed_l1_seed7,transit_delay,332,-0.12048192771084337,-0.13533986623522387,-0.014857938524380505,,,,
Singapore,other_midday,signed_l1_seed7,roadworks,332,-0.0391566265060241,-0.1381928049566516,-0.0990361784506275,,,,
Singapore,other_midday,direction_magnitude_seed42,accessibility,332,-0.24397590361445784,-0.1078585255554462,0.1361173780590116,,,,
Singapore,other_midday,direction_magnitude_seed42,weather,332,-0.21987951807228914,-0.07092240337192653,0.14895711470036263,,,,
Singapore,other_midday,direction_magnitude_seed42,fare,332,-0.006024096385542169,-0.02720614783017032,-0.021182051444628154,,,,
Singapore,other_midday,direction_magnitude_seed42,transit_delay,332,-0.12048192771084337,-0.10113390207470181,0.019348025636141557,,,,
Singapore,other_midday,direction_magnitude_seed42,roadworks,332,-0.0391566265060241,0.0030372970434556523,0.04219392354947975,,,,
Singapore,other_midday,direction_magnitude_seed2026,accessibility,332,-0.24397590361445784,-0.11579497830650534,0.1281809253079525,,,,
Singapore,other_midday,direction_magnitude_seed2026,weather,332,-0.21987951807228914,-0.026412669748785984,0.19346684832350317,,,,
Singapore,other_midday,direction_magnitude_seed2026,fare,332,-0.006024096385542169,0.004397069653832769,0.010421166039374938,,,,
Singapore,other_midday,direction_magnitude_seed2026,transit_delay,332,-0.12048192771084337,-0.08555458919201271,0.03492733851883067,,,,
Singapore,other_midday,direction_magnitude_seed2026,roadworks,332,-0.0391566265060241,-0.06403699095349714,-0.024880364447473043,,,,
Singapore,other_midday,direction_magnitude_seed7,accessibility,332,-0.24397590361445784,-0.043060805424150216,0.20091509819030762,,,,
Singapore,other_midday,direction_magnitude_seed7,weather,332,-0.21987951807228914,-0.06386508445917483,0.15601443361311432,,,,
Singapore,other_midday,direction_magnitude_seed7,fare,332,-0.006024096385542169,0.02257019458675241,0.028594290972294576,,,,
Singapore,other_midday,direction_magnitude_seed7,transit_delay,332,-0.12048192771084337,-0.06799967158641891,0.05248225612442447,,,,
Singapore,other_midday,direction_magnitude_seed7,roadworks,332,-0.0391566265060241,-0.11005575102136796,-0.07089912451534386,,,,
Singapore,accessibility_lower,s9,accessibility,332,-0.24397590361445784,-0.045355589936924984,0.19862031367753286,,,,
Singapore,accessibility_lower,s9,weather,332,-0.21987951807228914,-0.32150084864213524,-0.10162133056984608,,,,
Singapore,accessibility_lower,s9,fare,332,-0.006024096385542169,0.005240082336836551,0.011264178722378719,,,,
Singapore,accessibility_lower,s9,transit_delay,332,-0.12048192771084337,-0.054812007833339546,0.06566991987750383,,,,
Singapore,accessibility_lower,s9,roadworks,332,-0.0391566265060241,-0.2347122901287603,-0.19555566362273621,,,,
Singapore,accessibility_lower,mnl_s,accessibility,332,-0.24397590361445784,0.08931098265657336,0.3332868862710312,,,,
Singapore,accessibility_lower,mnl_s,weather,332,-0.21987951807228914,-0.30824427093219436,-0.0883647528599052,,,,
Singapore,accessibility_lower,mnl_s,fare,332,-0.006024096385542169,-0.006744868907348376,-0.0007207725218062094,,,,
Singapore,accessibility_lower,mnl_s,transit_delay,332,-0.12048192771084337,-0.13939713871306073,-0.018915211002217335,,,,
Singapore,accessibility_lower,mnl_s,roadworks,332,-0.0391566265060241,-0.11438982005291642,-0.07523319354689233,,,,
Singapore,accessibility_lower,soft_kl_seed42,accessibility,332,-0.24397590361445784,-0.1752251937581473,0.06875070985631053,,,,
Singapore,accessibility_lower,soft_kl_seed42,weather,332,-0.21987951807228914,-0.03352801604981882,0.18635150202247033,,,,
Singapore,accessibility_lower,soft_kl_seed42,fare,332,-0.006024096385542169,-0.021340648273387587,-0.015316551887845418,,,,
Singapore,accessibility_lower,soft_kl_seed42,transit_delay,332,-0.12048192771084337,-0.04815298661095909,0.07232894109988428,,,,
Singapore,accessibility_lower,soft_kl_seed42,roadworks,332,-0.0391566265060241,-0.035329569894147206,0.00382705661187689,,,,
Singapore,accessibility_lower,soft_kl_seed2026,accessibility,332,-0.24397590361445784,-0.12431407126272659,0.11966183235173125,,,,
Singapore,accessibility_lower,soft_kl_seed2026,weather,332,-0.21987951807228914,-0.017984581550201738,0.20189493652208743,,,,
Singapore,accessibility_lower,soft_kl_seed2026,fare,332,-0.006024096385542169,-0.002058354902069971,0.003965741483472198,,,,
Singapore,accessibility_lower,soft_kl_seed2026,transit_delay,332,-0.12048192771084337,-0.06479725383603609,0.055684673874807286,,,,
Singapore,accessibility_lower,soft_kl_seed2026,roadworks,332,-0.0391566265060241,-0.10369572528155453,-0.06453909877553043,,,,
Singapore,accessibility_lower,soft_kl_seed7,accessibility,332,-0.24397590361445784,0.08763692970107119,0.33161283331552904,,,,
Singapore,accessibility_lower,soft_kl_seed7,weather,332,-0.21987951807228914,-0.04149418408387756,0.1783853339884116,,,,
Singapore,accessibility_lower,soft_kl_seed7,fare,332,-0.006024096385542169,0.015480346663529614,0.021504443049071783,,,,
Singapore,accessibility_lower,soft_kl_seed7,transit_delay,332,-0.12048192771084337,-0.11078846056844635,0.009693467142397022,,,,
Singapore,accessibility_lower,soft_kl_seed7,roadworks,332,-0.0391566265060241,-0.15548665628555308,-0.116330029779529,,,,
Singapore,accessibility_lower,ce_kl_seed42,accessibility,332,-0.24397590361445784,-0.1481349162949552,0.09584098731950262,,,,
Singapore,accessibility_lower,ce_kl_seed42,weather,332,-0.21987951807228914,-0.06839199595332864,0.15148752211896052,,,,
Singapore,accessibility_lower,ce_kl_seed42,fare,332,-0.006024096385542169,-0.025467713643987495,-0.019443617258445327,,,,
Singapore,accessibility_lower,ce_kl_seed42,transit_delay,332,-0.12048192771084337,-0.023786471378204065,0.0966954563326393,,,,
Singapore,accessibility_lower,ce_kl_seed42,roadworks,332,-0.0391566265060241,-0.048258377126900544,-0.00910175062087645,,,,
Singapore,accessibility_lower,ce_kl_seed2026,accessibility,332,-0.24397590361445784,-0.10954682083228176,0.13442908278217605,,,,
Singapore,accessibility_lower,ce_kl_seed2026,weather,332,-0.21987951807228914,0.032172238538378334,0.2520517566106675,,,,
Singapore,accessibility_lower,ce_kl_seed2026,fare,332,-0.006024096385542169,-0.0020916779043085604,0.0039324184812336085,,,,
Singapore,accessibility_lower,ce_kl_seed2026,transit_delay,332,-0.12048192771084337,0.0010184091010905173,0.1215003368119339,,,,
Singapore,accessibility_lower,ce_kl_seed2026,roadworks,332,-0.0391566265060241,-0.06657963650054242,-0.027423009994518327,,,,
Singapore,accessibility_lower,ce_kl_seed7,accessibility,332,-0.24397590361445784,-0.011006955057382584,0.23296894855707526,,,,
Singapore,accessibility_lower,ce_kl_seed7,weather,332,-0.21987951807228914,-0.24852192618446536,-0.02864240811217621,,,,
Singapore,accessibility_lower,ce_kl_seed7,fare,332,-0.006024096385542169,-0.0010112011356346578,0.005012895249907511,,,,
Singapore,accessibility_lower,ce_kl_seed7,transit_delay,332,-0.12048192771084337,-0.028642685966094934,0.09183924174474845,,,,
Singapore,accessibility_lower,ce_kl_seed7,roadworks,332,-0.0391566265060241,-0.16976871974317423,-0.13061209323715015,,,,
Singapore,accessibility_lower,signed_l1_seed42,accessibility,332,-0.24397590361445784,-0.1257260139717395,0.11824988964271832,,,,
Singapore,accessibility_lower,signed_l1_seed42,weather,332,-0.21987951807228914,-0.05046145405889635,0.16941806401339282,,,,
Singapore,accessibility_lower,signed_l1_seed42,fare,332,-0.006024096385542169,-0.01971489810440914,-0.013690801718866968,,,,
Singapore,accessibility_lower,signed_l1_seed42,transit_delay,332,-0.12048192771084337,-0.039362205450524046,0.08111972226031933,,,,
Singapore,accessibility_lower,signed_l1_seed42,roadworks,332,-0.0391566265060241,-0.03698924695511898,0.002167379550905113,,,,
Singapore,accessibility_lower,signed_l1_seed2026,accessibility,332,-0.24397590361445784,-0.1312776475314455,0.11269825608301234,,,,
Singapore,accessibility_lower,signed_l1_seed2026,weather,332,-0.21987951807228914,-0.013649608289082366,0.2062299097832068,,,,
Singapore,accessibility_lower,signed_l1_seed2026,fare,332,-0.006024096385542169,-0.004880384822566825,0.0011437115629753434,,,,
Singapore,accessibility_lower,signed_l1_seed2026,transit_delay,332,-0.12048192771084337,-0.07208026304885924,0.048401664661984124,,,,
Singapore,accessibility_lower,signed_l1_seed2026,roadworks,332,-0.0391566265060241,-0.07793863997401962,-0.038782013467995514,,,,
Singapore,accessibility_lower,signed_l1_seed7,accessibility,332,-0.24397590361445784,0.08841794305088291,0.3323938466653407,,,,
Singapore,accessibility_lower,signed_l1_seed7,weather,332,-0.21987951807228914,-0.07968850032123456,0.14019101775105458,,,,
Singapore,accessibility_lower,signed_l1_seed7,fare,332,-0.006024096385542169,0.011031521596463329,0.0170556179820055,,,,
Singapore,accessibility_lower,signed_l1_seed7,transit_delay,332,-0.12048192771084337,-0.1222905135511544,-0.001808585840311036,,,,
Singapore,accessibility_lower,signed_l1_seed7,roadworks,332,-0.0391566265060241,-0.13737238396004023,-0.09821575745401612,,,,
Singapore,accessibility_lower,direction_magnitude_seed42,accessibility,332,-0.24397590361445784,-0.13466235545340433,0.10931354816105351,,,,
Singapore,accessibility_lower,direction_magnitude_seed42,weather,332,-0.21987951807228914,-0.05851379245609404,0.1613657256161951,,,,
Singapore,accessibility_lower,direction_magnitude_seed42,fare,332,-0.006024096385542169,-0.028696052326136326,-0.022671955940594155,,,,
Singapore,accessibility_lower,direction_magnitude_seed42,transit_delay,332,-0.12048192771084337,-0.05391841678016157,0.0665635109306818,,,,
Singapore,accessibility_lower,direction_magnitude_seed42,roadworks,332,-0.0391566265060241,-0.026797007724463223,0.012359618781560874,,,,
Singapore,accessibility_lower,direction_magnitude_seed2026,accessibility,332,-0.24397590361445784,-0.08492473282862499,0.15905117078583283,,,,
Singapore,accessibility_lower,direction_magnitude_seed2026,weather,332,-0.21987951807228914,-0.021183469018573504,0.19869604905371566,,,,
Singapore,accessibility_lower,direction_magnitude_seed2026,fare,332,-0.006024096385542169,-0.003971632289509457,0.0020524640960327112,,,,
Singapore,accessibility_lower,direction_magnitude_seed2026,transit_delay,332,-0.12048192771084337,-0.05842908435916326,0.06205284335168011,,,,
Singapore,accessibility_lower,direction_magnitude_seed2026,roadworks,332,-0.0391566265060241,-0.08336616329938533,-0.044209536793361225,,,,
Singapore,accessibility_lower,direction_magnitude_seed7,accessibility,332,-0.24397590361445784,0.003422161676438458,0.24739806529089628,,,,
Singapore,accessibility_lower,direction_magnitude_seed7,weather,332,-0.21987951807228914,-0.06816598840327148,0.1517135296690177,,,,
Singapore,accessibility_lower,direction_magnitude_seed7,fare,332,-0.006024096385542169,0.008906141080590615,0.014930237466132784,,,,
Singapore,accessibility_lower,direction_magnitude_seed7,transit_delay,332,-0.12048192771084337,-0.10415034566680531,0.01633158204403807,,,,
Singapore,accessibility_lower,direction_magnitude_seed7,roadworks,332,-0.0391566265060241,-0.12782409347324486,-0.08866746696722076,,,,
Singapore,accessibility_upper,s9,accessibility,332,-0.24397590361445784,-0.05055113548850528,0.19342476812595255,,,,
Singapore,accessibility_upper,s9,weather,332,-0.21987951807228914,-0.32051027229571916,-0.10063075422343001,,,,
Singapore,accessibility_upper,s9,fare,332,-0.006024096385542169,0.00486651820366282,0.010890614589204988,,,,
Singapore,accessibility_upper,s9,transit_delay,332,-0.12048192771084337,-0.05685382866278201,0.06362809904806137,,,,
Singapore,accessibility_upper,s9,roadworks,332,-0.0391566265060241,-0.23268201944968067,-0.1935253929436566,,,,
Singapore,accessibility_upper,mnl_s,accessibility,332,-0.24397590361445784,0.13728296168969628,0.3812588653041541,,,,
Singapore,accessibility_upper,mnl_s,weather,332,-0.21987951807228914,-0.2906868794791117,-0.07080736140682257,,,,
Singapore,accessibility_upper,mnl_s,fare,332,-0.006024096385542169,-0.009859780868791914,-0.0038356844832497464,,,,
Singapore,accessibility_upper,mnl_s,transit_delay,332,-0.12048192771084337,-0.16883659358785932,-0.048354665877015965,,,,
Singapore,accessibility_upper,mnl_s,roadworks,332,-0.0391566265060241,-0.11679509722022964,-0.07763847071420553,,,,
Singapore,accessibility_upper,soft_kl_seed42,accessibility,332,-0.24397590361445784,-0.10773202885750187,0.13624387475695596,,,,
Singapore,accessibility_upper,soft_kl_seed42,weather,332,-0.21987951807228914,-0.030495350630617285,0.18938416744167186,,,,
Singapore,accessibility_upper,soft_kl_seed42,fare,332,-0.006024096385542169,-0.011779174298407084,-0.005755077912864915,,,,
Singapore,accessibility_upper,soft_kl_seed42,transit_delay,332,-0.12048192771084337,-0.09889926706407084,0.021582660646772528,,,,
Singapore,accessibility_upper,soft_kl_seed42,roadworks,332,-0.0391566265060241,-0.030610223940337997,0.0085464025656861,,,,
Singapore,accessibility_upper,soft_kl_seed2026,accessibility,332,-0.24397590361445784,-0.1379304128553135,0.10604549075914435,,,,
Singapore,accessibility_upper,soft_kl_seed2026,weather,332,-0.21987951807228914,-0.009939989086285413,0.20993952898600374,,,,
Singapore,accessibility_upper,soft_kl_seed2026,fare,332,-0.006024096385542169,-0.0009846763842436205,0.005039420001298548,,,,
Singapore,accessibility_upper,soft_kl_seed2026,transit_delay,332,-0.12048192771084337,-0.15430778457996358,-0.033825856869120194,,,,
Singapore,accessibility_upper,soft_kl_seed2026,roadworks,332,-0.0391566265060241,-0.09613289715475347,-0.05697627064872937,,,,
Singapore,accessibility_upper,soft_kl_seed7,accessibility,332,-0.24397590361445784,0.08318768961197999,0.32716359322643784,,,,
Singapore,accessibility_upper,soft_kl_seed7,weather,332,-0.21987951807228914,-0.039412458056965506,0.18046706001532364,,,,
Singapore,accessibility_upper,soft_kl_seed7,fare,332,-0.006024096385542169,0.01659496267696461,0.022619059062506778,,,,
Singapore,accessibility_upper,soft_kl_seed7,transit_delay,332,-0.12048192771084337,-0.10084735127081758,0.019634576440025794,,,,
Singapore,accessibility_upper,soft_kl_seed7,roadworks,332,-0.0391566265060241,-0.15801988479243703,-0.11886325828641293,,,,
Singapore,accessibility_upper,ce_kl_seed42,accessibility,332,-0.24397590361445784,-0.10329016003440729,0.14068574358005054,,,,
Singapore,accessibility_upper,ce_kl_seed42,weather,332,-0.21987951807228914,-0.06510378058203103,0.15477573749025814,,,,
Singapore,accessibility_upper,ce_kl_seed42,fare,332,-0.006024096385542169,-0.01732542725975614,-0.011301330874213972,,,,
Singapore,accessibility_upper,ce_kl_seed42,transit_delay,332,-0.12048192771084337,-0.03224906901525984,0.08823285869558353,,,,
Singapore,accessibility_upper,ce_kl_seed42,roadworks,332,-0.0391566265060241,-0.03305003702281469,0.006106589483209403,,,,
Singapore,accessibility_upper,ce_kl_seed2026,accessibility,332,-0.24397590361445784,-0.17605811962577322,0.0679177839886846,,,,
Singapore,accessibility_upper,ce_kl_seed2026,weather,332,-0.21987951807228914,0.04491729949634657,0.2647968175686357,,,,
Singapore,accessibility_upper,ce_kl_seed2026,fare,332,-0.006024096385542169,0.0023845247026667536,0.008408621088208923,,,,
Singapore,accessibility_upper,ce_kl_seed2026,transit_delay,332,-0.12048192771084337,-0.044726604264768134,0.07575532344607525,,,,
Singapore,accessibility_upper,ce_kl_seed2026,roadworks,332,-0.0391566265060241,-0.06712418013667486,-0.02796755363065076,,,,
Singapore,accessibility_upper,ce_kl_seed7,accessibility,332,-0.24397590361445784,-0.02740786832768515,0.21656803528677268,,,,
Singapore,accessibility_upper,ce_kl_seed7,weather,332,-0.21987951807228914,-0.24392394016283642,-0.02404442209054727,,,,
Singapore,accessibility_upper,ce_kl_seed7,fare,332,-0.006024096385542169,0.003548338818532157,0.009572435204074326,,,,
Singapore,accessibility_upper,ce_kl_seed7,transit_delay,332,-0.12048192771084337,-0.050897495282522166,0.0695844324283212,,,,
Singapore,accessibility_upper,ce_kl_seed7,roadworks,332,-0.0391566265060241,-0.1662846803440746,-0.1271280538380505,,,,
Singapore,accessibility_upper,signed_l1_seed42,accessibility,332,-0.24397590361445784,-0.05780549492148391,0.18617040869297394,,,,
Singapore,accessibility_upper,signed_l1_seed42,weather,332,-0.21987951807228914,-0.0467549966513572,0.17312452142093196,,,,
Singapore,accessibility_upper,signed_l1_seed42,fare,332,-0.006024096385542169,-0.010393099163670138,-0.004369002778127969,,,,
Singapore,accessibility_upper,signed_l1_seed42,transit_delay,332,-0.12048192771084337,-0.08257649408047457,0.037905433630368794,,,,
Singapore,accessibility_upper,signed_l1_seed42,roadworks,332,-0.0391566265060241,-0.03190787136554718,0.0072487551404769165,,,,
Singapore,accessibility_upper,signed_l1_seed2026,accessibility,332,-0.24397590361445784,-0.15827072553157087,0.08570517808288695,,,,
Singapore,accessibility_upper,signed_l1_seed2026,weather,332,-0.21987951807228914,-0.007576083528798029,0.21230343454349113,,,,
Singapore,accessibility_upper,signed_l1_seed2026,fare,332,-0.006024096385542169,-0.00025272672345121223,0.005771369662090957,,,,
Singapore,accessibility_upper,signed_l1_seed2026,transit_delay,332,-0.12048192771084337,-0.1355028119701219,-0.015020884259278515,,,,
Singapore,accessibility_upper,signed_l1_seed2026,roadworks,332,-0.0391566265060241,-0.06983364135565528,-0.030677014849631184,,,,
Singapore,accessibility_upper,signed_l1_seed7,accessibility,332,-0.24397590361445784,0.09569519349789045,0.3396710971123483,,,,
Singapore,accessibility_upper,signed_l1_seed7,weather,332,-0.21987951807228914,-0.0728850902608001,0.14699442781148905,,,,
Singapore,accessibility_upper,signed_l1_seed7,fare,332,-0.006024096385542169,0.018882752283958786,0.024906848669500953,,,,
Singapore,accessibility_upper,signed_l1_seed7,transit_delay,332,-0.12048192771084337,-0.13012580125990986,-0.009643873549066484,,,,
Singapore,accessibility_upper,signed_l1_seed7,roadworks,332,-0.0391566265060241,-0.1438441810209349,-0.1046875545149108,,,,
Singapore,accessibility_upper,direction_magnitude_seed42,accessibility,332,-0.24397590361445784,-0.08698857717036483,0.156987326444093,,,,
Singapore,accessibility_upper,direction_magnitude_seed42,weather,332,-0.21987951807228914,-0.05821334128548582,0.16166617678680334,,,,
Singapore,accessibility_upper,direction_magnitude_seed42,fare,332,-0.006024096385542169,-0.018840918205229634,-0.012816821819687465,,,,
Singapore,accessibility_upper,direction_magnitude_seed42,transit_delay,332,-0.12048192771084337,-0.10968410160886236,0.010797826101981014,,,,
Singapore,accessibility_upper,direction_magnitude_seed42,roadworks,332,-0.0391566265060241,-0.024200501750750714,0.014956124755273381,,,,
Singapore,accessibility_upper,direction_magnitude_seed2026,accessibility,332,-0.24397590361445784,-0.08885969450495329,0.15511620910950455,,,,
Singapore,accessibility_upper,direction_magnitude_seed2026,weather,332,-0.21987951807228914,-0.018234487521989518,0.20164503055029964,,,,
Singapore,accessibility_upper,direction_magnitude_seed2026,fare,332,-0.006024096385542169,-0.0024579763861305743,0.0035661199994115943,,,,
Singapore,accessibility_upper,direction_magnitude_seed2026,transit_delay,332,-0.12048192771084337,-0.10596632122634406,0.014515606484499323,,,,
Singapore,accessibility_upper,direction_magnitude_seed2026,roadworks,332,-0.0391566265060241,-0.07912978597254638,-0.03997315946652229,,,,
Singapore,accessibility_upper,direction_magnitude_seed7,accessibility,332,-0.24397590361445784,0.015753574725464885,0.2597294783399227,,,,
Singapore,accessibility_upper,direction_magnitude_seed7,weather,332,-0.21987951807228914,-0.06297702307487468,0.1569024949974145,,,,
Singapore,accessibility_upper,direction_magnitude_seed7,fare,332,-0.006024096385542169,0.02079115893287831,0.02681525531842048,,,,
Singapore,accessibility_upper,direction_magnitude_seed7,transit_delay,332,-0.12048192771084337,-0.03737716481134475,0.08310476289949863,,,,
Singapore,accessibility_upper,direction_magnitude_seed7,roadworks,332,-0.0391566265060241,-0.13635476804282293,-0.09719814153679882,,,,
Singapore,delay_in_vehicle,s9,accessibility,332,-0.24397590361445784,-0.04835399400151099,0.19562190961294684,,,,
Singapore,delay_in_vehicle,s9,weather,332,-0.21987951807228914,-0.3209519028573869,-0.10107238478509777,,,,
Singapore,delay_in_vehicle,s9,fare,332,-0.006024096385542169,0.005128959283591753,0.011153055669133922,,,,
Singapore,delay_in_vehicle,s9,transit_delay,332,-0.12048192771084337,-0.05587580843536879,0.06460611927547459,,,,
Singapore,delay_in_vehicle,s9,roadworks,332,-0.0391566265060241,-0.2335422185462821,-0.194385592040258,,,,
Singapore,delay_in_vehicle,mnl_s,accessibility,332,-0.24397590361445784,0.11598240255853123,0.3599583061729891,,,,
Singapore,delay_in_vehicle,mnl_s,weather,332,-0.21987951807228914,-0.3023838527948641,-0.08250433472257497,,,,
Singapore,delay_in_vehicle,mnl_s,fare,332,-0.006024096385542169,-0.008508785789535617,-0.002484689403993449,,,,
Singapore,delay_in_vehicle,mnl_s,transit_delay,332,-0.12048192771084337,-0.13806645826565234,-0.017584530554808984,,,,
Singapore,delay_in_vehicle,mnl_s,roadworks,332,-0.0391566265060241,-0.11654988242709648,-0.07739325592107239,,,,
Singapore,delay_in_vehicle,soft_kl_seed42,accessibility,332,-0.24397590361445784,-0.12543768963092064,0.1185382139835372,,,,
Singapore,delay_in_vehicle,soft_kl_seed42,weather,332,-0.21987951807228914,-0.03363322737032032,0.18624629070196885,,,,
Singapore,delay_in_vehicle,soft_kl_seed42,fare,332,-0.006024096385542169,-0.015738651313516032,-0.009714554927973863,,,,
Singapore,delay_in_vehicle,soft_kl_seed42,transit_delay,332,-0.12048192771084337,-0.08890831528837423,0.03157361242246915,,,,
Singapore,delay_in_vehicle,soft_kl_seed42,roadworks,332,-0.0391566265060241,-0.03322856289794646,0.005928063608077635,,,,
Singapore,delay_in_vehicle,soft_kl_seed2026,accessibility,332,-0.24397590361445784,-0.15607441066910166,0.08790149294535618,,,,
Singapore,delay_in_vehicle,soft_kl_seed2026,weather,332,-0.21987951807228914,-0.011533335636717728,0.20834618243557143,,,,
Singapore,delay_in_vehicle,soft_kl_seed2026,fare,332,-0.006024096385542169,-0.0007035409111574471,0.005320555474384722,,,,
Singapore,delay_in_vehicle,soft_kl_seed2026,transit_delay,332,-0.12048192771084337,-0.08447938383253942,0.036002543878303955,,,,
Singapore,delay_in_vehicle,soft_kl_seed2026,roadworks,332,-0.0391566265060241,-0.09894210535539202,-0.059785478849367926,,,,
Singapore,delay_in_vehicle,soft_kl_seed7,accessibility,332,-0.24397590361445784,0.07421957253736544,0.31819547615182325,,,,
Singapore,delay_in_vehicle,soft_kl_seed7,weather,332,-0.21987951807228914,-0.04118408028215888,0.17869543779013028,,,,
Singapore,delay_in_vehicle,soft_kl_seed7,fare,332,-0.006024096385542169,0.020809156977268588,0.026833253362810755,,,,
Singapore,delay_in_vehicle,soft_kl_seed7,transit_delay,332,-0.12048192771084337,-0.10579986323557615,0.014682064475267228,,,,
Singapore,delay_in_vehicle,soft_kl_seed7,roadworks,332,-0.0391566265060241,-0.15870365675493894,-0.11954703024891486,,,,
Singapore,delay_in_vehicle,ce_kl_seed42,accessibility,332,-0.24397590361445784,-0.1230984009081408,0.12087750270631703,,,,
Singapore,delay_in_vehicle,ce_kl_seed42,weather,332,-0.21987951807228914,-0.06643980130811322,0.15343971676417592,,,,
Singapore,delay_in_vehicle,ce_kl_seed42,fare,332,-0.006024096385542169,-0.020524475600076728,-0.01450037921453456,,,,
Singapore,delay_in_vehicle,ce_kl_seed42,transit_delay,332,-0.12048192771084337,-0.027095546858968686,0.09338638085187469,,,,
Singapore,delay_in_vehicle,ce_kl_seed42,roadworks,332,-0.0391566265060241,-0.03943367697388293,-0.0002770504678588316,,,,
Singapore,delay_in_vehicle,ce_kl_seed2026,accessibility,332,-0.24397590361445784,-0.14560703881062478,0.09836886480383306,,,,
Singapore,delay_in_vehicle,ce_kl_seed2026,weather,332,-0.21987951807228914,0.0406361947744995,0.26051571284678865,,,,
Singapore,delay_in_vehicle,ce_kl_seed2026,fare,332,-0.006024096385542169,0.0014714429446731705,0.007495539330215339,,,,
Singapore,delay_in_vehicle,ce_kl_seed2026,transit_delay,332,-0.12048192771084337,-0.04280146698085928,0.0776804607299841,,,,
Singapore,delay_in_vehicle,ce_kl_seed2026,roadworks,332,-0.0391566265060241,-0.06800566178308912,-0.028849035277065026,,,,
Singapore,delay_in_vehicle,ce_kl_seed7,accessibility,332,-0.24397590361445784,-0.03858761293028133,0.2053882906841765,,,,
Singapore,delay_in_vehicle,ce_kl_seed7,weather,332,-0.21987951807228914,-0.24574963065672173,-0.025870112584432566,,,,
Singapore,delay_in_vehicle,ce_kl_seed7,fare,332,-0.006024096385542169,0.0029963537579379886,0.009020450143480158,,,,
Singapore,delay_in_vehicle,ce_kl_seed7,transit_delay,332,-0.12048192771084337,-0.039306024050182964,0.08117590366066041,,,,
Singapore,delay_in_vehicle,ce_kl_seed7,roadworks,332,-0.0391566265060241,-0.16869602269347173,-0.12953939618744764,,,,
Singapore,delay_in_vehicle,signed_l1_seed42,accessibility,332,-0.24397590361445784,-0.09177493673177009,0.15220096688268772,,,,
Singapore,delay_in_vehicle,signed_l1_seed42,weather,332,-0.21987951807228914,-0.04912227056696113,0.17075724750532803,,,,
Singapore,delay_in_vehicle,signed_l1_seed42,fare,332,-0.006024096385542169,-0.014687207381588867,-0.008663110996046698,,,,
Singapore,delay_in_vehicle,signed_l1_seed42,transit_delay,332,-0.12048192771084337,-0.08203657195869699,0.03844535575214639,,,,
Singapore,delay_in_vehicle,signed_l1_seed42,roadworks,332,-0.0391566265060241,-0.03387443954686085,0.005282186959163252,,,,
Singapore,delay_in_vehicle,signed_l1_seed2026,accessibility,332,-0.24397590361445784,-0.16891314873067909,0.07506275488377874,,,,
Singapore,delay_in_vehicle,signed_l1_seed2026,weather,332,-0.21987951807228914,-0.007493660179337105,0.21238585789295206,,,,
Singapore,delay_in_vehicle,signed_l1_seed2026,fare,332,-0.006024096385542169,-0.0006626549973545304,0.005361441388187638,,,,
Singapore,delay_in_vehicle,signed_l1_seed2026,transit_delay,332,-0.12048192771084337,-0.12651462777775813,-0.0060327000669147595,,,,
Singapore,delay_in_vehicle,signed_l1_seed2026,roadworks,332,-0.0391566265060241,-0.07277047539870422,-0.03361384889268013,,,,
Singapore,delay_in_vehicle,signed_l1_seed7,accessibility,332,-0.24397590361445784,0.0707895938441696,0.3147654974586274,,,,
Singapore,delay_in_vehicle,signed_l1_seed7,weather,332,-0.21987951807228914,-0.07571485583636775,0.1441646622359214,,,,
Singapore,delay_in_vehicle,signed_l1_seed7,fare,332,-0.006024096385542169,0.017200014049030213,0.02322411043457238,,,,
Singapore,delay_in_vehicle,signed_l1_seed7,transit_delay,332,-0.12048192771084337,-0.14261022356131214,-0.022128295850468778,,,,
Singapore,delay_in_vehicle,signed_l1_seed7,roadworks,332,-0.0391566265060241,-0.14018267446971802,-0.10102604796369392,,,,
Singapore,delay_in_vehicle,direction_magnitude_seed42,accessibility,332,-0.24397590361445784,-0.09650194928813052,0.14747395432632732,,,,
Singapore,delay_in_vehicle,direction_magnitude_seed42,weather,332,-0.21987951807228914,-0.05861376639994153,0.16126575167234763,,,,
Singapore,delay_in_vehicle,direction_magnitude_seed42,fare,332,-0.006024096385542169,-0.02298086432807417,-0.016956767942531998,,,,
Singapore,delay_in_vehicle,direction_magnitude_seed42,transit_delay,332,-0.12048192771084337,-0.11355414093438401,0.00692778677645936,,,,
Singapore,delay_in_vehicle,direction_magnitude_seed42,roadworks,332,-0.0391566265060241,-0.025990565947021347,0.01316606055900275,,,,
Singapore,delay_in_vehicle,direction_magnitude_seed2026,accessibility,332,-0.24397590361445784,-0.12392571967947914,0.1200501839349787,,,,
Singapore,delay_in_vehicle,direction_magnitude_seed2026,weather,332,-0.21987951807228914,-0.01783895899867078,0.20204055907361837,,,,
Singapore,delay_in_vehicle,direction_magnitude_seed2026,fare,332,-0.006024096385542169,-0.0032879003514367415,0.0027361960341054275,,,,
Singapore,delay_in_vehicle,direction_magnitude_seed2026,transit_delay,332,-0.12048192771084337,-0.1537405910105052,-0.0332586632996618,,,,
Singapore,delay_in_vehicle,direction_magnitude_seed2026,roadworks,332,-0.0391566265060241,-0.08153359924095223,-0.04237697273492813,,,,
Singapore,delay_in_vehicle,direction_magnitude_seed7,accessibility,332,-0.24397590361445784,-0.02138081139110657,0.22259509222335125,,,,
Singapore,delay_in_vehicle,direction_magnitude_seed7,weather,332,-0.21987951807228914,-0.0671243007373379,0.15275521733495126,,,,
Singapore,delay_in_vehicle,direction_magnitude_seed7,fare,332,-0.006024096385542169,0.014817887064383691,0.02084198344992586,,,,
Singapore,delay_in_vehicle,direction_magnitude_seed7,transit_delay,332,-0.12048192771084337,-0.054680712483206155,0.06580121522763721,,,,
Singapore,delay_in_vehicle,direction_magnitude_seed7,roadworks,332,-0.0391566265060241,-0.13072570399886155,-0.09156907749283745,,,,
Singapore,heavier_rain,s9,accessibility,332,-0.24397590361445784,-0.04835399400151099,0.19562190961294684,,,,
Singapore,heavier_rain,s9,weather,332,-0.21987951807228914,-0.39986695853028315,-0.17998744045799397,,,,
Singapore,heavier_rain,s9,fare,332,-0.006024096385542169,0.005128959283591753,0.011153055669133922,,,,
Singapore,heavier_rain,s9,transit_delay,332,-0.12048192771084337,-0.05598695831182581,0.06449496939901757,,,,
Singapore,heavier_rain,s9,roadworks,332,-0.0391566265060241,-0.2335422185462821,-0.194385592040258,,,,
Singapore,heavier_rain,mnl_s,accessibility,332,-0.24397590361445784,0.11598240255853123,0.3599583061729891,,,,
Singapore,heavier_rain,mnl_s,weather,332,-0.21987951807228914,-0.3705464301179456,-0.15066691204565646,,,,
Singapore,heavier_rain,mnl_s,fare,332,-0.006024096385542169,-0.008508785789535617,-0.002484689403993449,,,,
Singapore,heavier_rain,mnl_s,transit_delay,332,-0.12048192771084337,-0.15888160384458344,-0.03839967613374008,,,,
Singapore,heavier_rain,mnl_s,roadworks,332,-0.0391566265060241,-0.11654988242709648,-0.07739325592107239,,,,
Singapore,heavier_rain,soft_kl_seed42,accessibility,332,-0.24397590361445784,-0.12543768963092064,0.1185382139835372,,,,
Singapore,heavier_rain,soft_kl_seed42,weather,332,-0.21987951807228914,-0.031626580709434415,0.18825293736285473,,,,
Singapore,heavier_rain,soft_kl_seed42,fare,332,-0.006024096385542169,-0.015738651313516032,-0.009714554927973863,,,,
Singapore,heavier_rain,soft_kl_seed42,transit_delay,332,-0.12048192771084337,-0.08422215134803071,0.03625977636281266,,,,
Singapore,heavier_rain,soft_kl_seed42,roadworks,332,-0.0391566265060241,-0.03322856289794646,0.005928063608077635,,,,
Singapore,heavier_rain,soft_kl_seed2026,accessibility,332,-0.24397590361445784,-0.15607441066910166,0.08790149294535618,,,,
Singapore,heavier_rain,soft_kl_seed2026,weather,332,-0.21987951807228914,-0.03281921919165964,0.1870602988806295,,,,
Singapore,heavier_rain,soft_kl_seed2026,fare,332,-0.006024096385542169,-0.0007035409111574471,0.005320555474384722,,,,
Singapore,heavier_rain,soft_kl_seed2026,transit_delay,332,-0.12048192771084337,-0.10565810371751347,0.0148238239933299,,,,
Singapore,heavier_rain,soft_kl_seed2026,roadworks,332,-0.0391566265060241,-0.09894210535539202,-0.059785478849367926,,,,
Singapore,heavier_rain,soft_kl_seed7,accessibility,332,-0.24397590361445784,0.07421957253736544,0.31819547615182325,,,,
Singapore,heavier_rain,soft_kl_seed7,weather,332,-0.21987951807228914,-0.04567727058318006,0.1742022474891091,,,,
Singapore,heavier_rain,soft_kl_seed7,fare,332,-0.006024096385542169,0.020809156977268588,0.026833253362810755,,,,
Singapore,heavier_rain,soft_kl_seed7,transit_delay,332,-0.12048192771084337,-0.0848086289051606,0.03567329880568278,,,,
Singapore,heavier_rain,soft_kl_seed7,roadworks,332,-0.0391566265060241,-0.15870365675493894,-0.11954703024891486,,,,
Singapore,heavier_rain,ce_kl_seed42,accessibility,332,-0.24397590361445784,-0.1230984009081408,0.12087750270631703,,,,
Singapore,heavier_rain,ce_kl_seed42,weather,332,-0.21987951807228914,-0.07247208707393651,0.14740743099835263,,,,
Singapore,heavier_rain,ce_kl_seed42,fare,332,-0.006024096385542169,-0.020524475600076728,-0.01450037921453456,,,,
Singapore,heavier_rain,ce_kl_seed42,transit_delay,332,-0.12048192771084337,-0.02682723916635052,0.09365468854449285,,,,
Singapore,heavier_rain,ce_kl_seed42,roadworks,332,-0.0391566265060241,-0.03943367697388293,-0.0002770504678588316,,,,
Singapore,heavier_rain,ce_kl_seed2026,accessibility,332,-0.24397590361445784,-0.14560703881062478,0.09836886480383306,,,,
Singapore,heavier_rain,ce_kl_seed2026,weather,332,-0.21987951807228914,0.03921597080125687,0.259095488873546,,,,
Singapore,heavier_rain,ce_kl_seed2026,fare,332,-0.006024096385542169,0.0014714429446731705,0.007495539330215339,,,,
Singapore,heavier_rain,ce_kl_seed2026,transit_delay,332,-0.12048192771084337,-0.016794979364712196,0.10368694834613118,,,,
Singapore,heavier_rain,ce_kl_seed2026,roadworks,332,-0.0391566265060241,-0.06800566178308912,-0.028849035277065026,,,,
Singapore,heavier_rain,ce_kl_seed7,accessibility,332,-0.24397590361445784,-0.03858761293028133,0.2053882906841765,,,,
Singapore,heavier_rain,ce_kl_seed7,weather,332,-0.21987951807228914,-0.26654611422444685,-0.046666596152157666,,,,
Singapore,heavier_rain,ce_kl_seed7,fare,332,-0.006024096385542169,0.0029963537579379886,0.009020450143480158,,,,
Singapore,heavier_rain,ce_kl_seed7,transit_delay,332,-0.12048192771084337,-0.040235613540084245,0.08024631417075913,,,,
Singapore,heavier_rain,ce_kl_seed7,roadworks,332,-0.0391566265060241,-0.16869602269347173,-0.12953939618744764,,,,
Singapore,heavier_rain,signed_l1_seed42,accessibility,332,-0.24397590361445784,-0.09177493673177009,0.15220096688268772,,,,
Singapore,heavier_rain,signed_l1_seed42,weather,332,-0.21987951807228914,-0.052439857319176914,0.16743966075311223,,,,
Singapore,heavier_rain,signed_l1_seed42,fare,332,-0.006024096385542169,-0.014687207381588867,-0.008663110996046698,,,,
Singapore,heavier_rain,signed_l1_seed42,transit_delay,332,-0.12048192771084337,-0.07236995343792152,0.04811197427292186,,,,
Singapore,heavier_rain,signed_l1_seed42,roadworks,332,-0.0391566265060241,-0.03387443954686085,0.005282186959163252,,,,
Singapore,heavier_rain,signed_l1_seed2026,accessibility,332,-0.24397590361445784,-0.16891314873067909,0.07506275488377874,,,,
Singapore,heavier_rain,signed_l1_seed2026,weather,332,-0.21987951807228914,-0.02010754435267075,0.1997719737196184,,,,
Singapore,heavier_rain,signed_l1_seed2026,fare,332,-0.006024096385542169,-0.0006626549973545304,0.005361441388187638,,,,
Singapore,heavier_rain,signed_l1_seed2026,transit_delay,332,-0.12048192771084337,-0.10963396501379559,0.010847962697047785,,,,
Singapore,heavier_rain,signed_l1_seed2026,roadworks,332,-0.0391566265060241,-0.07277047539870422,-0.03361384889268013,,,,
Singapore,heavier_rain,signed_l1_seed7,accessibility,332,-0.24397590361445784,0.0707895938441696,0.3147654974586274,,,,
Singapore,heavier_rain,signed_l1_seed7,weather,332,-0.21987951807228914,-0.08119392530790653,0.1386855927643826,,,,
Singapore,heavier_rain,signed_l1_seed7,fare,332,-0.006024096385542169,0.017200014049030213,0.02322411043457238,,,,
Singapore,heavier_rain,signed_l1_seed7,transit_delay,332,-0.12048192771084337,-0.12547961547297526,-0.004997687762131892,,,,
Singapore,heavier_rain,signed_l1_seed7,roadworks,332,-0.0391566265060241,-0.14018267446971802,-0.10102604796369392,,,,
Singapore,heavier_rain,direction_magnitude_seed42,accessibility,332,-0.24397590361445784,-0.09650194928813052,0.14747395432632732,,,,
Singapore,heavier_rain,direction_magnitude_seed42,weather,332,-0.21987951807228914,-0.06506634450865438,0.15481317356363478,,,,
Singapore,heavier_rain,direction_magnitude_seed42,fare,332,-0.006024096385542169,-0.02298086432807417,-0.016956767942531998,,,,
Singapore,heavier_rain,direction_magnitude_seed42,transit_delay,332,-0.12048192771084337,-0.09415458685841906,0.026327340852424323,,,,
Singapore,heavier_rain,direction_magnitude_seed42,roadworks,332,-0.0391566265060241,-0.025990565947021347,0.01316606055900275,,,,
Singapore,heavier_rain,direction_magnitude_seed2026,accessibility,332,-0.24397590361445784,-0.12392571967947914,0.1200501839349787,,,,
Singapore,heavier_rain,direction_magnitude_seed2026,weather,332,-0.21987951807228914,-0.029177269034356957,0.1907022490379322,,,,
Singapore,heavier_rain,direction_magnitude_seed2026,fare,332,-0.006024096385542169,-0.0032879003514367415,0.0027361960341054275,,,,
Singapore,heavier_rain,direction_magnitude_seed2026,transit_delay,332,-0.12048192771084337,-0.09068039306495564,0.029801534645887744,,,,
Singapore,heavier_rain,direction_magnitude_seed2026,roadworks,332,-0.0391566265060241,-0.08153359924095223,-0.04237697273492813,,,,
Singapore,heavier_rain,direction_magnitude_seed7,accessibility,332,-0.24397590361445784,-0.02138081139110657,0.22259509222335125,,,,
Singapore,heavier_rain,direction_magnitude_seed7,weather,332,-0.21987951807228914,-0.07379870610423835,0.1460808119680508,,,,
Singapore,heavier_rain,direction_magnitude_seed7,fare,332,-0.006024096385542169,0.014817887064383691,0.02084198344992586,,,,
Singapore,heavier_rain,direction_magnitude_seed7,transit_delay,332,-0.12048192771084337,-0.05255981103632128,0.0679221166745221,,,,
Singapore,heavier_rain,direction_magnitude_seed7,roadworks,332,-0.0391566265060241,-0.13072570399886155,-0.09156907749283745,,,,
Shanghai,survey_options,s9,rain,321,0.04672897196261682,0.01931995289208733,-0.02740901907052949,-0.07391218404340735,0.019218772279266903,-0.09214502952461975,0.036972948934228506
Shanghai,survey_options,s9,delay,321,-0.14641744548286603,-0.09861441119428944,0.0478030342885766,0.004339006930866027,0.09437562456554689,-0.014379563697226993,0.11047342411493358
Shanghai,survey_options,s9,rain_delay_interaction,320,0.09375,-0.006702785105881048,-0.10045278510588104,-0.15438797219030184,-0.04708423570251633,-0.17641787239065643,-0.024376105789963902
Shanghai,survey_options,s9,fare,321,-0.059190031152647975,0.0033513580875419013,0.06254138924018987,0.014894505410899069,0.11270138311556706,-0.006305972641555887,0.13128413769077038
Shanghai,survey_options,s9,parking,321,-0.09345794392523364,-0.16447054782180215,-0.0710126038965685,-0.10478693418853229,-0.036221031886322363,-0.11563243513698022,-0.02232742463401737
Shanghai,survey_options,s9,road,321,-0.09345794392523364,-0.24650801681388299,-0.15305007288864933,-0.19292152166864152,-0.11351841182899125,-0.20767098135275713,-0.09788222089669146
Shanghai,survey_options,s9,walk_vs_wait,320,0.01875,-0.044997694648918694,-0.06374769464891869,-0.10763267875338549,-0.021740166593927517,-0.12608654590495288,-0.003617458745610193
Shanghai,survey_options,s9,transfer_vs_wait,321,0.024922118380062305,0.031213990473580137,0.006291872093517832,-0.04105724076134069,0.05244585349285435,-0.06174670805464821,0.0690657322352309
Shanghai,survey_options,mnl_s,rain,321,0.04672897196261682,0.026047123266685127,-0.020681848695931686,-0.0667202502160529,0.025856173787316552,-0.08539415967923042,0.04403093536911877
Shanghai,survey_options,mnl_s,delay,321,-0.14641744548286603,-0.0747628358854762,0.07165460959738983,0.027549979619097477,0.11870159733749663,0.010619477730926587,0.1353946550622446
Shanghai,survey_options,mnl_s,rain_delay_interaction,320,0.09375,-0.004331305070253226,-0.09808130507025323,-0.15161409335225207,-0.04493035201740243,-0.17385223134675276,-0.02282973607363758
Shanghai,survey_options,mnl_s,fare,321,-0.059190031152647975,-0.009073716613015462,0.050116314539632514,0.003144463091057665,0.10003939326473613,-0.018333299651391938,0.1183429824207958
Shanghai,survey_options,mnl_s,parking,321,-0.09345794392523364,-0.35111246272472785,-0.2576545187994942,-0.28949815922122263,-0.2236043074530671,-0.30137160617398917,-0.2105777178856988
Shanghai,survey_options,mnl_s,road,321,-0.09345794392523364,-0.35692479990467685,-0.26346685597944325,-0.3028101055016195,-0.22325427971995074,-0.31813847231204895,-0.2076049013999909
Shanghai,survey_options,mnl_s,walk_vs_wait,320,0.01875,-0.050036362758002814,-0.0687863627580028,-0.11247007325663724,-0.02664017768459637,-0.12982895078181952,-0.008562990009929796
Shanghai,survey_options,mnl_s,transfer_vs_wait,321,0.024922118380062305,-0.13253600416719152,-0.15745812254725383,-0.20599058181642507,-0.10907846959223821,-0.22856899181733745,-0.0931675270430278
Shanghai,survey_options,soft_kl_seed42,rain,321,0.04672897196261682,0.04608279633744855,-0.0006461756251682745,-0.046620686240262145,0.04639755743280098,-0.06634178087847871,0.06393866738793366
Shanghai,survey_options,soft_kl_seed42,delay,321,-0.14641744548286603,-0.11805255669299687,0.02836488878986917,-0.015373274377573316,0.07477813829316804,-0.033341663883784296,0.0912723186887899
Shanghai,survey_options,soft_kl_seed42,rain_delay_interaction,320,0.09375,-0.011266465298831463,-0.10501646529883146,-0.15819234215668396,-0.05189156145701509,-0.18057471943230038,-0.02924690029169147
Shanghai,survey_options,soft_kl_seed42,fare,321,-0.059190031152647975,-0.00978505806388142,0.049404973088766554,0.00091222602978488,0.09973008264308775,-0.019829022493198907,0.11923432146297656
Shanghai,survey_options,soft_kl_seed42,parking,321,-0.09345794392523364,-0.11807488819520422,-0.02461694426997057,-0.056774426053199815,0.009168696188805989,-0.0682536579655466,0.023256329113524637
Shanghai,survey_options,soft_kl_seed42,road,321,-0.09345794392523364,-0.2207527575880939,-0.12729481366286025,-0.1666987717180655,-0.08763204955226073,-0.18149570956756578,-0.07114872067943331
Shanghai,survey_options,soft_kl_seed42,walk_vs_wait,320,0.01875,0.02806567249353975,0.009315672493539751,-0.03408131895794111,0.05119837256323076,-0.052422965784153966,0.0693806018912788
Shanghai,survey_options,soft_kl_seed42,transfer_vs_wait,321,0.024922118380062305,-0.22878457096947874,-0.25370668934954105,-0.3022244756910776,-0.20625214661381605,-0.32351078616643425,-0.18785875705146976
Shanghai,survey_options,soft_kl_seed2026,rain,321,0.04672897196261682,-0.026575395088886546,-0.07330436705150337,-0.11933957283266144,-0.027141091688840747,-0.13756259102417837,-0.009167794388069046
Shanghai,survey_options,soft_kl_seed2026,delay,321,-0.14641744548286603,-0.15258962383371927,-0.006172178350853214,-0.05104213349870768,0.041184495009243996,-0.06870378581710004,0.057379432809961516
Shanghai,survey_options,soft_kl_seed2026,rain_delay_interaction,320,0.09375,0.01858514783089049,-0.07516485216910951,-0.12888845362258747,-0.02246512124518862,-0.1512057800668457,0.0006468062581167053
Shanghai,survey_options,soft_kl_seed2026,fare,321,-0.059190031152647975,-0.006090565912448729,0.05309946524019925,0.00514812723753794,0.10320642013450927,-0.015073965197121522,0.12112564250617933
Shanghai,survey_options,soft_kl_seed2026,parking,321,-0.09345794392523364,-0.11455866128113411,-0.021100717355900463,-0.0518841815038912,0.011405521771664545,-0.06346915684527256,0.024910228060140586
Shanghai,survey_options,soft_kl_seed2026,road,321,-0.09345794392523364,-0.3275798956321036,-0.23412195170686995,-0.27267137860641394,-0.1957251014240156,-0.28656968882363987,-0.17994860431550816
Shanghai,survey_options,soft_kl_seed2026,walk_vs_wait,320,0.01875,-0.08836674926569685,-0.10711674926569685,-0.1509458326019283,-0.06509865462299144,-0.16775378330497745,-0.04690437737761421
Shanghai,survey_options,soft_kl_seed2026,transfer_vs_wait,321,0.024922118380062305,0.03632502860137235,0.011402910221310049,-0.036180941550194565,0.05790451059895466,-0.05664087936225582,0.07496538540399902
Shanghai,survey_options,soft_kl_seed7,rain,321,0.04672897196261682,0.046774637778043006,4.566581542618178e-05,-0.04669351847407138,0.046954475962948536,-0.06571493709134954,0.06478546813944179
Shanghai,survey_options,soft_kl_seed7,delay,321,-0.14641744548286603,-0.1196529611979968,0.026764484284869234,-0.017208934647271936,0.07382205256777365,-0.03412236434302722,0.08938793956983551
Shanghai,survey_options,soft_kl_seed7,rain_delay_interaction,320,0.09375,-0.018123028799891472,-0.11187302879989147,-0.16572235720536405,-0.058456443540105686,-0.18847129719458253,-0.03572192858061577
Shanghai,survey_options,soft_kl_seed7,fare,321,-0.059190031152647975,0.02659827359368868,0.08578830474633665,0.03796457803323633,0.1360238976764994,0.016223664797923743,0.15425023459858403
Shanghai,survey_options,soft_kl_seed7,parking,321,-0.09345794392523364,-0.11122467278320099,-0.017766728857967342,-0.050130438006184184,0.01634687366213566,-0.06179575168997676,0.029675842957524692
Shanghai,survey_options,soft_kl_seed7,road,321,-0.09345794392523364,-0.29596459273701514,-0.20250664881178151,-0.2424700800303335,-0.1612605043214012,-0.25758298448231826,-0.14570644535639285
Shanghai,survey_options,soft_kl_seed7,walk_vs_wait,320,0.01875,-0.08488268512301148,-0.10363268512301146,-0.14747843563644708,-0.06128249373246165,-0.16496429908834231,-0.04300336047581159
Shanghai,survey_options,soft_kl_seed7,transfer_vs_wait,321,0.024922118380062305,-0.13385933937034875,-0.15878145775041105,-0.20751508264729865,-0.11106939895362872,-0.22738629279522563,-0.09418744098335638
Shanghai,survey_options,ce_kl_seed42,rain,321,0.04672897196261682,0.05644947644381137,0.009720504481194547,-0.036394078991988044,0.05669831237726702,-0.05504082038190224,0.07417032758058312
Shanghai,survey_options,ce_kl_seed42,delay,321,-0.14641744548286603,-0.11766829721142198,0.02874914827144406,-0.015542103465344768,0.07521230354339366,-0.03275491402827557,0.09352046634579005
Shanghai,survey_options,ce_kl_seed42,rain_delay_interaction,320,0.09375,-0.022519007354276255,-0.11626900735427625,-0.16956285105777377,-0.06311678096445843,-0.19204909956458702,-0.04062770227950075
Shanghai,survey_options,ce_kl_seed42,fare,321,-0.059190031152647975,-0.027982810169829758,0.031207220982818216,-0.01727560639303073,0.08144971059440893,-0.036622131247863295,0.10035602922884611
Shanghai,survey_options,ce_kl_seed42,parking,321,-0.09345794392523364,-0.15898913017407384,-0.0655311862488402,-0.0991893869444635,-0.030214626463333227,-0.11309091226586555,-0.01614629402930776
Shanghai,survey_options,ce_kl_seed42,road,321,-0.09345794392523364,-0.2531850988109164,-0.15972715488568273,-0.19964388611021444,-0.11948978803541245,-0.21406547162120412,-0.10386345587921769
Shanghai,survey_options,ce_kl_seed42,walk_vs_wait,320,0.01875,0.028141202771803365,0.009391202771803364,-0.03363838825127459,0.05136448773125696,-0.05189306804733305,0.06916627272797286
Shanghai,survey_options,ce_kl_seed42,transfer_vs_wait,321,0.024922118380062305,-0.17586287782408552,-0.20078499620414783,-0.2503568133444277,-0.15231842891490116,-0.27103066542507936,-0.13407125247067966
Shanghai,survey_options,ce_kl_seed2026,rain,321,0.04672897196261682,-0.030762788488578944,-0.07749176045119577,-0.12384517030947119,-0.03110698690214355,-0.1413168565035403,-0.01251203693243521
Shanghai,survey_options,ce_kl_seed2026,delay,321,-0.14641744548286603,-0.12438389130017932,0.022033554182686724,-0.022065213253298,0.06906826734808308,-0.040310656180254596,0.08536323217468009
Shanghai,survey_options,ce_kl_seed2026,rain_delay_interaction,320,0.09375,0.024730532757530455,-0.06901946724246955,-0.12288228675407674,-0.01629943196030496,-0.14560885278719846,0.006496452164110322
Shanghai,survey_options,ce_kl_seed2026,fare,321,-0.059190031152647975,-0.005357258335173687,0.05383277281747429,0.006374837207459959,0.10396595474164294,-0.014121852618260627,0.1219403276759245
Shanghai,survey_options,ce_kl_seed2026,parking,321,-0.09345794392523364,-0.12019790184460696,-0.02673995791937332,-0.057158563310437116,0.005465007224047646,-0.06821335469970241,0.019388260092075636
Shanghai,survey_options,ce_kl_seed2026,road,321,-0.09345794392523364,-0.2752469719802479,-0.18178902805501426,-0.22017231035594628,-0.14344466043827692,-0.2340442291693762,-0.12820836997132573
Shanghai,survey_options,ce_kl_seed2026,walk_vs_wait,320,0.01875,-0.064111423533177,-0.082861423533177,-0.1265223947263024,-0.040925082308747994,-0.14336313474596077,-0.022416931131053995
Shanghai,survey_options,ce_kl_seed2026,transfer_vs_wait,321,0.024922118380062305,-0.06821245442484027,-0.09313457280490257,-0.14024971969356045,-0.04606987704839152,-0.1608621106130895,-0.02891948680628042
Shanghai,survey_options,ce_kl_seed7,rain,321,0.04672897196261682,0.09705467739162786,0.05032570542901105,0.002979230131617404,0.09853602917168601,-0.01723441921930319,0.11544851191320805
Shanghai,survey_options,ce_kl_seed7,delay,321,-0.14641744548286603,-0.12311460270119884,0.02330284278166721,-0.021015775649347035,0.07033310461052436,-0.03904078227695951,0.08661248926360723
Shanghai,survey_options,ce_kl_seed7,rain_delay_interaction,320,0.09375,-0.0303124815429328,-0.1240624815429328,-0.17806856008918026,-0.07023973889933566,-0.19941001604727926,-0.0481611937982534
Shanghai,survey_options,ce_kl_seed7,fare,321,-0.059190031152647975,0.004294976522432309,0.06348500767508028,0.015133380389705627,0.1140405686398115,-0.006570381930495416,0.13274940271028388
Shanghai,survey_options,ce_kl_seed7,parking,321,-0.09345794392523364,-0.15970707333115775,-0.06624912940592409,-0.09999490513457594,-0.030561309199014286,-0.11223743545323772,-0.01588476735092507
Shanghai,survey_options,ce_kl_seed7,road,321,-0.09345794392523364,-0.2664899651579141,-0.17303202123268047,-0.21409033536236455,-0.13080348830548266,-0.22941367009121885,-0.11496373591918771
Shanghai,survey_options,ce_kl_seed7,walk_vs_wait,320,0.01875,-0.0935169355943799,-0.1122669355943799,-0.15683642819698435,-0.069520041369251,-0.17446006852206064,-0.05115265648048084
Shanghai,survey_options,ce_kl_seed7,transfer_vs_wait,321,0.024922118380062305,-0.16046193530463912,-0.18538405368470143,-0.23447927958099898,-0.1368859206096377,-0.2558122154923099,-0.1202189177973288
Shanghai,survey_options,signed_l1_seed42,rain,321,0.04672897196261682,0.05084746486487047,0.004118492902253647,-0.04198042187155036,0.050953014768265484,-0.06104528897926444,0.06893371468775442
Shanghai,survey_options,signed_l1_seed42,delay,321,-0.14641744548286603,-0.12790403596337338,0.018513409519492652,-0.025290505874124455,0.06530673538459424,-0.043152601680373104,0.08141413558465986
Shanghai,survey_options,signed_l1_seed42,rain_delay_interaction,320,0.09375,-0.007140343659557402,-0.1008903436595574,-0.15421887992706615,-0.04783556145604929,-0.17655828602525545,-0.025579496661397944
Shanghai,survey_options,signed_l1_seed42,fare,321,-0.059190031152647975,-0.01650094565851295,0.042689085494135026,-0.005642328191420928,0.09299639017608399,-0.026672196588217862,0.11240264102265325
Shanghai,survey_options,signed_l1_seed42,parking,321,-0.09345794392523364,-0.1600733542368048,-0.06661541031157116,-0.09841579165762272,-0.032547676316070785,-0.1099706434019525,-0.01845055980596281
Shanghai,survey_options,signed_l1_seed42,road,321,-0.09345794392523364,-0.21859688838694327,-0.12513894446170962,-0.16441506633239095,-0.08523693561112956,-0.17917810973807055,-0.0687008342305287
Shanghai,survey_options,signed_l1_seed42,walk_vs_wait,320,0.01875,-0.009048995748162269,-0.027798995748162268,-0.07146186373247268,0.013256537734084178,-0.0895612218678883,0.03199634980121123
Shanghai,survey_options,signed_l1_seed42,transfer_vs_wait,321,0.024922118380062305,-0.26645630726306424,-0.29137842564312655,-0.3398013434701417,-0.24357311163087464,-0.3614838363263031,-0.22578692605619782
Shanghai,survey_options,signed_l1_seed2026,rain,321,0.04672897196261682,-0.025141170602349848,-0.07187014256496667,-0.11761225693658969,-0.025506697311950995,-0.13557815015768615,-0.00803293945642087
Shanghai,survey_options,signed_l1_seed2026,delay,321,-0.14641744548286603,-0.15084036857446778,-0.004422923091601731,-0.049260007175892545,0.04280415687092065,-0.06745752842088282,0.060023553951315506
Shanghai,survey_options,signed_l1_seed2026,rain_delay_interaction,320,0.09375,0.0166529182868544,-0.0770970817131456,-0.13065827899092833,-0.024632505724209046,-0.1536501542825,-0.0009999014146278569
Shanghai,survey_options,signed_l1_seed2026,fare,321,-0.059190031152647975,-0.009839616344539547,0.04935041480810843,0.0015001454509539402,0.09962299011961043,-0.018791838954536483,0.11698194243684061
Shanghai,survey_options,signed_l1_seed2026,parking,321,-0.09345794392523364,-0.14620307171456168,-0.05274512778932803,-0.08327763824262352,-0.020202494604147494,-0.09422066232807517,-0.007311424983061902
Shanghai,survey_options,signed_l1_seed2026,road,321,-0.09345794392523364,-0.29291100116487234,-0.1994530572396387,-0.2373582850956007,-0.16135343181294307,-0.2507523915579911,-0.14655715386202636
Shanghai,survey_options,signed_l1_seed2026,walk_vs_wait,320,0.01875,-0.10499103395268321,-0.12374103395268321,-0.16776178377184356,-0.08127924799329748,-0.18457150959235183,-0.0629669701675745
Shanghai,survey_options,signed_l1_seed2026,transfer_vs_wait,321,0.024922118380062305,0.029143256434120492,0.004221138054058188,-0.043149671349616434,0.05071766163422683,-0.06332300723076296,0.06729319184337443
Shanghai,survey_options,signed_l1_seed7,rain,321,0.04672897196261682,0.048873319479163936,0.002144347516547111,-0.044725375387504276,0.04912214334473891,-0.06403722556632858,0.0671843309187533
Shanghai,survey_options,signed_l1_seed7,delay,321,-0.14641744548286603,-0.12511491816131126,0.02130252732155479,-0.022584958971591195,0.06813066441092835,-0.04000544703235151,0.0841983188875743
Shanghai,survey_options,signed_l1_seed7,rain_delay_interaction,320,0.09375,-0.01342583301011473,-0.10717583301011473,-0.161253565467308,-0.0537647850453505,-0.1825556304084788,-0.03122147068539898
Shanghai,survey_options,signed_l1_seed7,fare,321,-0.059190031152647975,0.012242387341933086,0.07143241849458107,0.023708826991674314,0.12184914692284718,0.001507820718634493,0.14045174940136682
Shanghai,survey_options,signed_l1_seed7,parking,321,-0.09345794392523364,-0.15355174396639673,-0.060093800041163076,-0.09270340116212951,-0.025653857211480828,-0.1042877321748057,-0.011884205974130892
Shanghai,survey_options,signed_l1_seed7,road,321,-0.09345794392523364,-0.2979918582556404,-0.2045339143304067,-0.24451468662791115,-0.16320705781183048,-0.25965347190596444,-0.14747002892920802
Shanghai,survey_options,signed_l1_seed7,walk_vs_wait,320,0.01875,-0.08611709821270778,-0.10486709821270779,-0.14863599241973133,-0.06253405527560975,-0.1662746820542157,-0.04412986864058552
Shanghai,survey_options,signed_l1_seed7,transfer_vs_wait,321,0.024922118380062305,-0.14186168653524925,-0.16678380491531156,-0.21531584026506662,-0.1192706054207112,-0.23557944894939475,-0.10245526508639229
Shanghai,survey_options,direction_magnitude_seed42,rain,321,0.04672897196261682,0.04194203666715979,-0.004786935295457038,-0.0508714002484566,0.042402668398836864,-0.06992788211829855,0.05959799141562116
Shanghai,survey_options,direction_magnitude_seed42,delay,321,-0.14641744548286603,-0.1186429768382946,0.027774468644571452,-0.015954264248445673,0.0743511413714364,-0.03399636804799309,0.09065492700932636
Shanghai,survey_options,direction_magnitude_seed42,rain_delay_interaction,320,0.09375,0.0005411006044596433,-0.09320889939554036,-0.14650620632347156,-0.03993922798290354,-0.16898175117576963,-0.017647654300688667
Shanghai,survey_options,direction_magnitude_seed42,fare,321,-0.059190031152647975,-0.024096527853487437,0.03509350329916054,-0.013201341420017483,0.0855345467813429,-0.03412985116355063,0.1047249959844866
Shanghai,survey_options,direction_magnitude_seed42,parking,321,-0.09345794392523364,-0.13684744032743934,-0.043389496402205706,-0.07564194255575213,-0.009274170143860524,-0.08722047251779759,0.0053422554841443355
Shanghai,survey_options,direction_magnitude_seed42,road,321,-0.09345794392523364,-0.21365039793316076,-0.12019245400792714,-0.1593967478797768,-0.08021185923066003,-0.17391851615955664,-0.06438483212772778
Shanghai,survey_options,direction_magnitude_seed42,walk_vs_wait,320,0.01875,0.032390513783320786,0.013640513783320785,-0.029633867859568147,0.05562032721554611,-0.04781473101863296,0.07348733840385453
Shanghai,survey_options,direction_magnitude_seed42,transfer_vs_wait,321,0.024922118380062305,-0.2294230164722119,-0.25434513485227417,-0.3029532077500301,-0.20687442656803726,-0.32438424658956877,-0.1886479812447382
Shanghai,survey_options,direction_magnitude_seed2026,rain,321,0.04672897196261682,-0.01788705828776612,-0.06461603025038294,-0.11039538568994059,-0.018336639782512505,-0.12871054957121772,-0.0007732881005343957
Shanghai,survey_options,direction_magnitude_seed2026,delay,321,-0.14641744548286603,-0.14773457153262193,-0.0013171260497558896,-0.04614888813500394,0.04593581988075829,-0.06390329210663931,0.06310990078422234
Shanghai,survey_options,direction_magnitude_seed2026,rain_delay_interaction,320,0.09375,0.008703269541729241,-0.08504673045827076,-0.1385796030311488,-0.0326730854345926,-0.16128544168951514,-0.008906745869394725
Shanghai,survey_options,direction_magnitude_seed2026,fare,321,-0.059190031152647975,-0.010955721557697404,0.04823430959495057,0.00037710133974797587,0.09843123762627534,-0.01994325355655656,0.11600906839166292
Shanghai,survey_options,direction_magnitude_seed2026,parking,321,-0.09345794392523364,-0.14853148802975627,-0.055073544104522636,-0.08574705703816496,-0.02283725176598424,-0.09703272358105283,-0.008966909440501276
Shanghai,survey_options,direction_magnitude_seed2026,road,321,-0.09345794392523364,-0.2915022913540635,-0.19804434742882987,-0.23668778270506227,-0.15936778018605022,-0.2499169759859978,-0.14448840746516814
Shanghai,survey_options,direction_magnitude_seed2026,walk_vs_wait,320,0.01875,-0.09510525120422245,-0.11385525120422244,-0.1578608305753281,-0.07153694758741759,-0.1749057591288384,-0.05295320779156399
Shanghai,survey_options,direction_magnitude_seed2026,transfer_vs_wait,321,0.024922118380062305,0.10703271081978659,0.08211059243972428,0.03470079432940836,0.12838859248360923,0.013837143723966085,0.14485242946430274
Shanghai,survey_options,direction_magnitude_seed7,rain,321,0.04672897196261682,0.04945572946116189,0.0027267574985450674,-0.0441048052051682,0.04999000098370595,-0.06339546722741478,0.06753215588066387
Shanghai,survey_options,direction_magnitude_seed7,delay,321,-0.14641744548286603,-0.1283211789131629,0.018096266569703166,-0.025923942270285428,0.06515754272949495,-0.04368534469001453,0.08101138963314736
Shanghai,survey_options,direction_magnitude_seed7,rain_delay_interaction,320,0.09375,-0.01619980973773636,-0.10994980973773635,-0.16379057221126286,-0.05653192416211828,-0.18616496738785937,-0.03477515961701618
Shanghai,survey_options,direction_magnitude_seed7,fare,321,-0.059190031152647975,0.011486195492038845,0.07067622664468683,0.02292864911977748,0.12091082117441936,0.0008777694193489654,0.1397000834048432
Shanghai,survey_options,direction_magnitude_seed7,parking,321,-0.09345794392523364,-0.1235628047743319,-0.030104860849098254,-0.06263265807030728,0.004121719838070718,-0.07431927122671818,0.0175523583859936
Shanghai,survey_options,direction_magnitude_seed7,road,321,-0.09345794392523364,-0.26887269610556486,-0.17541475218033123,-0.21538885237004993,-0.13445379118031806,-0.23050361883143292,-0.11749252036189943
Shanghai,survey_options,direction_magnitude_seed7,walk_vs_wait,320,0.01875,-0.10310923195211216,-0.12185923195211217,-0.16596527766166153,-0.07961795012324446,-0.1835348850513765,-0.06083061088303818
Shanghai,survey_options,direction_magnitude_seed7,transfer_vs_wait,321,0.024922118380062305,-0.16207008942311799,-0.1869922078031803,-0.235272576001319,-0.13919827502679277,-0.25576406261024887,-0.12251728716287595
Shanghai,ownership,s9,rain,321,0.04672897196261682,0.026965692500087703,-0.01976327946252912,-0.06520170079474555,0.025109641282961368,-0.08307098658636468,0.042142274672117536
Shanghai,ownership,s9,delay,321,-0.14641744548286603,-0.30570814805250396,-0.1592907025696379,-0.20597121139206398,-0.1099588067419508,-0.22407229919952334,-0.09214988324809877
Shanghai,ownership,s9,rain_delay_interaction,320,0.09375,0.07988330379885156,-0.013866696201148443,-0.06842940467250334,0.039905043843871536,-0.09108596469141743,0.06201010169279853
Shanghai,ownership,s9,fare,321,-0.059190031152647975,0.011289097972191011,0.07047912912483899,0.022413089231956413,0.12063531745457297,0.0014654185156543946,0.13957724312379796
Shanghai,ownership,s9,parking,321,-0.09345794392523364,-0.0761895400248584,0.017268403900375248,-0.010912104925239384,0.04606373926618853,-0.020560437709896757,0.05702182139499202
Shanghai,ownership,s9,road,321,-0.09345794392523364,-0.12474628923188118,-0.03128834530664753,-0.06736114363090318,0.003372467915611647,-0.0846508745973744,0.016797514919139236
Shanghai,ownership,s9,walk_vs_wait,320,0.01875,-0.11748569124611094,-0.13623569124611096,-0.1798203831524006,-0.09422093908668279,-0.19706102616007515,-0.07617163741615092
Shanghai,ownership,s9,transfer_vs_wait,321,0.024922118380062305,0.04208885220305942,0.017166733822997115,-0.029970372898498333,0.06372638530129814,-0.05019714366303716,0.08090705945308092
Shanghai,ownership,mnl_s,rain,321,0.04672897196261682,0.055421589792946147,0.008692617830329333,-0.034762629621078164,0.05263599625435225,-0.05214444601173587,0.06999474766931531
Shanghai,ownership,mnl_s,delay,321,-0.14641744548286603,-0.08549272143608336,0.06092472404678268,0.017752782248440607,0.1068680364521337,0.002153107681310187,0.12389102279349766
Shanghai,ownership,mnl_s,rain_delay_interaction,320,0.09375,0.014468658110753882,-0.07928134188924611,-0.13277179107552636,-0.026814220852460484,-0.15538053938679178,-0.0037537586587195566
Shanghai,ownership,mnl_s,fare,321,-0.059190031152647975,-0.004077688829678952,0.05511234232296903,0.00804054325282633,0.1048447253495171,-0.013473198595694645,0.12383167321873528
Shanghai,ownership,mnl_s,parking,321,-0.09345794392523364,-0.0945270902097393,-0.0010691462845056523,-0.029043655584668444,0.02709232187759238,-0.03871787355755637,0.036900005869684095
Shanghai,ownership,mnl_s,road,321,-0.09345794392523364,-0.09497676385586191,-0.0015188199306282635,-0.036885344174805865,0.03332168327032025,-0.05320393731480969,0.04647048550877291
Shanghai,ownership,mnl_s,walk_vs_wait,320,0.01875,-0.0670164990284681,-0.08576649902846809,-0.12975770384576885,-0.04328578380275977,-0.14808621036607514,-0.025052105408162075
Shanghai,ownership,mnl_s,transfer_vs_wait,321,0.024922118380062305,-0.011498827108048134,-0.036420945488110444,-0.08813291343398286,0.013299324594373321,-0.10944352019011067,0.031389466095106726
Shanghai,ownership,soft_kl_seed42,rain,321,0.04672897196261682,0.0407854401712477,-0.005943531791369121,-0.051715444568022385,0.04076772636945744,-0.0704075895349939,0.058048521084391784
Shanghai,ownership,soft_kl_seed42,delay,321,-0.14641744548286603,-0.09190261468430545,0.054514830798560586,0.011183601215690654,0.10054434592374294,-0.005776403515564852,0.11535601895483844
Shanghai,ownership,soft_kl_seed42,rain_delay_interaction,320,0.09375,0.002228117152117193,-0.0915218828478828,-0.14485634741516418,-0.03840084481978756,-0.16580824026166288,-0.015510927724022431
Shanghai,ownership,soft_kl_seed42,fare,321,-0.059190031152647975,-0.002629316066655786,0.05656071508599219,0.008208941523206196,0.10686513512769592,-0.012553077677229994,0.12549321541179703
Shanghai,ownership,soft_kl_seed42,parking,321,-0.09345794392523364,-0.05057629562241266,0.042881648302820985,0.013903446352788222,0.07282572914483577,0.004212048848963277,0.08534517655558185
Shanghai,ownership,soft_kl_seed42,road,321,-0.09345794392523364,-0.07728132633405312,0.016176617591180532,-0.01930843589485063,0.05145495852275614,-0.03435341521758133,0.06447021040044158
Shanghai,ownership,soft_kl_seed42,walk_vs_wait,320,0.01875,0.02007539812475443,0.0013253981247544288,-0.042350884207789305,0.04302288815509469,-0.06070259687856918,0.06177687207238421
Shanghai,ownership,soft_kl_seed42,transfer_vs_wait,321,0.024922118380062305,-0.32635544781280085,-0.35127756619286316,-0.39930995211144477,-0.3046390848620171,-0.4186181595501478,-0.28668812995358023
Shanghai,ownership,soft_kl_seed2026,rain,321,0.04672897196261682,0.0037509541598807245,-0.0429780178027361,-0.08852885263824017,0.0035227023140524277,-0.10685686327776701,0.02193766954591391
Shanghai,ownership,soft_kl_seed2026,delay,321,-0.14641744548286603,-0.2620434688108268,-0.11562602332796078,-0.160457342958101,-0.06767001234610046,-0.17745383042244478,-0.051775123775288236
Shanghai,ownership,soft_kl_seed2026,rain_delay_interaction,320,0.09375,9.314754279330373e-05,-0.0936568524572067,-0.14706142417016668,-0.041073005931536545,-0.16823461980724613,-0.017887586875378083
Shanghai,ownership,soft_kl_seed2026,fare,321,-0.059190031152647975,-0.0040194713902250625,0.05517055976242291,0.007198531807884807,0.10527043401429029,-0.01368663611530248,0.12383320035718962
Shanghai,ownership,soft_kl_seed2026,parking,321,-0.09345794392523364,-0.041319506654858215,0.052138437270375426,0.02339579160571841,0.08210315111316624,0.013281208164467713,0.0937710728606563
Shanghai,ownership,soft_kl_seed2026,road,321,-0.09345794392523364,-0.11194055429964422,-0.018482610374410575,-0.05411055248427985,0.01613037009778608,-0.07078476413334443,0.02891606820842995
Shanghai,ownership,soft_kl_seed2026,walk_vs_wait,320,0.01875,-0.1282643062178977,-0.14701430621789768,-0.1904282727901829,-0.104688759384444,-0.20872513422353223,-0.08690008005317294
Shanghai,ownership,soft_kl_seed2026,transfer_vs_wait,321,0.024922118380062305,0.03341638410574179,0.008494265725679486,-0.03866412052043316,0.054978571862353706,-0.05858021949380172,0.0721634133266297
Shanghai,ownership,soft_kl_seed7,rain,321,0.04672897196261682,0.050583284591960015,0.0038543126293431934,-0.04201479734580186,0.050009613934428473,-0.060241837603565176,0.06732038461510369
Shanghai,ownership,soft_kl_seed7,delay,321,-0.14641744548286603,-0.20364955182526714,-0.05723210634240109,-0.10143718601021673,-0.009726817996133851,-0.11822632555501693,0.00671601852839443
Shanghai,ownership,soft_kl_seed7,rain_delay_interaction,320,0.09375,0.009673727035988122,-0.08407627296401188,-0.13833357259865084,-0.030884043374083337,-0.15958695031326797,-0.00805827904996969
Shanghai,ownership,soft_kl_seed7,fare,321,-0.059190031152647975,0.013673065491368838,0.07286309664401681,0.024528351261329802,0.12340100918580253,0.0027205787632451923,0.14101474052135513
Shanghai,ownership,soft_kl_seed7,parking,321,-0.09345794392523364,-0.04672134855640269,0.04673659536883096,0.017972797394448726,0.0769007585629403,0.00800049685063624,0.08843597940334647
Shanghai,ownership,soft_kl_seed7,road,321,-0.09345794392523364,-0.10868505304940393,-0.015227109124170286,-0.05141708689025165,0.019632378442798998,-0.06822781974647044,0.03343667493882131
Shanghai,ownership,soft_kl_seed7,walk_vs_wait,320,0.01875,-0.12290919970255346,-0.14165919970255345,-0.18493174787819663,-0.09953229308857495,-0.20365110510645426,-0.08137513257676458
Shanghai,ownership,soft_kl_seed7,transfer_vs_wait,321,0.024922118380062305,-0.22461248265805644,-0.24953460103811875,-0.29805113982142317,-0.20156379119316087,-0.3178675410651814,-0.18454657015151343
Shanghai,ownership,ce_kl_seed42,rain,321,0.04672897196261682,0.05960953625563149,0.012880564293014669,-0.03226202756218682,0.05919709573079166,-0.0513927648179059,0.07669576870123723
Shanghai,ownership,ce_kl_seed42,delay,321,-0.14641744548286603,-0.11418188901798004,0.032235556464885996,-0.01116131723849712,0.07795542780182256,-0.027654250101781106,0.0936578497549553
Shanghai,ownership,ce_kl_seed42,rain_delay_interaction,320,0.09375,0.011306350643280894,-0.0824436493567191,-0.1365435622866949,-0.029308686526744964,-0.15850520893470335,-0.006306108582157653
Shanghai,ownership,ce_kl_seed42,fare,321,-0.059190031152647975,-0.012772342486080722,0.04641768866656725,-0.001698788024798453,0.09593977575535621,-0.022162177553037732,0.11578433281108058
Shanghai,ownership,ce_kl_seed42,parking,321,-0.09345794392523364,-0.07225878146764274,0.021199162457590907,-0.007989121053216985,0.05102433554503218,-0.018983787848437177,0.061633081789450476
Shanghai,ownership,ce_kl_seed42,road,321,-0.09345794392523364,-0.09511289490253383,-0.0016549509773001864,-0.037414079726415445,0.03339410215047566,-0.05347096848880402,0.04739544161521409
Shanghai,ownership,ce_kl_seed42,walk_vs_wait,320,0.01875,0.022341287950985132,0.003591287950985134,-0.03984949331012953,0.04512350626801473,-0.05801223678863163,0.06417817033769342
Shanghai,ownership,ce_kl_seed42,transfer_vs_wait,321,0.024922118380062305,-0.37001375032072403,-0.39493586870078634,-0.44482736273170403,-0.34655497291000603,-0.46364281145953523,-0.32761916301245486
Shanghai,ownership,ce_kl_seed2026,rain,321,0.04672897196261682,-0.006379279914396203,-0.05310825187701303,-0.09891718540752649,-0.007081194193540532,-0.11751041067321713,0.012530453003742748
Shanghai,ownership,ce_kl_seed2026,delay,321,-0.14641744548286603,-0.26723465587613043,-0.12081721039326437,-0.16598580656446243,-0.07250020895896747,-0.18409188396434392,-0.05504578066355753
Shanghai,ownership,ce_kl_seed2026,rain_delay_interaction,320,0.09375,-0.004920145835785661,-0.09867014583578566,-0.15211091782767877,-0.04610192340118376,-0.17501156082322822,-0.02244330394987138
Shanghai,ownership,ce_kl_seed2026,fare,321,-0.059190031152647975,0.008275959513083426,0.0674659906657314,0.020029138311500026,0.1175258553595604,-0.0012760439994266215,0.13573856814140647
Shanghai,ownership,ce_kl_seed2026,parking,321,-0.09345794392523364,-0.047025109841444784,0.046432834083788864,0.017567482836706987,0.07608475973394427,0.007758400327238803,0.08849044655771734
Shanghai,ownership,ce_kl_seed2026,road,321,-0.09345794392523364,-0.11081077423051139,-0.017352830305277744,-0.05317146383527655,0.01743769409291655,-0.06928341958375875,0.03022813205752266
Shanghai,ownership,ce_kl_seed2026,walk_vs_wait,320,0.01875,-0.12161399137694388,-0.1403639913769439,-0.18398889653556683,-0.09807409275502611,-0.20097911856556144,-0.07959081909722028
Shanghai,ownership,ce_kl_seed2026,transfer_vs_wait,321,0.024922118380062305,-0.1335136006902497,-0.158435719070312,-0.20567064021983855,-0.11234423563644477,-0.2249300525120258,-0.09444803220308408
Shanghai,ownership,ce_kl_seed7,rain,321,0.04672897196261682,0.08133221354997047,0.034603241587353645,-0.010293358027053025,0.07974119460459718,-0.027519221271959795,0.09712668786868385
Shanghai,ownership,ce_kl_seed7,delay,321,-0.14641744548286603,-0.1999006325616922,-0.053483187078826155,-0.09761873912806057,-0.006228496533067148,-0.11441507483366514,0.010733856942767102
Shanghai,ownership,ce_kl_seed7,rain_delay_interaction,320,0.09375,0.04368057619431056,-0.05006942380568944,-0.10430295566909496,0.003170586076448671,-0.12668944317615893,0.026542306022421473
Shanghai,ownership,ce_kl_seed7,fare,321,-0.059190031152647975,0.0019750445849056183,0.061165075737553594,0.012549022952460243,0.11191440632224453,-0.00940093143648726,0.1305869759386838
Shanghai,ownership,ce_kl_seed7,parking,321,-0.09345794392523364,-0.08208171814401573,0.011376225781217914,-0.016829390101993566,0.040559680224323755,-0.026816554924812618,0.05152136832083976
Shanghai,ownership,ce_kl_seed7,road,321,-0.09345794392523364,-0.12843852271427433,-0.03498057878904068,-0.07219729197394346,0.0002629930504548347,-0.09003113091932725,0.013410383899517642
Shanghai,ownership,ce_kl_seed7,walk_vs_wait,320,0.01875,-0.16909376662806608,-0.18784376662806607,-0.23143405211860374,-0.145698631594639,-0.24916149395396311,-0.12790045890507434
Shanghai,ownership,ce_kl_seed7,transfer_vs_wait,321,0.024922118380062305,-0.4380497454906411,-0.4629718638707034,-0.5130249301354601,-0.41339716306202856,-0.5328944380859778,-0.3958742224837105
Shanghai,ownership,signed_l1_seed42,rain,321,0.04672897196261682,0.04177660330248027,-0.0049523686601365465,-0.05086467034093502,0.04176052164321191,-0.06958173604455785,0.05940530265991882
Shanghai,ownership,signed_l1_seed42,delay,321,-0.14641744548286603,-0.10320051692170888,0.04321692856115716,-0.0001473839850254879,0.08915895533246043,-0.017370782726563255,0.10355249898721419
Shanghai,ownership,signed_l1_seed42,rain_delay_interaction,320,0.09375,0.011681728879921138,-0.08206827112007886,-0.13578221566708196,-0.02896082727905478,-0.15727728375805267,-0.006175634481614229
Shanghai,ownership,signed_l1_seed42,fare,321,-0.059190031152647975,-0.007038513587271313,0.052151517565376664,0.004100048127714719,0.10249457334014485,-0.016968575187717966,0.12120066337806758
Shanghai,ownership,signed_l1_seed42,parking,321,-0.09345794392523364,-0.0603659228186741,0.03309202110655954,0.00441563645395163,0.06274302551447415,-0.005570432465128902,0.0740021473851425
Shanghai,ownership,signed_l1_seed42,road,321,-0.09345794392523364,-0.07262030865915839,0.020837635266075252,-0.01466722225079841,0.0560614180922322,-0.029887238333315073,0.06952771101527006
Shanghai,ownership,signed_l1_seed42,walk_vs_wait,320,0.01875,-0.00902561410330236,-0.02777561410330236,-0.07128649243660637,0.013573011262715848,-0.08962629092713219,0.03213596468009674
Shanghai,ownership,signed_l1_seed42,transfer_vs_wait,321,0.024922118380062305,-0.45233067932808513,-0.47725279770814744,-0.5256956954090638,-0.4302017005759573,-0.5442236808938303,-0.411654758136727
Shanghai,ownership,signed_l1_seed2026,rain,321,0.04672897196261682,0.009489756530133363,-0.03723921543248346,-0.08258173290547273,0.008755260965325558,-0.10111219930147747,0.027660928927347256
Shanghai,ownership,signed_l1_seed2026,delay,321,-0.14641744548286603,-0.20864815448303461,-0.06223070900016856,-0.10613059185683217,-0.0154505549085753,-0.12209372936194542,0.0007949120759661684
Shanghai,ownership,signed_l1_seed2026,rain_delay_interaction,320,0.09375,0.006979664228856564,-0.08677033577114343,-0.14021448317078855,-0.03439382778189135,-0.16096073531734872,-0.011232441640750303
Shanghai,ownership,signed_l1_seed2026,fare,321,-0.059190031152647975,-0.004172308051326193,0.05501772310132178,0.007120584590923379,0.10517912120485788,-0.013586191370186752,0.12292755681744284
Shanghai,ownership,signed_l1_seed2026,parking,321,-0.09345794392523364,-0.05527512520273155,0.03818281872250209,0.009776862650366959,0.06742944068904977,1.751411433485509e-05,0.07878629806396352
Shanghai,ownership,signed_l1_seed2026,road,321,-0.09345794392523364,-0.11053575983857068,-0.01707781591333704,-0.05305986924741034,0.017607729264021467,-0.06984996692751856,0.030120666612394972
Shanghai,ownership,signed_l1_seed2026,walk_vs_wait,320,0.01875,-0.13689088774845004,-0.15564088774845003,-0.19904950312840042,-0.11326495571501248,-0.2171118342826594,-0.09557983339634052
Shanghai,ownership,signed_l1_seed2026,transfer_vs_wait,321,0.024922118380062305,0.02435695976483116,-0.0005651586152311426,-0.047805825322054074,0.045747017886524445,-0.06802733189054994,0.062956651134744
Shanghai,ownership,signed_l1_seed7,rain,321,0.04672897196261682,0.05192985114093139,0.005200879178314566,-0.04059521670212441,0.05104020046551834,-0.059267106264353824,0.06867988933533463
Shanghai,ownership,signed_l1_seed7,delay,321,-0.14641744548286603,-0.20273737076704748,-0.05631992528418143,-0.10026041987407197,-0.008917636467242541,-0.11701829389555124,0.006909693042911256
Shanghai,ownership,signed_l1_seed7,rain_delay_interaction,320,0.09375,0.01969357973430306,-0.07405642026569695,-0.12829976142834548,-0.020803773232619293,-0.1498633735939246,0.0015610899286071954
Shanghai,ownership,signed_l1_seed7,fare,321,-0.059190031152647975,-0.0017415467081040236,0.05744848444454395,0.009286418298369627,0.10791426845173412,-0.012653694209436713,0.12580940287786513
Shanghai,ownership,signed_l1_seed7,parking,321,-0.09345794392523364,-0.062058477479720785,0.031399466445512864,0.0027969067469471357,0.06102270993906018,-0.006664427460644197,0.0723111045159503
Shanghai,ownership,signed_l1_seed7,road,321,-0.09345794392523364,-0.1094878928219418,-0.016029948896708147,-0.05200262603428319,0.01855950033251555,-0.06915881723068318,0.03154398310955639
Shanghai,ownership,signed_l1_seed7,walk_vs_wait,320,0.01875,-0.120558139286004,-0.139308139286004,-0.18247527108989028,-0.09726433268451536,-0.20110366180096861,-0.07921243303964734
Shanghai,ownership,signed_l1_seed7,transfer_vs_wait,321,0.024922118380062305,-0.23754748574391332,-0.26246960412397563,-0.3107988451169426,-0.21519997188084503,-0.3306202008647879,-0.19796162075609797
Shanghai,ownership,direction_magnitude_seed42,rain,321,0.04672897196261682,0.0382024006123112,-0.008526571350305623,-0.05401953387877837,0.03791529891136279,-0.07268260881359866,0.05480962423491649
Shanghai,ownership,direction_magnitude_seed42,delay,321,-0.14641744548286603,-0.10150363358938805,0.04491381189347799,0.0017271206630074718,0.09085100448553993,-0.015445717624054982,0.10536372880697992
Shanghai,ownership,direction_magnitude_seed42,rain_delay_interaction,320,0.09375,0.012505698250606656,-0.08124430174939334,-0.13497216945472953,-0.02811790771841155,-0.15643421492150977,-0.005095509972598049
Shanghai,ownership,direction_magnitude_seed42,fare,321,-0.059190031152647975,-0.012162616505429753,0.04702741464721822,-0.0010362821285876892,0.09726075538756133,-0.02159072492457346,0.11619691437043561
Shanghai,ownership,direction_magnitude_seed42,parking,321,-0.09345794392523364,-0.052143264225338846,0.041314679699894795,0.012214582818458757,0.07136365791834956,0.002399882419626708,0.08331472769051754
Shanghai,ownership,direction_magnitude_seed42,road,321,-0.09345794392523364,-0.07193262652259007,0.021525317402643577,-0.01400576203922245,0.05677402137410232,-0.02875142499174911,0.06941167616468163
Shanghai,ownership,direction_magnitude_seed42,walk_vs_wait,320,0.01875,0.023188807955011725,0.004438807955011725,-0.039223745938773466,0.04622921993602008,-0.05722126591562606,0.06471084860309771
Shanghai,ownership,direction_magnitude_seed42,transfer_vs_wait,321,0.024922118380062305,-0.33553561257239073,-0.36045773095245304,-0.4085887824214206,-0.313543266317636,-0.42846349776744974,-0.29547275289163544
Shanghai,ownership,direction_magnitude_seed2026,rain,321,0.04672897196261682,0.011400405189887015,-0.03532856677272981,-0.08076825075872776,0.011011541089930812,-0.09945240061529956,0.029890885878487726
Shanghai,ownership,direction_magnitude_seed2026,delay,321,-0.14641744548286603,-0.2144417591578678,-0.06802431367500178,-0.11207362950091886,-0.02114840747173471,-0.12827528081489786,-0.005351743470178541
Shanghai,ownership,direction_magnitude_seed2026,rain_delay_interaction,320,0.09375,-0.0013826367387082428,-0.09513263673870824,-0.1486817809785134,-0.042499805383282775,-0.1702187605249473,-0.019441966639863327
Shanghai,ownership,direction_magnitude_seed2026,fare,321,-0.059190031152647975,-0.007096149793295103,0.052093881359352875,0.004198277918650913,0.1020139495560731,-0.01646807997217663,0.12059007795640699
Shanghai,ownership,direction_magnitude_seed2026,parking,321,-0.09345794392523364,-0.05230702910096475,0.0411509148242689,0.012902941496758446,0.07042087386144655,0.0030749566716684546,0.0820239690181761
Shanghai,ownership,direction_magnitude_seed2026,road,321,-0.09345794392523364,-0.10071668530178961,-0.007258741376555969,-0.042718226923331666,0.027189595117654362,-0.05910164785173916,0.04050198394074059
Shanghai,ownership,direction_magnitude_seed2026,walk_vs_wait,320,0.01875,-0.12415378156583756,-0.14290378156583755,-0.18634859482413396,-0.10074223391085302,-0.2043034838043066,-0.08266431257857583
Shanghai,ownership,direction_magnitude_seed2026,transfer_vs_wait,321,0.024922118380062305,0.09238408011532276,0.06746196173526045,0.020031002074526478,0.11422763292872087,0.0002526177445896597,0.13134073663634935
Shanghai,ownership,direction_magnitude_seed7,rain,321,0.04672897196261682,0.05222295322150827,0.005493981258891454,-0.04049614983091473,0.05181422332458406,-0.05890714768987625,0.06907358616082768
Shanghai,ownership,direction_magnitude_seed7,delay,321,-0.14641744548286603,-0.19344487344132405,-0.04702742795845801,-0.0911752185810392,6.696750610089131e-05,-0.10758028358679463,0.01547089848501271
Shanghai,ownership,direction_magnitude_seed7,rain_delay_interaction,320,0.09375,0.014396331750322133,-0.07935366824967786,-0.13321028689912054,-0.026152484892809306,-0.15541343409207317,-0.0033854328775034443
Shanghai,ownership,direction_magnitude_seed7,fare,321,-0.059190031152647975,-0.001757434595411069,0.057432596557236905,0.009455889791853704,0.10785265967505185,-0.012755820223614805,0.12619191797978208
Shanghai,ownership,direction_magnitude_seed7,parking,321,-0.09345794392523364,-0.05033099883441985,0.0431269450908138,0.014244684390143444,0.07316597866422475,0.00453744746709817,0.08492767841343372
Shanghai,ownership,direction_magnitude_seed7,road,321,-0.09345794392523364,-0.10103543775846653,-0.007577493833232892,-0.04352292664859711,0.026910659040663792,-0.05979490931758025,0.04001481595914801
Shanghai,ownership,direction_magnitude_seed7,walk_vs_wait,320,0.01875,-0.1352926011197269,-0.1540426011197269,-0.1972592231083839,-0.11192622207292009,-0.2158807001855642,-0.09398493848699022
Shanghai,ownership,direction_magnitude_seed7,transfer_vs_wait,321,0.024922118380062305,-0.2557416664221762,-0.2806637848022385,-0.3288793223437119,-0.23365523725823498,-0.34865254322342526,-0.21633206134313165
Shanghai,car_relaxed,s9,rain,321,0.04672897196261682,-0.05716810826896879,-0.1038970802315856,-0.1494907389101906,-0.058070927163487385,-0.16692120976110694,-0.04015208798942287
Shanghai,car_relaxed,s9,delay,321,-0.14641744548286603,-0.20087601020613052,-0.054458564723264484,-0.09945341955211791,-0.00624708073537194,-0.11755493157995665,0.011650592487861475
Shanghai,car_relaxed,s9,rain_delay_interaction,320,0.09375,0.04396091550443089,-0.04978908449556911,-0.10345035688732956,0.0035109608797178468,-0.126947021261002,0.02593860105180918
Shanghai,car_relaxed,s9,fare,321,-0.059190031152647975,-0.01857376948138264,0.040616261671265336,-0.007677819008280369,0.0908124475325008,-0.027616570333042108,0.10932441441258073
Shanghai,car_relaxed,s9,parking,321,-0.09345794392523364,-0.2586392749309818,-0.1651813310057482,-0.19824631953759936,-0.13134543089140963,-0.2098941356092191,-0.11722721611969251
Shanghai,car_relaxed,s9,road,321,-0.09345794392523364,-0.43494641894584873,-0.34148847502061513,-0.3820790001862128,-0.3009648409626386,-0.3981372475320444,-0.2853469648615514
Shanghai,car_relaxed,s9,walk_vs_wait,320,0.01875,-0.08909768305602483,-0.10784768305602484,-0.15152360601376633,-0.0658771390422611,-0.16980849152100502,-0.047385894603722195
Shanghai,car_relaxed,s9,transfer_vs_wait,321,0.024922118380062305,0.05063647685160518,0.025714358471542874,-0.02187099725274932,0.07205733249944597,-0.04207052985112679,0.08930788617425113
Shanghai,car_relaxed,mnl_s,rain,321,0.04672897196261682,-0.001977503765056455,-0.04870647572767329,-0.0949213168267362,-0.0026241139736500603,-0.11308382751009538,0.01584524822193341
Shanghai,car_relaxed,mnl_s,delay,321,-0.14641744548286603,-0.0817381154754647,0.06467933000740135,0.02062561719232428,0.11175436742306989,0.003312301912401004,0.12922030022624179
Shanghai,car_relaxed,mnl_s,rain_delay_interaction,320,0.09375,0.0008510334038560122,-0.09289896659614398,-0.14623452500184544,-0.039790520078364214,-0.16874557159531262,-0.01775548732413865
Shanghai,car_relaxed,mnl_s,fare,321,-0.059190031152647975,-0.009987288070681428,0.049202743081966545,0.00220735394868657,0.09913966276271347,-0.01927551747004129,0.1173936857514852
Shanghai,car_relaxed,mnl_s,parking,321,-0.09345794392523364,-0.362994105260615,-0.2695361613353814,-0.30142876961384196,-0.23570997659469073,-0.31371124101162456,-0.22200150348822284
Shanghai,car_relaxed,mnl_s,road,321,-0.09345794392523364,-0.36447466793179695,-0.2710167240065633,-0.31051387141353043,-0.2305560153967759,-0.3260058267235631,-0.21356223474282904
Shanghai,car_relaxed,mnl_s,walk_vs_wait,320,0.01875,-0.06485517700513428,-0.08360517700513427,-0.12711018698214566,-0.04162724533671713,-0.14459307691198442,-0.023471195514015056
Shanghai,car_relaxed,mnl_s,transfer_vs_wait,321,0.024922118380062305,-0.16831216378240266,-0.19323428216246494,-0.24207343010223092,-0.14442414318731797,-0.2645636105563982,-0.12724364470623498
Shanghai,car_relaxed,soft_kl_seed42,rain,321,0.04672897196261682,0.031239262483201666,-0.015489709479415156,-0.06149906905431799,0.031595561862270395,-0.08090176250599905,0.0487146696277436
Shanghai,car_relaxed,soft_kl_seed42,delay,321,-0.14641744548286603,-0.13651486943443988,0.009902576048426167,-0.03392019853448478,0.05657798223998221,-0.05159564778945667,0.07305162550404239
Shanghai,car_relaxed,soft_kl_seed42,rain_delay_interaction,320,0.09375,-0.005643699853681028,-0.09939369985368103,-0.15254949607368526,-0.046316819516191196,-0.17508259291786848,-0.023710033548118868
Shanghai,car_relaxed,soft_kl_seed42,fare,321,-0.059190031152647975,-0.015606245379952997,0.04358378577269498,-0.005004314994120337,0.09398576144674484,-0.026178284657312513,0.11349664464392707
Shanghai,car_relaxed,soft_kl_seed42,parking,321,-0.09345794392523364,-0.17059575360140697,-0.07713780967617331,-0.10896350546417949,-0.04354326554640803,-0.12023075126326205,-0.02968410065722583
Shanghai,car_relaxed,soft_kl_seed42,road,321,-0.09345794392523364,-0.2822627567938555,-0.18880481286862186,-0.2285090829428529,-0.14889082155680733,-0.24363519572311973,-0.13183986984695253
Shanghai,car_relaxed,soft_kl_seed42,walk_vs_wait,320,0.01875,0.031256840005517005,0.012506840005517005,-0.030968724203724443,0.05434452687388335,-0.04938894913249369,0.07265898262441452
Shanghai,car_relaxed,soft_kl_seed42,transfer_vs_wait,321,0.024922118380062305,-0.2910350854407033,-0.3159572038207656,-0.3643704232453685,-0.26856003536805045,-0.3854059415448724,-0.24994872228358156
Shanghai,car_relaxed,soft_kl_seed2026,rain,321,0.04672897196261682,-0.04193352251038002,-0.08866249447299684,-0.13421197379953764,-0.042456563648614006,-0.15374364654310163,-0.02504432479766817
Shanghai,car_relaxed,soft_kl_seed2026,delay,321,-0.14641744548286603,-0.2034338149865886,-0.05701636950372257,-0.1021081792810102,-0.008825084484164898,-0.11981453672814839,0.007640739474129986
Shanghai,car_relaxed,soft_kl_seed2026,rain_delay_interaction,320,0.09375,0.027637654705904423,-0.06611234529409557,-0.11948154656725003,-0.01366239435548782,-0.1425091550673316,0.009543378222780981
Shanghai,car_relaxed,soft_kl_seed2026,fare,321,-0.059190031152647975,-0.0036743004513306783,0.055515730701317295,0.0074741051430782055,0.1057279169095268,-0.01364768652101787,0.12359070743106262
Shanghai,car_relaxed,soft_kl_seed2026,parking,321,-0.09345794392523364,-0.13715784725184751,-0.04369990332661388,-0.07495945489782596,-0.010563731208629327,-0.08718186458123042,0.0029269369281363336
Shanghai,car_relaxed,soft_kl_seed2026,road,321,-0.09345794392523364,-0.3803701285864705,-0.28691218466123686,-0.3262589109643737,-0.24775525114304645,-0.34009120230899537,-0.23235747370030516
Shanghai,car_relaxed,soft_kl_seed2026,walk_vs_wait,320,0.01875,-0.11474855069536716,-0.13349855069536715,-0.1772252296153218,-0.09116415220274822,-0.19388287592074702,-0.07288010928298363
Shanghai,car_relaxed,soft_kl_seed2026,transfer_vs_wait,321,0.024922118380062305,0.042997764939923896,0.018075646559861592,-0.029383168797185673,0.06443362839525779,-0.049968008025813374,0.08140256518796884
Shanghai,car_relaxed,soft_kl_seed7,rain,321,0.04672897196261682,0.0274702740189071,-0.01925869794370972,-0.065697637657603,0.027452291253478357,-0.08413186770097883,0.045586559660239466
Shanghai,car_relaxed,soft_kl_seed7,delay,321,-0.14641744548286603,-0.16444801804362985,-0.018030572560763805,-0.06233115508627274,0.029217127610340336,-0.07901672708284765,0.04567078515253303
Shanghai,car_relaxed,soft_kl_seed7,rain_delay_interaction,320,0.09375,-0.0032023746811319143,-0.09695237468113191,-0.15094744331664708,-0.043752760108455226,-0.17344699048671258,-0.02127179343040556
Shanghai,car_relaxed,soft_kl_seed7,fare,321,-0.059190031152647975,0.04096900606731017,0.10015903721995814,0.05195450023791501,0.15038844261759446,0.029797669061506025,0.16878568434745433
Shanghai,car_relaxed,soft_kl_seed7,parking,321,-0.09345794392523364,-0.16315464081236877,-0.06969669688713513,-0.1014605023802441,-0.03604138828930084,-0.11337475709013664,-0.023357657824332585
Shanghai,car_relaxed,soft_kl_seed7,road,321,-0.09345794392523364,-0.3999378329195152,-0.3064798889942815,-0.3462861889984888,-0.2656429239891098,-0.36029720612735605,-0.24921776686807431
Shanghai,car_relaxed,soft_kl_seed7,walk_vs_wait,320,0.01875,-0.11492151770507916,-0.13367151770507918,-0.17710983168252895,-0.09114867335183392,-0.19490648904368219,-0.07275820202060268
Shanghai,car_relaxed,soft_kl_seed7,transfer_vs_wait,321,0.024922118380062305,-0.18604981932916745,-0.21097193770922976,-0.25983107622039747,-0.1628033436428628,-0.28011929919436207,-0.14533640904500045
Shanghai,car_relaxed,ce_kl_seed42,rain,321,0.04672897196261682,0.03784621875976848,-0.008882753202848346,-0.05471989022411197,0.038157312676449784,-0.07318395155509556,0.05558643856519583
Shanghai,car_relaxed,ce_kl_seed42,delay,321,-0.14641744548286603,-0.14374614271953284,0.0026713027633332017,-0.041499173306973176,0.04932938866212824,-0.05908518603189074,0.06647047199746936
Shanghai,car_relaxed,ce_kl_seed42,rain_delay_interaction,320,0.09375,-0.01745629488141276,-0.11120629488141276,-0.16471133741832472,-0.05800697480594622,-0.187106653861063,-0.035568802475910336
Shanghai,car_relaxed,ce_kl_seed42,fare,321,-0.059190031152647975,-0.03636956964604951,0.022820461506598465,-0.026069003174580472,0.07316747273396805,-0.04501753801026968,0.09251044190558001
Shanghai,car_relaxed,ce_kl_seed42,parking,321,-0.09345794392523364,-0.2522144687138614,-0.15875652478862776,-0.1924626078503061,-0.12349045791451434,-0.2052476837958363,-0.10910511560189745
Shanghai,car_relaxed,ce_kl_seed42,road,321,-0.09345794392523364,-0.33667534543346395,-0.2432174015082303,-0.28288855139525876,-0.20310734150368387,-0.29781881208506894,-0.18646574826233633
Shanghai,car_relaxed,ce_kl_seed42,walk_vs_wait,320,0.01875,0.03299538464634679,0.014245384646346792,-0.02896864617810934,0.05621359186649,-0.04698680229579328,0.07394063015004493
Shanghai,car_relaxed,ce_kl_seed42,transfer_vs_wait,321,0.024922118380062305,-0.23727897394773467,-0.262201092327797,-0.31170197483775935,-0.21310222266293408,-0.33279758722419955,-0.19449322180555922
Shanghai,car_relaxed,ce_kl_seed2026,rain,321,0.04672897196261682,-0.04574982292741259,-0.09247879489002941,-0.13887615832021444,-0.045914964006801735,-0.1572927623966526,-0.027562126722745363
Shanghai,car_relaxed,ce_kl_seed2026,delay,321,-0.14641744548286603,-0.19233175531476504,-0.045914309831898995,-0.09135410522141224,0.0020305594585319406,-0.10866562972107113,0.018569034381653096
Shanghai,car_relaxed,ce_kl_seed2026,rain_delay_interaction,320,0.09375,0.03506078735954361,-0.05868921264045639,-0.11245438892834499,-0.00597984601918131,-0.13579455363368628,0.016978862578907804
Shanghai,car_relaxed,ce_kl_seed2026,fare,321,-0.059190031152647975,-0.010858823101375705,0.04833120805127227,0.00036829363270387107,0.09859052800204941,-0.019639659282349547,0.11640606248113683
Shanghai,car_relaxed,ce_kl_seed2026,parking,321,-0.09345794392523364,-0.1597155513607453,-0.06625760743551165,-0.09779012397836859,-0.03268285719242609,-0.11028996469566128,-0.01923330079175164
Shanghai,car_relaxed,ce_kl_seed2026,road,321,-0.09345794392523364,-0.3453688906314217,-0.2519109467061881,-0.29084048562065185,-0.21328263081830703,-0.30476251712157404,-0.19868670936327176
Shanghai,car_relaxed,ce_kl_seed2026,walk_vs_wait,320,0.01875,-0.09493928434676491,-0.11368928434676491,-0.1573195358585508,-0.071503003318479,-0.17393607299469296,-0.0532056010174228
Shanghai,car_relaxed,ce_kl_seed2026,transfer_vs_wait,321,0.024922118380062305,-0.10200839246568093,-0.12693051084574325,-0.1742836799835235,-0.07983931875236425,-0.1949035530054189,-0.062234960293170764
Shanghai,car_relaxed,ce_kl_seed7,rain,321,0.04672897196261682,0.020029481117413424,-0.0266994908452034,-0.07341452221563115,0.019843665476180477,-0.09224568092259883,0.03736893216465695
Shanghai,car_relaxed,ce_kl_seed7,delay,321,-0.14641744548286603,-0.18213955573505516,-0.03572211025218912,-0.08067899859986177,0.011955613572283835,-0.09739185813475311,0.028301252464247383
Shanghai,car_relaxed,ce_kl_seed7,rain_delay_interaction,320,0.09375,0.01244853347307071,-0.0813014665269293,-0.1352094321438926,-0.027954960580182667,-0.15741394210694126,-0.005852991990175073
Shanghai,car_relaxed,ce_kl_seed7,fare,321,-0.059190031152647975,0.01587322531877277,0.07506325647142074,0.026558174761563448,0.12565396342026156,0.004337057185858329,0.1443636371482472
Shanghai,car_relaxed,ce_kl_seed7,parking,321,-0.09345794392523364,-0.28907063148474765,-0.19561268755951403,-0.22838073886605997,-0.16097805737010046,-0.2397673207522309,-0.14795388413957294
Shanghai,car_relaxed,ce_kl_seed7,road,321,-0.09345794392523364,-0.4558784912450593,-0.36242054731982565,-0.40376113710008893,-0.3211901591925351,-0.4191228970111532,-0.30486033767765736
Shanghai,car_relaxed,ce_kl_seed7,walk_vs_wait,320,0.01875,-0.15193351519410497,-0.170683515194105,-0.21475336499373815,-0.1277612535352601,-0.23249472319010517,-0.10905195035566537
Shanghai,car_relaxed,ce_kl_seed7,transfer_vs_wait,321,0.024922118380062305,-0.2820128205890921,-0.3069349389691544,-0.3567825121681766,-0.25773307803802115,-0.37983234488163026,-0.23948548910784923
Shanghai,car_relaxed,signed_l1_seed42,rain,321,0.04672897196261682,0.03423925417234593,-0.012489717790270891,-0.05829811872467631,0.03430855630772228,-0.07742040198727154,0.05191075517592876
Shanghai,car_relaxed,signed_l1_seed42,delay,321,-0.14641744548286603,-0.14647380801097626,-5.636252811021894e-05,-0.0439091675053133,0.046982319687269736,-0.0617028001402113,0.0625908967452791
Shanghai,car_relaxed,signed_l1_seed42,rain_delay_interaction,320,0.09375,-0.0015164565294981003,-0.0952664565294981,-0.1486380726657534,-0.0422056902756067,-0.1712421376809514,-0.01948534737442036
Shanghai,car_relaxed,signed_l1_seed42,fare,321,-0.059190031152647975,-0.021669321272789133,0.037520709879858845,-0.010967886334174889,0.08784433144240457,-0.03208431057969973,0.10719449976437355
Shanghai,car_relaxed,signed_l1_seed42,parking,321,-0.09345794392523364,-0.21380806944080602,-0.12035012551557238,-0.15232253225978662,-0.08639145164149943,-0.1634682724349537,-0.07210054451170324
Shanghai,car_relaxed,signed_l1_seed42,road,321,-0.09345794392523364,-0.27056388737999393,-0.17710594345476025,-0.21688562279619347,-0.13714195399130244,-0.2313001706176423,-0.12018001920767027
Shanghai,car_relaxed,signed_l1_seed42,walk_vs_wait,320,0.01875,-0.011116725509054959,-0.029866725509054958,-0.07342679927659053,0.011310012595292657,-0.09160804341693708,0.030047219440408057
Shanghai,car_relaxed,signed_l1_seed42,transfer_vs_wait,321,0.024922118380062305,-0.34130885906378244,-0.36623097744384475,-0.41495137503457685,-0.31845527945581037,-0.436192238828299,-0.2994413600657465
Shanghai,car_relaxed,signed_l1_seed2026,rain,321,0.04672897196261682,-0.04342041923620991,-0.09014939119882673,-0.13579473756833982,-0.04411421760545343,-0.15484896500143758,-0.02667770182185831
Shanghai,car_relaxed,signed_l1_seed2026,delay,321,-0.14641744548286603,-0.20195132961664988,-0.05553388413378383,-0.10043838179562925,-0.007431919648779168,-0.11839714922294502,0.009291233882855599
Shanghai,car_relaxed,signed_l1_seed2026,rain_delay_interaction,320,0.09375,0.024370358558371663,-0.06937964144162834,-0.12307391541983762,-0.017086477098533923,-0.14567356662107503,0.006413923840137763
Shanghai,car_relaxed,signed_l1_seed2026,fare,321,-0.059190031152647975,-0.00722357465934902,0.05196645649329896,0.0038343696045541335,0.10212728699895542,-0.016592165816145893,0.12008155280494942
Shanghai,car_relaxed,signed_l1_seed2026,parking,321,-0.09345794392523364,-0.17553590293799606,-0.08207795901276241,-0.11314442835841038,-0.04936793770791959,-0.12395475824534707,-0.03604073157197451
Shanghai,car_relaxed,signed_l1_seed2026,road,321,-0.09345794392523364,-0.3646565563280449,-0.27119861240281123,-0.3104473631620129,-0.2323215522388478,-0.32466887776501263,-0.21750106250956477
Shanghai,car_relaxed,signed_l1_seed2026,walk_vs_wait,320,0.01875,-0.1392989183892496,-0.1580489183892496,-0.2021215822387603,-0.11556417078544953,-0.21917285968029487,-0.09750855883584887
Shanghai,car_relaxed,signed_l1_seed2026,transfer_vs_wait,321,0.024922118380062305,0.03364843692967082,0.008726318549608515,-0.038562933414756695,0.05527730323461309,-0.0590727036455472,0.07183148988734384
Shanghai,car_relaxed,signed_l1_seed7,rain,321,0.04672897196261682,0.02424738593283472,-0.0224815860297821,-0.06907604502519807,0.024317671199593178,-0.08782569364190532,0.04241031416926804
Shanghai,car_relaxed,signed_l1_seed7,delay,321,-0.14641744548286603,-0.16846395243319023,-0.022046506950324198,-0.06635916195171551,0.02533947621875463,-0.08312589206070584,0.041496728534369004
Shanghai,car_relaxed,signed_l1_seed7,rain_delay_interaction,320,0.09375,0.004769177711568773,-0.08898082228843122,-0.14285957460317794,-0.03561515186837496,-0.16467181730060912,-0.013868521382327
Shanghai,car_relaxed,signed_l1_seed7,fare,321,-0.059190031152647975,0.024351135824699638,0.08354116697734762,0.03545581216857162,0.1337753392297577,0.012853548396016094,0.15283812470117558
Shanghai,car_relaxed,signed_l1_seed7,parking,321,-0.09345794392523364,-0.21950709603935759,-0.12604915211412393,-0.15792091483267667,-0.09232979437620656,-0.17032521748850035,-0.0794930774231102
Shanghai,car_relaxed,signed_l1_seed7,road,321,-0.09345794392523364,-0.40658497341511035,-0.3131270294898767,-0.3529631724830636,-0.2727339338113748,-0.3667911368813888,-0.25599630126763
Shanghai,car_relaxed,signed_l1_seed7,walk_vs_wait,320,0.01875,-0.11601823688251897,-0.134768236882519,-0.1783729900587372,-0.09236297766972905,-0.19585613125480325,-0.07424103428857189
Shanghai,car_relaxed,signed_l1_seed7,transfer_vs_wait,321,0.024922118380062305,-0.19666079659235441,-0.2215829149724167,-0.26977076890074714,-0.17371252206534246,-0.2905314982949605,-0.15651401012379426
Shanghai,car_relaxed,direction_magnitude_seed42,rain,321,0.04672897196261682,0.021234607677964777,-0.025494364284652044,-0.07111142139150718,0.021428599952490898,-0.09023455527416689,0.03838004280038383
Shanghai,car_relaxed,direction_magnitude_seed42,delay,321,-0.14641744548286603,-0.13708335811103986,0.009334087371826172,-0.03438686356180553,0.056005614797506376,-0.05202580757672692,0.0719560734375678
Shanghai,car_relaxed,direction_magnitude_seed42,rain_delay_interaction,320,0.09375,0.008144463528878987,-0.08560553647112101,-0.1388596033214133,-0.03244590658555243,-0.16137016668967546,-0.010193766129114061
Shanghai,car_relaxed,direction_magnitude_seed42,fare,321,-0.059190031152647975,-0.030919500159511684,0.02827053099313629,-0.020126688086378422,0.07862919387625196,-0.040947522455826404,0.09814269120189885
Shanghai,car_relaxed,direction_magnitude_seed42,parking,321,-0.09345794392523364,-0.18430421847235004,-0.09084627454711641,-0.12318171665791969,-0.056751154235497446,-0.13479663243958281,-0.04277087944121671
Shanghai,car_relaxed,direction_magnitude_seed42,road,321,-0.09345794392523364,-0.2642358559592862,-0.17077791203405254,-0.210513011260521,-0.13100556167208147,-0.22510221226451296,-0.11464160589945173
Shanghai,car_relaxed,direction_magnitude_seed42,walk_vs_wait,320,0.01875,0.036371620185673234,0.017621620185673238,-0.025836422972465953,0.05964900385981263,-0.043846836394323976,0.07742579601357287
Shanghai,car_relaxed,direction_magnitude_seed42,transfer_vs_wait,321,0.024922118380062305,-0.2942280266201849,-0.3191501450002472,-0.367813339931136,-0.2716900633962831,-0.3888249527340946,-0.2528855734044358
Shanghai,car_relaxed,direction_magnitude_seed2026,rain,321,0.04672897196261682,-0.03050006352759596,-0.07722903549021279,-0.12294598979312589,-0.031147470651919796,-0.14149353129047945,-0.013490789698515216
Shanghai,car_relaxed,direction_magnitude_seed2026,delay,321,-0.14641744548286603,-0.19281645260774458,-0.04639900712487854,-0.09127594278385497,0.001199850452500959,-0.10925370344755783,0.018344256117366117
Shanghai,car_relaxed,direction_magnitude_seed2026,rain_delay_interaction,320,0.09375,0.013509829319082201,-0.0802401706809178,-0.13377976985197165,-0.027888223052417355,-0.15625813797894994,-0.0041948008681756185
Shanghai,car_relaxed,direction_magnitude_seed2026,fare,321,-0.059190031152647975,-0.008767679194423639,0.05042235195822434,0.0022758877328437443,0.10049543663963813,-0.01859928059393128,0.11831275643273095
Shanghai,car_relaxed,direction_magnitude_seed2026,parking,321,-0.09345794392523364,-0.17010968171547505,-0.07665173779024143,-0.10759316588464742,-0.04416718662272548,-0.11972062714177407,-0.03033530909156099
Shanghai,car_relaxed,direction_magnitude_seed2026,road,321,-0.09345794392523364,-0.3434474992325001,-0.2499895553072665,-0.28941487709750824,-0.21046193196812524,-0.303182563916751,-0.19494860827243918
Shanghai,car_relaxed,direction_magnitude_seed2026,walk_vs_wait,320,0.01875,-0.12185128421988338,-0.14060128421988338,-0.1846159707862199,-0.09809485609068756,-0.2013755839532653,-0.07963723887118594
Shanghai,car_relaxed,direction_magnitude_seed2026,transfer_vs_wait,321,0.024922118380062305,0.1257991543347219,0.1008770359546596,0.05352155088832909,0.14752018493237526,0.032736418556133316,0.16403794602082583
Shanghai,car_relaxed,direction_magnitude_seed7,rain,321,0.04672897196261682,0.02594421506856461,-0.020784756894052216,-0.06733738123395733,0.02602787046835424,-0.08577606363027615,0.04387413200710492
Shanghai,car_relaxed,direction_magnitude_seed7,delay,321,-0.14641744548286603,-0.17560655159463764,-0.02918910611177159,-0.07364543730921091,0.01828313432894995,-0.09073057043379916,0.03409501145484295
Shanghai,car_relaxed,direction_magnitude_seed7,rain_delay_interaction,320,0.09375,0.0007466849638149142,-0.09300331503618509,-0.14680946218081956,-0.03983042478765132,-0.16920579791332974,-0.018433386448889005
Shanghai,car_relaxed,direction_magnitude_seed7,fare,321,-0.059190031152647975,0.02039690246091825,0.07958693361356622,0.031638487743509705,0.12982523994363634,0.00900399888440607,0.1485336992346371
Shanghai,car_relaxed,direction_magnitude_seed7,parking,321,-0.09345794392523364,-0.17747063298834448,-0.08401268906311082,-0.11588549140109637,-0.05009686116163977,-0.1274061702436991,-0.03718780295711563
Shanghai,car_relaxed,direction_magnitude_seed7,road,321,-0.09345794392523364,-0.37302943832035007,-0.2795714943951164,-0.31940031919477513,-0.23921370317178817,-0.33354913699143274,-0.22243514552558674
Shanghai,car_relaxed,direction_magnitude_seed7,walk_vs_wait,320,0.01875,-0.1377627859590575,-0.15651278595905752,-0.20005168763338588,-0.11414108512546535,-0.2176639361139372,-0.09581186695792207
Shanghai,car_relaxed,direction_magnitude_seed7,transfer_vs_wait,321,0.024922118380062305,-0.2253947761664138,-0.2503168945464761,-0.29857562301721063,-0.2022976579222933,-0.3189373038102063,-0.1855755755050778
Shanghai,household_1,s9,rain,321,0.04672897196261682,0.02073144881385509,-0.02599752314876173,,,,
Shanghai,household_1,s9,delay,321,-0.14641744548286603,-0.09826479993348598,0.048152645549380056,,,,
Shanghai,household_1,s9,rain_delay_interaction,320,0.09375,-0.009196752606658264,-0.10294675260665827,,,,
Shanghai,household_1,s9,fare,321,-0.059190031152647975,0.00428496735211102,0.06347499850475899,,,,
Shanghai,household_1,s9,parking,321,-0.09345794392523364,-0.1644667753357893,-0.07100883141055564,,,,
Shanghai,household_1,s9,road,321,-0.09345794392523364,-0.24493622308527338,-0.15147827916003972,,,,
Shanghai,household_1,s9,walk_vs_wait,320,0.01875,-0.045230218244250865,-0.06398021824425086,,,,
Shanghai,household_1,s9,transfer_vs_wait,321,0.024922118380062305,0.0315962875859574,0.006674169205895094,,,,
Shanghai,household_1,mnl_s,rain,321,0.04672897196261682,0.026656744591264225,-0.020072227371352596,,,,
Shanghai,household_1,mnl_s,delay,321,-0.14641744548286603,-0.07119903898135453,0.07521840650151151,,,,
Shanghai,household_1,mnl_s,rain_delay_interaction,320,0.09375,-0.004885275084933638,-0.09863527508493364,,,,
Shanghai,household_1,mnl_s,fare,321,-0.059190031152647975,-0.008667392114289576,0.0505226390383584,,,,
Shanghai,household_1,mnl_s,parking,321,-0.09345794392523364,-0.3500654387349482,-0.25660749480971456,,,,
Shanghai,household_1,mnl_s,road,321,-0.09345794392523364,-0.3558749473396162,-0.2624170034143826,,,,
Shanghai,household_1,mnl_s,walk_vs_wait,320,0.01875,-0.04723872153275344,-0.06598872153275344,,,,
Shanghai,household_1,mnl_s,transfer_vs_wait,321,0.024922118380062305,-0.12436352115079842,-0.14928563953086074,,,,
Shanghai,household_1,soft_kl_seed42,rain,321,0.04672897196261682,0.04985900910286888,0.003130037140252063,,,,
Shanghai,household_1,soft_kl_seed42,delay,321,-0.14641744548286603,-0.11848343456181411,0.027934010921051942,,,,
Shanghai,household_1,soft_kl_seed42,rain_delay_interaction,320,0.09375,-0.013930429355241358,-0.10768042935524136,,,,
Shanghai,household_1,soft_kl_seed42,fare,321,-0.059190031152647975,-0.010254949865125793,0.048935081287522185,,,,
Shanghai,household_1,soft_kl_seed42,parking,321,-0.09345794392523364,-0.1282229345999774,-0.03476499067474377,,,,
Shanghai,household_1,soft_kl_seed42,road,321,-0.09345794392523364,-0.23058851276788384,-0.1371305688426502,,,,
Shanghai,household_1,soft_kl_seed42,walk_vs_wait,320,0.01875,0.02885880891699344,0.01010880891699344,,,,
Shanghai,household_1,soft_kl_seed42,transfer_vs_wait,321,0.024922118380062305,-0.22387861309578858,-0.24880073147585088,,,,
Shanghai,household_1,soft_kl_seed2026,rain,321,0.04672897196261682,-0.029670906888547344,-0.07639987885116417,,,,
Shanghai,household_1,soft_kl_seed2026,delay,321,-0.14641744548286603,-0.16592127960639486,-0.01950383412352882,,,,
Shanghai,household_1,soft_kl_seed2026,rain_delay_interaction,320,0.09375,0.020194069217541254,-0.07355593078245874,,,,
Shanghai,household_1,soft_kl_seed2026,fare,321,-0.059190031152647975,-0.007161739296816592,0.05202829185583138,,,,
Shanghai,household_1,soft_kl_seed2026,parking,321,-0.09345794392523364,-0.10349935627429285,-0.010041412349059203,,,,
Shanghai,household_1,soft_kl_seed2026,road,321,-0.09345794392523364,-0.31363232662419666,-0.220174382698963,,,,
Shanghai,household_1,soft_kl_seed2026,walk_vs_wait,320,0.01875,-0.09601194316055625,-0.11476194316055625,,,,
Shanghai,household_1,soft_kl_seed2026,transfer_vs_wait,321,0.024922118380062305,0.03738956754545556,0.012467449165393258,,,,
Shanghai,household_1,soft_kl_seed7,rain,321,0.04672897196261682,0.04492107302971718,-0.0018078989328996415,,,,
Shanghai,household_1,soft_kl_seed7,delay,321,-0.14641744548286603,-0.1231094259838356,0.02330801949903044,,,,
Shanghai,household_1,soft_kl_seed7,rain_delay_interaction,320,0.09375,-0.016493885463569315,-0.11024388546356931,,,,
Shanghai,household_1,soft_kl_seed7,fare,321,-0.059190031152647975,0.03042948812339165,0.08961951927603962,,,,
Shanghai,household_1,soft_kl_seed7,parking,321,-0.09345794392523364,-0.11481258184924675,-0.02135463792401311,,,,
Shanghai,household_1,soft_kl_seed7,road,321,-0.09345794392523364,-0.29516854742977106,-0.20171060350453743,,,,
Shanghai,household_1,soft_kl_seed7,walk_vs_wait,320,0.01875,-0.08693864804226906,-0.10568864804226905,,,,
Shanghai,household_1,soft_kl_seed7,transfer_vs_wait,321,0.024922118380062305,-0.13898018183552216,-0.16390230021558447,,,,
Shanghai,household_1,ce_kl_seed42,rain,321,0.04672897196261682,0.06954868779607651,0.022819715833459688,,,,
Shanghai,household_1,ce_kl_seed42,delay,321,-0.14641744548286603,-0.11323613972864419,0.03318130575422186,,,,
Shanghai,household_1,ce_kl_seed42,rain_delay_interaction,320,0.09375,-0.02738825209089555,-0.12113825209089554,,,,
Shanghai,household_1,ce_kl_seed42,fare,321,-0.059190031152647975,-0.027310512402904368,0.03187951874974361,,,,
Shanghai,household_1,ce_kl_seed42,parking,321,-0.09345794392523364,-0.16737496305106214,-0.07391701912582849,,,,
Shanghai,household_1,ce_kl_seed42,road,321,-0.09345794392523364,-0.261052697270273,-0.1675947533450394,,,,
Shanghai,household_1,ce_kl_seed42,walk_vs_wait,320,0.01875,0.026365453499602155,0.007615453499602154,,,,
Shanghai,household_1,ce_kl_seed42,transfer_vs_wait,321,0.024922118380062305,-0.16551881416800876,-0.19044093254807107,,,,
Shanghai,household_1,ce_kl_seed2026,rain,321,0.04672897196261682,-0.032988463014921296,-0.07971743497753812,,,,
Shanghai,household_1,ce_kl_seed2026,delay,321,-0.14641744548286603,-0.1351627169156627,0.01125472856720335,,,,
Shanghai,household_1,ce_kl_seed2026,rain_delay_interaction,320,0.09375,0.026544831292994786,-0.06720516870700521,,,,
Shanghai,household_1,ce_kl_seed2026,fare,321,-0.059190031152647975,-0.006526011857566804,0.052664019295081174,,,,
Shanghai,household_1,ce_kl_seed2026,parking,321,-0.09345794392523364,-0.11254124166995194,-0.019083297744718297,,,,
Shanghai,household_1,ce_kl_seed2026,road,321,-0.09345794392523364,-0.2621997232284873,-0.16874177930325363,,,,
Shanghai,household_1,ce_kl_seed2026,walk_vs_wait,320,0.01875,-0.06895019306102768,-0.08770019306102768,,,,
Shanghai,household_1,ce_kl_seed2026,transfer_vs_wait,321,0.024922118380062305,-0.07354970901879566,-0.09847182739885797,,,,
Shanghai,household_1,ce_kl_seed7,rain,321,0.04672897196261682,0.09285107726155784,0.04612210529894101,,,,
Shanghai,household_1,ce_kl_seed7,delay,321,-0.14641744548286603,-0.13073018711420048,0.015687258368665555,,,,
Shanghai,household_1,ce_kl_seed7,rain_delay_interaction,320,0.09375,-0.026590943470364437,-0.12034094347036443,,,,
Shanghai,household_1,ce_kl_seed7,fare,321,-0.059190031152647975,0.007365625084746292,0.06655565623739426,,,,
Shanghai,household_1,ce_kl_seed7,parking,321,-0.09345794392523364,-0.1598459954643361,-0.06638805153910245,,,,
Shanghai,household_1,ce_kl_seed7,road,321,-0.09345794392523364,-0.26432728851315596,-0.17086934458792233,,,,
Shanghai,household_1,ce_kl_seed7,walk_vs_wait,320,0.01875,-0.0987363780674059,-0.11748637806740589,,,,
Shanghai,household_1,ce_kl_seed7,transfer_vs_wait,321,0.024922118380062305,-0.17235764659175248,-0.1972797649718148,,,,
Shanghai,household_1,signed_l1_seed42,rain,321,0.04672897196261682,0.05605069283291558,0.00932172087029876,,,,
Shanghai,household_1,signed_l1_seed42,delay,321,-0.14641744548286603,-0.12916871225258272,0.017248733230283326,,,,
Shanghai,household_1,signed_l1_seed42,rain_delay_interaction,320,0.09375,-0.0107194222509861,-0.1044694222509861,,,,
Shanghai,household_1,signed_l1_seed42,fare,321,-0.059190031152647975,-0.01652707837266714,0.042662952779980834,,,,
Shanghai,household_1,signed_l1_seed42,parking,321,-0.09345794392523364,-0.16811330950705805,-0.0746553655818244,,,,
Shanghai,household_1,signed_l1_seed42,road,321,-0.09345794392523364,-0.2256913647009205,-0.13223342077568684,,,,
Shanghai,household_1,signed_l1_seed42,walk_vs_wait,320,0.01875,-0.009372254344634711,-0.028122254344634712,,,,
Shanghai,household_1,signed_l1_seed42,transfer_vs_wait,321,0.024922118380062305,-0.26201957995594244,-0.28694169833600475,,,,
Shanghai,household_1,signed_l1_seed2026,rain,321,0.04672897196261682,-0.024373542830765805,-0.07110251479338263,,,,
Shanghai,household_1,signed_l1_seed2026,delay,321,-0.14641744548286603,-0.16217320752431671,-0.015755762041450662,,,,
Shanghai,household_1,signed_l1_seed2026,rain_delay_interaction,320,0.09375,0.015217276295879855,-0.07853272370412015,,,,
Shanghai,household_1,signed_l1_seed2026,fare,321,-0.059190031152647975,-0.010025433824626827,0.04916459732802115,,,,
Shanghai,household_1,signed_l1_seed2026,parking,321,-0.09345794392523364,-0.13368442877430783,-0.04022648484907418,,,,
Shanghai,household_1,signed_l1_seed2026,road,321,-0.09345794392523364,-0.2743404292243292,-0.18088248529909556,,,,
Shanghai,household_1,signed_l1_seed2026,walk_vs_wait,320,0.01875,-0.11313832434243523,-0.13188832434243522,,,,
Shanghai,household_1,signed_l1_seed2026,transfer_vs_wait,321,0.024922118380062305,0.02560376077658291,0.0006816423965206027,,,,
Shanghai,household_1,signed_l1_seed7,rain,321,0.04672897196261682,0.04793373720482502,0.0012047652422082016,,,,
Shanghai,household_1,signed_l1_seed7,delay,321,-0.14641744548286603,-0.12848171882470635,0.0179357266581597,,,,
Shanghai,household_1,signed_l1_seed7,rain_delay_interaction,320,0.09375,-0.012789412710117177,-0.10653941271011717,,,,
Shanghai,household_1,signed_l1_seed7,fare,321,-0.059190031152647975,0.015666472554392533,0.07485650370704051,,,,
Shanghai,household_1,signed_l1_seed7,parking,321,-0.09345794392523364,-0.1560108144985181,-0.06255287057328447,,,,
Shanghai,household_1,signed_l1_seed7,road,321,-0.09345794392523364,-0.2975576235172905,-0.2040996795920568,,,,
Shanghai,household_1,signed_l1_seed7,walk_vs_wait,320,0.01875,-0.08780671997228637,-0.10655671997228637,,,,
Shanghai,household_1,signed_l1_seed7,transfer_vs_wait,321,0.024922118380062305,-0.14684646293474507,-0.17176858131480738,,,,
Shanghai,household_1,direction_magnitude_seed42,rain,321,0.04672897196261682,0.04757500349361206,0.0008460315309952352,,,,
Shanghai,household_1,direction_magnitude_seed42,delay,321,-0.14641744548286603,-0.11848421095409126,0.027933234528774786,,,,
Shanghai,household_1,direction_magnitude_seed42,rain_delay_interaction,320,0.09375,-0.002652746462263167,-0.09640274646226317,,,,
Shanghai,household_1,direction_magnitude_seed42,fare,321,-0.059190031152647975,-0.023922198681259454,0.035267832471388524,,,,
Shanghai,household_1,direction_magnitude_seed42,parking,321,-0.09345794392523364,-0.14436600406036199,-0.050908060135128344,,,,
Shanghai,household_1,direction_magnitude_seed42,road,321,-0.09345794392523364,-0.2199751245687684,-0.12651718064353473,,,,
Shanghai,household_1,direction_magnitude_seed42,walk_vs_wait,320,0.01875,0.03297725047450513,0.014227250474505126,,,,
Shanghai,household_1,direction_magnitude_seed42,transfer_vs_wait,321,0.024922118380062305,-0.22500065773887984,-0.24992277611894215,,,,
Shanghai,household_1,direction_magnitude_seed2026,rain,321,0.04672897196261682,-0.019833376520890685,-0.0665623484835075,,,,
Shanghai,household_1,direction_magnitude_seed2026,delay,321,-0.14641744548286603,-0.15994131159489958,-0.013523866112033526,,,,
Shanghai,household_1,direction_magnitude_seed2026,rain_delay_interaction,320,0.09375,0.008572753035696223,-0.08517724696430377,,,,
Shanghai,household_1,direction_magnitude_seed2026,fare,321,-0.059190031152647975,-0.011568539401638173,0.047621491751009805,,,,
Shanghai,household_1,direction_magnitude_seed2026,parking,321,-0.09345794392523364,-0.1364471358116542,-0.042989191886420565,,,,
Shanghai,household_1,direction_magnitude_seed2026,road,321,-0.09345794392523364,-0.275038813945846,-0.18158087002061238,,,,
Shanghai,household_1,direction_magnitude_seed2026,walk_vs_wait,320,0.01875,-0.10355079957516863,-0.12230079957516864,,,,
Shanghai,household_1,direction_magnitude_seed2026,transfer_vs_wait,321,0.024922118380062305,0.10859966076144548,0.08367754238138318,,,,
Shanghai,household_1,direction_magnitude_seed7,rain,321,0.04672897196261682,0.04830406594592091,0.001575093983304092,,,,
Shanghai,household_1,direction_magnitude_seed7,delay,321,-0.14641744548286603,-0.13164729714347195,0.014770148339394096,,,,
Shanghai,household_1,direction_magnitude_seed7,rain_delay_interaction,320,0.09375,-0.014981391234323382,-0.10873139123432338,,,,
Shanghai,household_1,direction_magnitude_seed7,fare,321,-0.059190031152647975,0.014273691655505112,0.07346372280815308,,,,
Shanghai,household_1,direction_magnitude_seed7,parking,321,-0.09345794392523364,-0.12463277258048548,-0.031174828655251834,,,,
Shanghai,household_1,direction_magnitude_seed7,road,321,-0.09345794392523364,-0.26613884531773885,-0.17268090139250517,,,,
Shanghai,household_1,direction_magnitude_seed7,walk_vs_wait,320,0.01875,-0.1047797197010368,-0.12352971970103681,,,,
Shanghai,household_1,direction_magnitude_seed7,transfer_vs_wait,321,0.024922118380062305,-0.16684485230351162,-0.19176697068357393,,,,
Shanghai,household_4,s9,rain,321,0.04672897196261682,0.015675450051406463,-0.03105352191121036,,,,
Shanghai,household_4,s9,delay,321,-0.14641744548286603,-0.0994141741417859,0.04700327134108014,,,,
Shanghai,household_4,s9,rain_delay_interaction,320,0.09375,-0.001157827345014084,-0.09490782734501409,,,,
Shanghai,household_4,s9,fare,321,-0.059190031152647975,0.0014448065391953488,0.06063483769184332,,,,
Shanghai,household_4,s9,parking,321,-0.09345794392523364,-0.16633351967957255,-0.0728755757543389,,,,
Shanghai,household_4,s9,road,321,-0.09345794392523364,-0.24985071930111707,-0.15639277537588345,,,,
Shanghai,household_4,s9,walk_vs_wait,320,0.01875,-0.044410834214068017,-0.06316083421406801,,,,
Shanghai,household_4,s9,transfer_vs_wait,321,0.024922118380062305,0.030460877407841223,0.005538759027778917,,,,
Shanghai,household_4,mnl_s,rain,321,0.04672897196261682,0.024572434631928045,-0.022156537330688765,,,,
Shanghai,household_4,mnl_s,delay,321,-0.14641744548286603,-0.08190853419316113,0.06450891128970491,,,,
Shanghai,household_4,mnl_s,rain_delay_interaction,320,0.09375,-0.0031917543948147597,-0.09694175439481476,,,,
Shanghai,household_4,mnl_s,fare,321,-0.059190031152647975,-0.00987692828428042,0.049313102868367556,,,,
Shanghai,household_4,mnl_s,parking,321,-0.09345794392523364,-0.352436190087072,-0.2589782461618384,,,,
Shanghai,household_4,mnl_s,road,321,-0.09345794392523364,-0.3582236764822298,-0.2647657325569962,,,,
Shanghai,household_4,mnl_s,walk_vs_wait,320,0.01875,-0.05577061082666586,-0.07452061082666586,,,,
Shanghai,household_4,mnl_s,transfer_vs_wait,321,0.024922118380062305,-0.14970668859993788,-0.1746288069800002,,,,
Shanghai,household_4,soft_kl_seed42,rain,321,0.04672897196261682,0.03635516066417516,-0.010373811298441664,,,,
Shanghai,household_4,soft_kl_seed42,delay,321,-0.14641744548286603,-0.11633881490178569,0.030078630581080356,,,,
Shanghai,household_4,soft_kl_seed42,rain_delay_interaction,320,0.09375,-0.004772850195877254,-0.09852285019587725,,,,
Shanghai,household_4,soft_kl_seed42,fare,321,-0.059190031152647975,-0.009299244673638329,0.049890786479009644,,,,
Shanghai,household_4,soft_kl_seed42,parking,321,-0.09345794392523364,-0.10220808064640496,-0.008750136721171323,,,,
Shanghai,household_4,soft_kl_seed42,road,321,-0.09345794392523364,-0.20461154886959498,-0.11115360494436133,,,,
Shanghai,household_4,soft_kl_seed42,walk_vs_wait,320,0.01875,0.026999563514254987,0.008249563514254987,,,,
Shanghai,household_4,soft_kl_seed42,transfer_vs_wait,321,0.024922118380062305,-0.23610405206123244,-0.2610261704412948,,,,
Shanghai,household_4,soft_kl_seed2026,rain,321,0.04672897196261682,-0.017824354387146663,-0.06455332634976349,,,,
Shanghai,household_4,soft_kl_seed2026,delay,321,-0.14641744548286603,-0.12950852761375847,0.01690891786910756,,,,
Shanghai,household_4,soft_kl_seed2026,rain_delay_interaction,320,0.09375,0.013022435904713348,-0.08072756409528666,,,,
Shanghai,household_4,soft_kl_seed2026,fare,321,-0.059190031152647975,-0.0037349115975920657,0.05545511955505591,,,,
Shanghai,household_4,soft_kl_seed2026,parking,321,-0.09345794392523364,-0.13603075015767713,-0.04257280623244348,,,,
Shanghai,household_4,soft_kl_seed2026,road,321,-0.09345794392523364,-0.35216082955168043,-0.2587028856264468,,,,
Shanghai,household_4,soft_kl_seed2026,walk_vs_wait,320,0.01875,-0.07497929907985963,-0.09372929907985963,,,,
Shanghai,household_4,soft_kl_seed2026,transfer_vs_wait,321,0.024922118380062305,0.03563656655613136,0.010714448176069051,,,,
Shanghai,household_4,soft_kl_seed7,rain,321,0.04672897196261682,0.04850855079766746,0.0017795788350506365,,,,
Shanghai,household_4,soft_kl_seed7,delay,321,-0.14641744548286603,-0.11335911781663464,0.0330583276662314,,,,
Shanghai,household_4,soft_kl_seed7,rain_delay_interaction,320,0.09375,-0.019554587046150117,-0.11330458704615012,,,,
Shanghai,household_4,soft_kl_seed7,fare,321,-0.059190031152647975,0.01872840514435575,0.07791843629700372,,,,
Shanghai,household_4,soft_kl_seed7,parking,321,-0.09345794392523364,-0.10369466765090313,-0.01023672372566948,,,,
Shanghai,household_4,soft_kl_seed7,road,321,-0.09345794392523364,-0.2988555476394398,-0.20539760371420615,,,,
Shanghai,household_4,soft_kl_seed7,walk_vs_wait,320,0.01875,-0.0809838388231583,-0.0997338388231583,,,,
Shanghai,household_4,soft_kl_seed7,transfer_vs_wait,321,0.024922118380062305,-0.12413878723793312,-0.14906090561799543,,,,
Shanghai,household_4,ce_kl_seed42,rain,321,0.04672897196261682,0.0274942747238919,-0.019234697238724924,,,,
Shanghai,household_4,ce_kl_seed42,delay,321,-0.14641744548286603,-0.12460986150260377,0.02180758398026228,,,,
Shanghai,household_4,ce_kl_seed42,rain_delay_interaction,320,0.09375,-0.010229758787318133,-0.10397975878731813,,,,
Shanghai,household_4,ce_kl_seed42,fare,321,-0.059190031152647975,-0.029724830778959755,0.02946520037368822,,,,
Shanghai,household_4,ce_kl_seed42,parking,321,-0.09345794392523364,-0.14630824868274256,-0.052850304757508904,,,,
Shanghai,household_4,ce_kl_seed42,road,321,-0.09345794392523364,-0.24211626372233358,-0.14865831979709992,,,,
Shanghai,household_4,ce_kl_seed42,walk_vs_wait,320,0.01875,0.031082088279072197,0.012332088279072196,,,,
Shanghai,household_4,ce_kl_seed42,transfer_vs_wait,321,0.024922118380062305,-0.1932106846950751,-0.2181328030751374,,,,
Shanghai,household_4,ce_kl_seed2026,rain,321,0.04672897196261682,-0.024677347821238628,-0.07140631978385545,,,,
Shanghai,household_4,ce_kl_seed2026,delay,321,-0.14641744548286603,-0.10482613111315207,0.041591314369713965,,,,
Shanghai,household_4,ce_kl_seed2026,rain_delay_interaction,320,0.09375,0.01974453225848265,-0.07400546774151735,,,,
Shanghai,household_4,ce_kl_seed2026,fare,321,-0.059190031152647975,-0.0028755783083097212,0.05631445284433825,,,,
Shanghai,household_4,ce_kl_seed2026,parking,321,-0.09345794392523364,-0.13931811087970794,-0.045860166954474285,,,,
Shanghai,household_4,ce_kl_seed2026,road,321,-0.09345794392523364,-0.3081523138228978,-0.21469436989766416,,,,
Shanghai,household_4,ce_kl_seed2026,walk_vs_wait,320,0.01875,-0.054946923643001355,-0.07369692364300136,,,,
Shanghai,household_4,ce_kl_seed2026,transfer_vs_wait,321,0.024922118380062305,-0.05783241102326882,-0.08275452940333113,,,,
Shanghai,household_4,ce_kl_seed7,rain,321,0.04672897196261682,0.10093333358612387,0.05420436162350705,,,,
Shanghai,household_4,ce_kl_seed7,delay,321,-0.14641744548286603,-0.10839915874405442,0.03801828673881162,,,,
Shanghai,household_4,ce_kl_seed7,rain_delay_interaction,320,0.09375,-0.035231687128543854,-0.12898168712854385,,,,
Shanghai,household_4,ce_kl_seed7,fare,321,-0.059190031152647975,-0.0016682774199874974,0.057521753732660476,,,,
Shanghai,household_4,ce_kl_seed7,parking,321,-0.09345794392523364,-0.16037982856605285,-0.06692188464081919,,,,
Shanghai,household_4,ce_kl_seed7,road,321,-0.09345794392523364,-0.2739460204497293,-0.18048807652449567,,,,
Shanghai,household_4,ce_kl_seed7,walk_vs_wait,320,0.01875,-0.08307641148567199,-0.101826411485672,,,,
Shanghai,household_4,ce_kl_seed7,transfer_vs_wait,321,0.024922118380062305,-0.13765735249107594,-0.16257947087113825,,,,
Shanghai,household_4,signed_l1_seed42,rain,321,0.04672897196261682,0.03861234269780905,-0.008116629264807775,,,,
Shanghai,household_4,signed_l1_seed42,delay,321,-0.14641744548286603,-0.1251007774351542,0.021316668047711856,,,,
Shanghai,household_4,signed_l1_seed42,rain_delay_interaction,320,0.09375,0.0008541538612917065,-0.0928958461387083,,,,
Shanghai,household_4,signed_l1_seed42,fare,321,-0.059190031152647975,-0.016780191214285166,0.04240983993836281,,,,
Shanghai,household_4,signed_l1_seed42,parking,321,-0.09345794392523364,-0.14731443643198577,-0.05385649250675213,,,,
Shanghai,household_4,signed_l1_seed42,road,321,-0.09345794392523364,-0.2068651850767596,-0.11340724115152596,,,,
Shanghai,household_4,signed_l1_seed42,walk_vs_wait,320,0.01875,-0.008273950428701937,-0.027023950428701937,,,,
Shanghai,household_4,signed_l1_seed42,transfer_vs_wait,321,0.024922118380062305,-0.27330144609083823,-0.29822356447090054,,,,
Shanghai,household_4,signed_l1_seed2026,rain,321,0.04672897196261682,-0.022197380360227507,-0.06892635232284433,,,,
Shanghai,household_4,signed_l1_seed2026,delay,321,-0.14641744548286603,-0.12955127119136006,0.01686617429150599,,,,
Shanghai,household_4,signed_l1_seed2026,rain_delay_interaction,320,0.09375,0.016387515846872702,-0.0773624841531273,,,,
Shanghai,household_4,signed_l1_seed2026,fare,321,-0.059190031152647975,-0.008117512239845371,0.0510725189128026,,,,
Shanghai,household_4,signed_l1_seed2026,parking,321,-0.09345794392523364,-0.17217671318774655,-0.0787187692625129,,,,
Shanghai,household_4,signed_l1_seed2026,road,321,-0.09345794392523364,-0.3300038909893541,-0.23654594706412044,,,,
Shanghai,household_4,signed_l1_seed2026,walk_vs_wait,320,0.01875,-0.09000531557830982,-0.10875531557830982,,,,
Shanghai,household_4,signed_l1_seed2026,transfer_vs_wait,321,0.024922118380062305,0.03587899155148836,0.010956873171426055,,,,
Shanghai,household_4,signed_l1_seed7,rain,321,0.04672897196261682,0.04931055536244146,0.0025815833998246358,,,,
Shanghai,household_4,signed_l1_seed7,delay,321,-0.14641744548286603,-0.118143591333494,0.028273854149372037,,,,
Shanghai,household_4,signed_l1_seed7,rain_delay_interaction,320,0.09375,-0.013574915489880369,-0.10732491548988037,,,,
Shanghai,household_4,signed_l1_seed7,fare,321,-0.059190031152647975,0.005773164006965554,0.06496319515961353,,,,
Shanghai,household_4,signed_l1_seed7,parking,321,-0.09345794392523364,-0.1500939510739481,-0.05663600714871445,,,,
Shanghai,household_4,signed_l1_seed7,road,321,-0.09345794392523364,-0.3013382946776452,-0.2078803507524116,,,,
Shanghai,household_4,signed_l1_seed7,walk_vs_wait,320,0.01875,-0.08232279493240639,-0.1010727949324064,,,,
Shanghai,household_4,signed_l1_seed7,transfer_vs_wait,321,0.024922118380062305,-0.13156315351247416,-0.15648527189253647,,,,
Shanghai,household_4,direction_magnitude_seed42,rain,321,0.04672897196261682,0.028740943336969596,-0.017988028625647228,,,,
Shanghai,household_4,direction_magnitude_seed42,delay,321,-0.14641744548286603,-0.1183339513002712,0.02808349418259484,,,,
Shanghai,household_4,direction_magnitude_seed42,rain_delay_interaction,320,0.09375,0.007145994354505092,-0.0866040056454949,,,,
Shanghai,household_4,direction_magnitude_seed42,fare,321,-0.059190031152647975,-0.025269352433466095,0.03392067871918188,,,,
Shanghai,household_4,direction_magnitude_seed42,parking,321,-0.09345794392523364,-0.1235603298353629,-0.03010238591012925,,,,
Shanghai,household_4,direction_magnitude_seed42,road,321,-0.09345794392523364,-0.20215124655456929,-0.10869330262933564,,,,
Shanghai,household_4,direction_magnitude_seed42,walk_vs_wait,320,0.01875,0.031814999785274266,0.013064999785274267,,,,
Shanghai,household_4,direction_magnitude_seed42,transfer_vs_wait,321,0.024922118380062305,-0.23666697839199569,-0.261589096772058,,,,
Shanghai,household_4,direction_magnitude_seed2026,rain,321,0.04672897196261682,-0.009344034987818044,-0.056073006950434864,,,,
Shanghai,household_4,direction_magnitude_seed2026,delay,321,-0.14641744548286603,-0.1252655552763991,0.021151890206466954,,,,
Shanghai,household_4,direction_magnitude_seed2026,rain_delay_interaction,320,0.09375,0.005237706238403916,-0.08851229376159608,,,,
Shanghai,household_4,direction_magnitude_seed2026,fare,321,-0.059190031152647975,-0.00847873713739936,0.05071129401524862,,,,
Shanghai,household_4,direction_magnitude_seed2026,parking,321,-0.09345794392523364,-0.17114961866834824,-0.0776916747431146,,,,
Shanghai,household_4,direction_magnitude_seed2026,road,321,-0.09345794392523364,-0.32156785719119874,-0.22810991326596505,,,,
Shanghai,household_4,direction_magnitude_seed2026,walk_vs_wait,320,0.01875,-0.07954263682477176,-0.09829263682477177,,,,
Shanghai,household_4,direction_magnitude_seed2026,transfer_vs_wait,321,0.024922118380062305,0.1050833132570592,0.0801611948769969,,,,
Shanghai,household_4,direction_magnitude_seed7,rain,321,0.04672897196261682,0.04980574986923521,0.0030767779066183856,,,,
Shanghai,household_4,direction_magnitude_seed7,delay,321,-0.14641744548286603,-0.12223836564897006,0.02417907983389599,,,,
Shanghai,household_4,direction_magnitude_seed7,rain_delay_interaction,320,0.09375,-0.016769373079296202,-0.1105193730792962,,,,
Shanghai,household_4,direction_magnitude_seed7,fare,321,-0.059190031152647975,0.005347815165267184,0.06453784631791516,,,,
Shanghai,household_4,direction_magnitude_seed7,parking,321,-0.09345794392523364,-0.12212651796244386,-0.02866857403721022,,,,
Shanghai,household_4,direction_magnitude_seed7,road,321,-0.09345794392523364,-0.2755708457362429,-0.18211290181100925,,,,
Shanghai,household_4,direction_magnitude_seed7,walk_vs_wait,320,0.01875,-0.09963402063585818,-0.11838402063585818,,,,
Shanghai,household_4,direction_magnitude_seed7,transfer_vs_wait,321,0.024922118380062305,-0.1526197898912467,-0.177541908271309,,,,
Shanghai,coverage_0.5,s9,rain,321,0.04672897196261682,0.01905670728406802,-0.027672264678548802,,,,
Shanghai,coverage_0.5,s9,delay,321,-0.14641744548286603,-0.09489900901452333,0.051518436468342706,,,,
Shanghai,coverage_0.5,s9,rain_delay_interaction,320,0.09375,-0.006570962294790661,-0.10032096229479066,,,,
Shanghai,coverage_0.5,s9,fare,321,-0.059190031152647975,0.0036465444970539425,0.06283657564970192,,,,
Shanghai,coverage_0.5,s9,parking,321,-0.09345794392523364,-0.164829610226055,-0.07137166630082134,,,,
Shanghai,coverage_0.5,s9,road,321,-0.09345794392523364,-0.24750427601603658,-0.15404633209080293,,,,
Shanghai,coverage_0.5,s9,walk_vs_wait,320,0.01875,-0.04351045695657376,-0.06226045695657376,,,,
Shanghai,coverage_0.5,s9,transfer_vs_wait,321,0.024922118380062305,0.03456203866970502,0.009639920289642714,,,,
Shanghai,coverage_0.5,mnl_s,rain,321,0.04672897196261682,0.021741927029937744,-0.02498704493267907,,,,
Shanghai,coverage_0.5,mnl_s,delay,321,-0.14641744548286603,-0.06396985429948465,0.08244759118338141,,,,
Shanghai,coverage_0.5,mnl_s,rain_delay_interaction,320,0.09375,-0.004243553462624261,-0.09799355346262426,,,,
Shanghai,coverage_0.5,mnl_s,fare,321,-0.059190031152647975,-0.00786632177428,0.05132370937836798,,,,
Shanghai,coverage_0.5,mnl_s,parking,321,-0.09345794392523364,-0.35697480397054215,-0.2635168600453085,,,,
Shanghai,coverage_0.5,mnl_s,road,321,-0.09345794392523364,-0.362650723182868,-0.26919277925763435,,,,
Shanghai,coverage_0.5,mnl_s,walk_vs_wait,320,0.01875,-0.043027152380240664,-0.06177715238024066,,,,
Shanghai,coverage_0.5,mnl_s,transfer_vs_wait,321,0.024922118380062305,-0.11096769347832616,-0.13588981185838847,,,,
Shanghai,coverage_0.5,soft_kl_seed42,rain,321,0.04672897196261682,0.04655659874187452,-0.00017237322074230586,,,,
Shanghai,coverage_0.5,soft_kl_seed42,delay,321,-0.14641744548286603,-0.15410533155143447,-0.007687886068568423,,,,
Shanghai,coverage_0.5,soft_kl_seed42,rain_delay_interaction,320,0.09375,-0.012265016930177808,-0.10601501693017781,,,,
Shanghai,coverage_0.5,soft_kl_seed42,fare,321,-0.059190031152647975,-0.011856237908018713,0.04733379324462926,,,,
Shanghai,coverage_0.5,soft_kl_seed42,parking,321,-0.09345794392523364,-0.11130111471886205,-0.017843170793628394,,,,
Shanghai,coverage_0.5,soft_kl_seed42,road,321,-0.09345794392523364,-0.2130934815633334,-0.11963553763809977,,,,
Shanghai,coverage_0.5,soft_kl_seed42,walk_vs_wait,320,0.01875,0.005935553344897926,-0.012814446655102073,,,,
Shanghai,coverage_0.5,soft_kl_seed42,transfer_vs_wait,321,0.024922118380062305,-0.2380182650056305,-0.2629403833856928,,,,
Shanghai,coverage_0.5,soft_kl_seed2026,rain,321,0.04672897196261682,-0.022905395549034403,-0.06963436751165122,,,,
Shanghai,coverage_0.5,soft_kl_seed2026,delay,321,-0.14641744548286603,-0.11619893053540745,0.030218514947458593,,,,
Shanghai,coverage_0.5,soft_kl_seed2026,rain_delay_interaction,320,0.09375,0.014760429144371302,-0.0789895708556287,,,,
Shanghai,coverage_0.5,soft_kl_seed2026,fare,321,-0.059190031152647975,-0.005965304778558072,0.053224726374089905,,,,
Shanghai,coverage_0.5,soft_kl_seed2026,parking,321,-0.09345794392523364,-0.11174577637067837,-0.01828783244544472,,,,
Shanghai,coverage_0.5,soft_kl_seed2026,road,321,-0.09345794392523364,-0.34010362954711615,-0.24664568562188252,,,,
Shanghai,coverage_0.5,soft_kl_seed2026,walk_vs_wait,320,0.01875,-0.05053403899073601,-0.06928403899073601,,,,
Shanghai,coverage_0.5,soft_kl_seed2026,transfer_vs_wait,321,0.024922118380062305,0.03144564779005318,0.006523529409990875,,,,
Shanghai,coverage_0.5,soft_kl_seed7,rain,321,0.04672897196261682,0.039616945132938126,-0.0071120268296786925,,,,
Shanghai,coverage_0.5,soft_kl_seed7,delay,321,-0.14641744548286603,-0.08757709982192777,0.05884034566093828,,,,
Shanghai,coverage_0.5,soft_kl_seed7,rain_delay_interaction,320,0.09375,-0.01387001337716356,-0.10762001337716356,,,,
Shanghai,coverage_0.5,soft_kl_seed7,fare,321,-0.059190031152647975,0.02129560993328644,0.08048564108593442,,,,
Shanghai,coverage_0.5,soft_kl_seed7,parking,321,-0.09345794392523364,-0.11045841343491991,-0.017000469509686266,,,,
Shanghai,coverage_0.5,soft_kl_seed7,road,321,-0.09345794392523364,-0.31114621826003647,-0.2176882743348028,,,,
Shanghai,coverage_0.5,soft_kl_seed7,walk_vs_wait,320,0.01875,-0.07476393477991224,-0.09351393477991224,,,,
Shanghai,coverage_0.5,soft_kl_seed7,transfer_vs_wait,321,0.024922118380062305,-0.09662713672141791,-0.12154925510148022,,,,
Shanghai,coverage_0.5,ce_kl_seed42,rain,321,0.04672897196261682,0.060136882930622665,0.013407910968005842,,,,
Shanghai,coverage_0.5,ce_kl_seed42,delay,321,-0.14641744548286603,-0.17079026903376865,-0.02437282355090261,,,,
Shanghai,coverage_0.5,ce_kl_seed42,rain_delay_interaction,320,0.09375,-0.02937305764935445,-0.12312305764935445,,,,
Shanghai,coverage_0.5,ce_kl_seed42,fare,321,-0.059190031152647975,-0.03749871662472639,0.021691314527921588,,,,
Shanghai,coverage_0.5,ce_kl_seed42,parking,321,-0.09345794392523364,-0.15747127937286443,-0.06401333544763078,,,,
Shanghai,coverage_0.5,ce_kl_seed42,road,321,-0.09345794392523364,-0.2462185430471028,-0.15276059912186918,,,,
Shanghai,coverage_0.5,ce_kl_seed42,walk_vs_wait,320,0.01875,5.461318069137633e-05,-0.018695386819308622,,,,
Shanghai,coverage_0.5,ce_kl_seed42,transfer_vs_wait,321,0.024922118380062305,-0.18870198492517817,-0.21362410330524048,,,,
Shanghai,coverage_0.5,ce_kl_seed2026,rain,321,0.04672897196261682,-0.02946314620683869,-0.07619211816945551,,,,
Shanghai,coverage_0.5,ce_kl_seed2026,delay,321,-0.14641744548286603,-0.11750899108469115,0.028908454398174896,,,,
Shanghai,coverage_0.5,ce_kl_seed2026,rain_delay_interaction,320,0.09375,0.023923293841653502,-0.06982670615834649,,,,
Shanghai,coverage_0.5,ce_kl_seed2026,fare,321,-0.059190031152647975,-0.007016118070418218,0.05217391308222976,,,,
Shanghai,coverage_0.5,ce_kl_seed2026,parking,321,-0.09345794392523364,-0.12023927930545213,-0.02678133538021848,,,,
Shanghai,coverage_0.5,ce_kl_seed2026,road,321,-0.09345794392523364,-0.27718420876799343,-0.18372626484275978,,,,
Shanghai,coverage_0.5,ce_kl_seed2026,walk_vs_wait,320,0.01875,-0.06331399383198004,-0.08206399383198004,,,,
Shanghai,coverage_0.5,ce_kl_seed2026,transfer_vs_wait,321,0.024922118380062305,-0.07999814964970138,-0.10492026802976369,,,,
Shanghai,coverage_0.5,ce_kl_seed7,rain,321,0.04672897196261682,0.08523347867055103,0.038504506707934205,,,,
Shanghai,coverage_0.5,ce_kl_seed7,delay,321,-0.14641744548286603,-0.0903725714271894,0.05604487405567665,,,,
Shanghai,coverage_0.5,ce_kl_seed7,rain_delay_interaction,320,0.09375,-0.03799368440668331,-0.13174368440668333,,,,
Shanghai,coverage_0.5,ce_kl_seed7,fare,321,-0.059190031152647975,0.005577956021667641,0.06476798717431562,,,,
Shanghai,coverage_0.5,ce_kl_seed7,parking,321,-0.09345794392523364,-0.16625053008490262,-0.07279258615966898,,,,
Shanghai,coverage_0.5,ce_kl_seed7,road,321,-0.09345794392523364,-0.2872714791751562,-0.1938135352499226,,,,
Shanghai,coverage_0.5,ce_kl_seed7,walk_vs_wait,320,0.01875,-0.05172823355533183,-0.07047823355533182,,,,
Shanghai,coverage_0.5,ce_kl_seed7,transfer_vs_wait,321,0.024922118380062305,-0.10419108954945876,-0.12911320792952105,,,,
Shanghai,coverage_0.5,signed_l1_seed42,rain,321,0.04672897196261682,0.051905236674060704,0.00517626471144388,,,,
Shanghai,coverage_0.5,signed_l1_seed42,delay,321,-0.14641744548286603,-0.14402179211099572,0.002395653371870332,,,,
Shanghai,coverage_0.5,signed_l1_seed42,rain_delay_interaction,320,0.09375,-0.008644653228111565,-0.10239465322811156,,,,
Shanghai,coverage_0.5,signed_l1_seed42,fare,321,-0.059190031152647975,-0.01772123937294862,0.04146879177969936,,,,
Shanghai,coverage_0.5,signed_l1_seed42,parking,321,-0.09345794392523364,-0.15540993789274746,-0.0619519939675138,,,,
Shanghai,coverage_0.5,signed_l1_seed42,road,321,-0.09345794392523364,-0.2152519394350572,-0.12179399550982353,,,,
Shanghai,coverage_0.5,signed_l1_seed42,walk_vs_wait,320,0.01875,-0.01917607691138983,-0.03792607691138983,,,,
Shanghai,coverage_0.5,signed_l1_seed42,transfer_vs_wait,321,0.024922118380062305,-0.2799508950261057,-0.30487301340616796,,,,
Shanghai,coverage_0.5,signed_l1_seed2026,rain,321,0.04672897196261682,-0.02195717799375733,-0.06868614995637415,,,,
Shanghai,coverage_0.5,signed_l1_seed2026,delay,321,-0.14641744548286603,-0.10884632450467516,0.03757112097819089,,,,
Shanghai,coverage_0.5,signed_l1_seed2026,rain_delay_interaction,320,0.09375,0.013894957385491579,-0.07985504261450842,,,,
Shanghai,coverage_0.5,signed_l1_seed2026,fare,321,-0.059190031152647975,-0.012213928433500719,0.046976102719147254,,,,
Shanghai,coverage_0.5,signed_l1_seed2026,parking,321,-0.09345794392523364,-0.1486971995262342,-0.05523925560100056,,,,
Shanghai,coverage_0.5,signed_l1_seed2026,road,321,-0.09345794392523364,-0.3097236471430535,-0.21626570321781985,,,,
Shanghai,coverage_0.5,signed_l1_seed2026,walk_vs_wait,320,0.01875,-0.05164170805364847,-0.07039170805364847,,,,
Shanghai,coverage_0.5,signed_l1_seed2026,transfer_vs_wait,321,0.024922118380062305,0.05003396106007686,0.025111842680014554,,,,
Shanghai,coverage_0.5,signed_l1_seed7,rain,321,0.04672897196261682,0.04107436656116325,-0.005654605401453571,,,,
Shanghai,coverage_0.5,signed_l1_seed7,delay,321,-0.14641744548286603,-0.09725260080021118,0.04916484468265486,,,,
Shanghai,coverage_0.5,signed_l1_seed7,rain_delay_interaction,320,0.09375,-0.00928730146260932,-0.10303730146260932,,,,
Shanghai,coverage_0.5,signed_l1_seed7,fare,321,-0.059190031152647975,0.014734008741155963,0.07392403989380394,,,,
Shanghai,coverage_0.5,signed_l1_seed7,parking,321,-0.09345794392523364,-0.15736014203304813,-0.06390219810781449,,,,
Shanghai,coverage_0.5,signed_l1_seed7,road,321,-0.09345794392523364,-0.31607160345880414,-0.22261365953357048,,,,
Shanghai,coverage_0.5,signed_l1_seed7,walk_vs_wait,320,0.01875,-0.07833483330323361,-0.09708483330323361,,,,
Shanghai,coverage_0.5,signed_l1_seed7,transfer_vs_wait,321,0.024922118380062305,-0.10492227676780053,-0.12984439514786283,,,,
Shanghai,coverage_0.5,direction_magnitude_seed42,rain,321,0.04672897196261682,0.04289226101659169,-0.0038367109460251355,,,,
Shanghai,coverage_0.5,direction_magnitude_seed42,delay,321,-0.14641744548286603,-0.13977048395207367,0.006646961530792379,,,,
Shanghai,coverage_0.5,direction_magnitude_seed42,rain_delay_interaction,320,0.09375,-0.00047044488601386545,-0.09422044488601386,,,,
Shanghai,coverage_0.5,direction_magnitude_seed42,fare,321,-0.059190031152647975,-0.02446698652713841,0.03472304462550956,,,,
Shanghai,coverage_0.5,direction_magnitude_seed42,parking,321,-0.09345794392523364,-0.13164698413785,-0.03818904021261637,,,,
Shanghai,coverage_0.5,direction_magnitude_seed42,road,321,-0.09345794392523364,-0.20941558050867926,-0.1159576365834456,,,,
Shanghai,coverage_0.5,direction_magnitude_seed42,walk_vs_wait,320,0.01875,0.014020236046053468,-0.004729763953946531,,,,
Shanghai,coverage_0.5,direction_magnitude_seed42,transfer_vs_wait,321,0.024922118380062305,-0.22403283611613084,-0.24895495449619315,,,,
Shanghai,coverage_0.5,direction_magnitude_seed2026,rain,321,0.04672897196261682,-0.016622244487763192,-0.06335121645038001,,,,
Shanghai,coverage_0.5,direction_magnitude_seed2026,delay,321,-0.14641744548286603,-0.10041523367352204,0.04600221180934401,,,,
Shanghai,coverage_0.5,direction_magnitude_seed2026,rain_delay_interaction,320,0.09375,0.007214351207949221,-0.08653564879205078,,,,
Shanghai,coverage_0.5,direction_magnitude_seed2026,fare,321,-0.059190031152647975,-0.008320337503777114,0.05086969364887086,,,,
Shanghai,coverage_0.5,direction_magnitude_seed2026,parking,321,-0.09345794392523364,-0.1515357927462765,-0.05807784882104285,,,,
Shanghai,coverage_0.5,direction_magnitude_seed2026,road,321,-0.09345794392523364,-0.3064253883569783,-0.21296744443174465,,,,
Shanghai,coverage_0.5,direction_magnitude_seed2026,walk_vs_wait,320,0.01875,-0.06621015730779618,-0.08496015730779619,,,,
Shanghai,coverage_0.5,direction_magnitude_seed2026,transfer_vs_wait,321,0.024922118380062305,0.1037762524716765,0.0788541340916142,,,,
Shanghai,coverage_0.5,direction_magnitude_seed7,rain,321,0.04672897196261682,0.043596028237142294,-0.003132943725474527,,,,
Shanghai,coverage_0.5,direction_magnitude_seed7,delay,321,-0.14641744548286603,-0.10962186202789857,0.03679558345496747,,,,
Shanghai,coverage_0.5,direction_magnitude_seed7,rain_delay_interaction,320,0.09375,-0.010888012978830375,-0.10463801297883038,,,,
Shanghai,coverage_0.5,direction_magnitude_seed7,fare,321,-0.059190031152647975,0.014413588886320406,0.07360362003896838,,,,
Shanghai,coverage_0.5,direction_magnitude_seed7,parking,321,-0.09345794392523364,-0.12788011310070846,-0.03442216917547482,,,,
Shanghai,coverage_0.5,direction_magnitude_seed7,road,321,-0.09345794392523364,-0.28451024973039685,-0.19105230580516322,,,,
Shanghai,coverage_0.5,direction_magnitude_seed7,walk_vs_wait,320,0.01875,-0.09367167791351676,-0.11242167791351676,,,,
Shanghai,coverage_0.5,direction_magnitude_seed7,transfer_vs_wait,321,0.024922118380062305,-0.1310334844381267,-0.15595560281818902,,,,
Shanghai,coverage_1.0,s9,rain,321,0.04672897196261682,0.01945674707213666,-0.02727222489048016,,,,
Shanghai,coverage_1.0,s9,delay,321,-0.14641744548286603,-0.10110975133989157,0.045307694142974475,,,,
Shanghai,coverage_1.0,s9,rain_delay_interaction,320,0.09375,-0.006751956360676559,-0.10050195636067656,,,,
Shanghai,coverage_1.0,s9,fare,321,-0.059190031152647975,0.0031533814107888958,0.06234341256343687,,,,
Shanghai,coverage_1.0,s9,parking,321,-0.09345794392523364,-0.16420982749929589,-0.07075188357406223,,,,
Shanghai,coverage_1.0,s9,road,321,-0.09345794392523364,-0.24582738312675018,-0.15236943920151652,,,,
Shanghai,coverage_1.0,s9,walk_vs_wait,320,0.01875,-0.04594414055463858,-0.06469414055463858,,,,
Shanghai,coverage_1.0,s9,transfer_vs_wait,321,0.024922118380062305,0.028967026145287393,0.004044907765225087,,,,
Shanghai,coverage_1.0,mnl_s,rain,321,0.04672897196261682,0.029135598890005766,-0.017593373072611055,,,,
Shanghai,coverage_1.0,mnl_s,delay,321,-0.14641744548286603,-0.08231264528227204,0.064104800200594,,,,
Shanghai,coverage_1.0,mnl_s,rain_delay_interaction,320,0.09375,-0.004227262559368457,-0.09797726255936846,,,,
Shanghai,coverage_1.0,mnl_s,fare,321,-0.059190031152647975,-0.009891245160200197,0.04929878599244778,,,,
Shanghai,coverage_1.0,mnl_s,parking,321,-0.09345794392523364,-0.3458681186191839,-0.25241017469395016,,,,
Shanghai,coverage_1.0,mnl_s,road,321,-0.09345794392523364,-0.3516647448940587,-0.25820680096882503,,,,
Shanghai,coverage_1.0,mnl_s,walk_vs_wait,320,0.01875,-0.05489590395401378,-0.07364590395401378,,,,
Shanghai,coverage_1.0,mnl_s,transfer_vs_wait,321,0.024922118380062305,-0.14827259899898784,-0.17319471737905012,,,,
Shanghai,coverage_1.0,soft_kl_seed42,rain,321,0.04672897196261682,0.04479985482224794,-0.0019291171403688805,,,,
Shanghai,coverage_1.0,soft_kl_seed42,delay,321,-0.14641744548286603,-0.10385301117306557,0.04256443430980047,,,,
Shanghai,coverage_1.0,soft_kl_seed42,rain_delay_interaction,320,0.09375,-0.011135505861602724,-0.10488550586160272,,,,
Shanghai,coverage_1.0,soft_kl_seed42,fare,321,-0.059190031152647975,-0.008118195418628205,0.05107183573401977,,,,
Shanghai,coverage_1.0,soft_kl_seed42,parking,321,-0.09345794392523364,-0.12057355338724975,-0.027115609462016098,,,,
Shanghai,coverage_1.0,soft_kl_seed42,road,321,-0.09345794392523364,-0.2241541535776352,-0.13069620965240158,,,,
Shanghai,coverage_1.0,soft_kl_seed42,walk_vs_wait,320,0.01875,0.03527386004570872,0.016523860045708716,,,,
Shanghai,coverage_1.0,soft_kl_seed42,transfer_vs_wait,321,0.024922118380062305,-0.2236955803456336,-0.24861769872569592,,,,
Shanghai,coverage_1.0,soft_kl_seed2026,rain,321,0.04672897196261682,-0.027327716118450106,-0.07405668808106693,,,,
Shanghai,coverage_1.0,soft_kl_seed2026,delay,321,-0.14641744548286603,-0.18359865719377066,-0.03718121171090462,,,,
Shanghai,coverage_1.0,soft_kl_seed2026,rain_delay_interaction,320,0.09375,0.018826980009907856,-0.07492301999009214,,,,
Shanghai,coverage_1.0,soft_kl_seed2026,fare,321,-0.059190031152647975,-0.005210573544197736,0.053979457608450236,,,,
Shanghai,coverage_1.0,soft_kl_seed2026,parking,321,-0.09345794392523364,-0.11385840674241383,-0.020400462817180193,,,,
Shanghai,coverage_1.0,soft_kl_seed2026,road,321,-0.09345794392523364,-0.31434268228175855,-0.22088473835652492,,,,
Shanghai,coverage_1.0,soft_kl_seed2026,walk_vs_wait,320,0.01875,-0.101736694003921,-0.12048669400392101,,,,
Shanghai,coverage_1.0,soft_kl_seed2026,transfer_vs_wait,321,0.024922118380062305,0.04167232453544563,0.016750206155383328,,,,
Shanghai,coverage_1.0,soft_kl_seed7,rain,321,0.04672897196261682,0.050342717738909144,0.0036137457762923197,,,,
Shanghai,coverage_1.0,soft_kl_seed7,delay,321,-0.14641744548286603,-0.1423350378081806,0.004082407674685445,,,,
Shanghai,coverage_1.0,soft_kl_seed7,rain_delay_interaction,320,0.09375,-0.01645884334575385,-0.11020884334575384,,,,
Shanghai,coverage_1.0,soft_kl_seed7,fare,321,-0.059190031152647975,0.0267085045158306,0.08589853566847858,,,,
Shanghai,coverage_1.0,soft_kl_seed7,parking,321,-0.09345794392523364,-0.10909497830726647,-0.015637034382032827,,,,
Shanghai,coverage_1.0,soft_kl_seed7,road,321,-0.09345794392523364,-0.28160839097290025,-0.1881504470476666,,,,
Shanghai,coverage_1.0,soft_kl_seed7,walk_vs_wait,320,0.01875,-0.1118646475370042,-0.1306146475370042,,,,
Shanghai,coverage_1.0,soft_kl_seed7,transfer_vs_wait,321,0.024922118380062305,-0.16566312300314043,-0.19058524138320274,,,,
Shanghai,coverage_1.0,ce_kl_seed42,rain,321,0.04672897196261682,0.054496963256012616,0.007767991293395791,,,,
Shanghai,coverage_1.0,ce_kl_seed42,delay,321,-0.14641744548286603,-0.10749816366201528,0.03891928182085077,,,,
Shanghai,coverage_1.0,ce_kl_seed42,rain_delay_interaction,320,0.09375,-0.021334979331004433,-0.11508497933100444,,,,
Shanghai,coverage_1.0,ce_kl_seed42,fare,321,-0.059190031152647975,-0.023864343779805664,0.03532568737284231,,,,
Shanghai,coverage_1.0,ce_kl_seed42,parking,321,-0.09345794392523364,-0.15834142458030367,-0.06488348065507003,,,,
Shanghai,coverage_1.0,ce_kl_seed42,road,321,-0.09345794392523364,-0.25489732486158145,-0.1614393809363478,,,,
Shanghai,coverage_1.0,ce_kl_seed42,walk_vs_wait,320,0.01875,0.03981314278789796,0.02106314278789796,,,,
Shanghai,coverage_1.0,ce_kl_seed42,transfer_vs_wait,321,0.024922118380062305,-0.16908401272599108,-0.19400613110605336,,,,
Shanghai,coverage_1.0,ce_kl_seed2026,rain,321,0.04672897196261682,-0.031832283322127806,-0.07856125528474463,,,,
Shanghai,coverage_1.0,ce_kl_seed2026,delay,321,-0.14641744548286603,-0.13352987596712937,0.012887569515736675,,,,
Shanghai,coverage_1.0,ce_kl_seed2026,rain_delay_interaction,320,0.09375,0.024985405354527757,-0.06876459464547224,,,,
Shanghai,coverage_1.0,ce_kl_seed2026,fare,321,-0.059190031152647975,-0.0006067171182216513,0.05858331403442632,,,,
Shanghai,coverage_1.0,ce_kl_seed2026,parking,321,-0.09345794392523364,-0.11901102119888472,-0.025553077273651074,,,,
Shanghai,coverage_1.0,ce_kl_seed2026,road,321,-0.09345794392523364,-0.2719468819760831,-0.17848893805084942,,,,
Shanghai,coverage_1.0,ce_kl_seed2026,walk_vs_wait,320,0.01875,-0.061595554382074626,-0.08034555438207462,,,,
Shanghai,coverage_1.0,ce_kl_seed2026,transfer_vs_wait,321,0.024922118380062305,-0.05737084353406481,-0.08229296191412712,,,,
Shanghai,coverage_1.0,ce_kl_seed7,rain,321,0.04672897196261682,0.0979551737228658,0.051226201760248974,,,,
Shanghai,coverage_1.0,ce_kl_seed7,delay,321,-0.14641744548286603,-0.12305493879703532,0.023362506685830724,,,,
Shanghai,coverage_1.0,ce_kl_seed7,rain_delay_interaction,320,0.09375,-0.01965036292676814,-0.11340036292676814,,,,
Shanghai,coverage_1.0,ce_kl_seed7,fare,321,-0.059190031152647975,0.00577132668450614,0.06496135783715412,,,,
Shanghai,coverage_1.0,ce_kl_seed7,parking,321,-0.09345794392523364,-0.15393605216687714,-0.06047810824164349,,,,
Shanghai,coverage_1.0,ce_kl_seed7,road,321,-0.09345794392523364,-0.25659671463971706,-0.16313877071448343,,,,
Shanghai,coverage_1.0,ce_kl_seed7,walk_vs_wait,320,0.01875,-0.12029507033294067,-0.13904507033294067,,,,
Shanghai,coverage_1.0,ce_kl_seed7,transfer_vs_wait,321,0.024922118380062305,-0.19423992737164472,-0.21916204575170703,,,,
Shanghai,coverage_1.0,signed_l1_seed42,rain,321,0.04672897196261682,0.05004588656150663,0.0033169145988898112,,,,
Shanghai,coverage_1.0,signed_l1_seed42,delay,321,-0.14641744548286603,-0.11499104463144255,0.031426400851423494,,,,
Shanghai,coverage_1.0,signed_l1_seed42,rain_delay_interaction,320,0.09375,-0.007195960124954581,-0.10094596012495458,,,,
Shanghai,coverage_1.0,signed_l1_seed42,fare,321,-0.059190031152647975,-0.01601127159094142,0.04317875956170655,,,,
Shanghai,coverage_1.0,signed_l1_seed42,parking,321,-0.09345794392523364,-0.16408904676682481,-0.07063110284159117,,,,
Shanghai,coverage_1.0,signed_l1_seed42,road,321,-0.09345794392523364,-0.22165591803573745,-0.1281979741105038,,,,
Shanghai,coverage_1.0,signed_l1_seed42,walk_vs_wait,320,0.01875,0.00047474922612309454,-0.018275250773876907,,,,
Shanghai,coverage_1.0,signed_l1_seed42,transfer_vs_wait,321,0.024922118380062305,-0.25469132396174926,-0.27961344234181157,,,,
Shanghai,coverage_1.0,signed_l1_seed2026,rain,321,0.04672897196261682,-0.024527393838512563,-0.07125636580112939,,,,
Shanghai,coverage_1.0,signed_l1_seed2026,delay,321,-0.14641744548286603,-0.18648636896406937,-0.04006892348120331,,,,
Shanghai,coverage_1.0,signed_l1_seed2026,rain_delay_interaction,320,0.09375,0.015446262521436438,-0.07830373747856356,,,,
Shanghai,coverage_1.0,signed_l1_seed2026,fare,321,-0.059190031152647975,-0.009060559127003976,0.050129472025644,,,,
Shanghai,coverage_1.0,signed_l1_seed2026,parking,321,-0.09345794392523364,-0.14101340939694104,-0.0475554654717074,,,,
Shanghai,coverage_1.0,signed_l1_seed2026,road,321,-0.09345794392523364,-0.27698737960831027,-0.1835294356830766,,,,
Shanghai,coverage_1.0,signed_l1_seed2026,walk_vs_wait,320,0.01875,-0.11960857001831755,-0.13835857001831756,,,,
Shanghai,coverage_1.0,signed_l1_seed2026,transfer_vs_wait,321,0.024922118380062305,0.014688534110877373,-0.010233584269184932,,,,
Shanghai,coverage_1.0,signed_l1_seed7,rain,321,0.04672897196261682,0.05197849837233345,0.005249526409716621,,,,
Shanghai,coverage_1.0,signed_l1_seed7,delay,321,-0.14641744548286603,-0.14368384243264748,0.0027336030502185644,,,,
Shanghai,coverage_1.0,signed_l1_seed7,rain_delay_interaction,320,0.09375,-0.011840336490422487,-0.10559033649042249,,,,
Shanghai,coverage_1.0,signed_l1_seed7,fare,321,-0.059190031152647975,0.008408768502908332,0.0675987996555563,,,,
Shanghai,coverage_1.0,signed_l1_seed7,parking,321,-0.09345794392523364,-0.14606362047410829,-0.05260567654887464,,,,
Shanghai,coverage_1.0,signed_l1_seed7,road,321,-0.09345794392523364,-0.28202941839661555,-0.1885714744713819,,,,
Shanghai,coverage_1.0,signed_l1_seed7,walk_vs_wait,320,0.01875,-0.11367954815505073,-0.13242954815505073,,,,
Shanghai,coverage_1.0,signed_l1_seed7,transfer_vs_wait,321,0.024922118380062305,-0.17307236538822776,-0.19799448376829007,,,,
Shanghai,coverage_1.0,direction_magnitude_seed42,rain,321,0.04672897196261682,0.04090718781093942,-0.005821784151677402,,,,
Shanghai,coverage_1.0,direction_magnitude_seed42,delay,321,-0.14641744548286603,-0.10333282179039587,0.043084623692470174,,,,
Shanghai,coverage_1.0,direction_magnitude_seed42,rain_delay_interaction,320,0.09375,0.0003146365634165704,-0.09343536343658343,,,,
Shanghai,coverage_1.0,direction_magnitude_seed42,fare,321,-0.059190031152647975,-0.02195585827775462,0.037234172874893355,,,,
Shanghai,coverage_1.0,direction_magnitude_seed42,parking,321,-0.09345794392523364,-0.14004612563183746,-0.046588181706603816,,,,
Shanghai,coverage_1.0,direction_magnitude_seed42,road,321,-0.09345794392523364,-0.2164910916134576,-0.12303314768822393,,,,
Shanghai,coverage_1.0,direction_magnitude_seed42,walk_vs_wait,320,0.01875,0.04337807302363217,0.02462807302363217,,,,
Shanghai,coverage_1.0,direction_magnitude_seed42,transfer_vs_wait,321,0.024922118380062305,-0.22889870818634736,-0.25382082656640964,,,,
Shanghai,coverage_1.0,direction_magnitude_seed2026,rain,321,0.04672897196261682,-0.015766558222867245,-0.062495530185484066,,,,
Shanghai,coverage_1.0,direction_magnitude_seed2026,delay,321,-0.14641744548286603,-0.17705305419699796,-0.030635608714131922,,,,
Shanghai,coverage_1.0,direction_magnitude_seed2026,rain_delay_interaction,320,0.09375,0.006166374025633558,-0.08758362597436645,,,,
Shanghai,coverage_1.0,direction_magnitude_seed2026,fare,321,-0.059190031152647975,-0.01001017858677564,0.04917985256587234,,,,
Shanghai,coverage_1.0,direction_magnitude_seed2026,parking,321,-0.09345794392523364,-0.14381575361590518,-0.050357809690671544,,,,
Shanghai,coverage_1.0,direction_magnitude_seed2026,road,321,-0.09345794392523364,-0.2797929253951411,-0.18633498146990748,,,,
Shanghai,coverage_1.0,direction_magnitude_seed2026,walk_vs_wait,320,0.01875,-0.09715586432721465,-0.11590586432721466,,,,
Shanghai,coverage_1.0,direction_magnitude_seed2026,transfer_vs_wait,321,0.024922118380062305,0.11775150047934316,0.09282938209928085,,,,
Shanghai,coverage_1.0,direction_magnitude_seed7,rain,321,0.04672897196261682,0.05087829190901135,0.004149319946394531,,,,
Shanghai,coverage_1.0,direction_magnitude_seed7,delay,321,-0.14641744548286603,-0.13979387734770032,0.006623568135165722,,,,
Shanghai,coverage_1.0,direction_magnitude_seed7,rain_delay_interaction,320,0.09375,-0.016332825261633842,-0.11008282526163385,,,,
Shanghai,coverage_1.0,direction_magnitude_seed7,fare,321,-0.059190031152647975,0.009519323938732206,0.06870935509138018,,,,
Shanghai,coverage_1.0,direction_magnitude_seed7,parking,321,-0.09345794392523364,-0.1185589362156354,-0.025100992290401757,,,,
Shanghai,coverage_1.0,direction_magnitude_seed7,road,321,-0.09345794392523364,-0.2576192316375789,-0.16416128771234526,,,,
Shanghai,coverage_1.0,direction_magnitude_seed7,walk_vs_wait,320,0.01875,-0.1226508833351545,-0.1414008833351545,,,,
Shanghai,coverage_1.0,direction_magnitude_seed7,transfer_vs_wait,321,0.024922118380062305,-0.18037941535453186,-0.20530153373459417,,,,
Shanghai,times_0.8,s9,rain,321,0.04672897196261682,0.02477482657566249,-0.021954145386954334,,,,
Shanghai,times_0.8,s9,delay,321,-0.14641744548286603,-0.09871602600376554,0.047701419479100504,,,,
Shanghai,times_0.8,s9,rain_delay_interaction,320,0.09375,-0.00928890256327577,-0.10303890256327577,,,,
Shanghai,times_0.8,s9,fare,321,-0.059190031152647975,-0.0006744169580787885,0.05851561419456919,,,,
Shanghai,times_0.8,s9,parking,321,-0.09345794392523364,-0.14895440613984412,-0.05549646221461047,,,,
Shanghai,times_0.8,s9,road,321,-0.09345794392523364,-0.1946516616380196,-0.10119371771278597,,,,
Shanghai,times_0.8,s9,walk_vs_wait,320,0.01875,-0.0350263629516121,-0.0537763629516121,,,,
Shanghai,times_0.8,s9,transfer_vs_wait,321,0.024922118380062305,0.00891282127421593,-0.016009297105846376,,,,
Shanghai,times_0.8,mnl_s,rain,321,0.04672897196261682,0.03713002252409429,-0.00959894943852254,,,,
Shanghai,times_0.8,mnl_s,delay,321,-0.14641744548286603,-0.07381575823071837,0.07260168725214769,,,,
Shanghai,times_0.8,mnl_s,rain_delay_interaction,320,0.09375,-0.003920038281541428,-0.09767003828154142,,,,
Shanghai,times_0.8,mnl_s,fare,321,-0.059190031152647975,-0.010427021348751323,0.04876300980389665,,,,
Shanghai,times_0.8,mnl_s,parking,321,-0.09345794392523364,-0.3318872204766458,-0.2384292765514122,,,,
Shanghai,times_0.8,mnl_s,road,321,-0.09345794392523364,-0.3030272171577089,-0.2095692732324753,,,,
Shanghai,times_0.8,mnl_s,walk_vs_wait,320,0.01875,-0.04852269854072903,-0.06727269854072904,,,,
Shanghai,times_0.8,mnl_s,transfer_vs_wait,321,0.024922118380062305,-0.12033776967647351,-0.14525988805653584,,,,
Shanghai,times_0.8,soft_kl_seed42,rain,321,0.04672897196261682,0.04435000211186127,-0.002378969850755555,,,,
Shanghai,times_0.8,soft_kl_seed42,delay,321,-0.14641744548286603,-0.10740911187691109,0.03900833360595495,,,,
Shanghai,times_0.8,soft_kl_seed42,rain_delay_interaction,320,0.09375,-0.010248883557505906,-0.1039988835575059,,,,
Shanghai,times_0.8,soft_kl_seed42,fare,321,-0.059190031152647975,-0.008890730291140785,0.05029930086150719,,,,
Shanghai,times_0.8,soft_kl_seed42,parking,321,-0.09345794392523364,-0.11265570333813581,-0.019197759412902166,,,,
Shanghai,times_0.8,soft_kl_seed42,road,321,-0.09345794392523364,-0.18435723643250926,-0.09089929250727562,,,,
Shanghai,times_0.8,soft_kl_seed42,walk_vs_wait,320,0.01875,0.0038890405092388393,-0.01486095949076116,,,,
Shanghai,times_0.8,soft_kl_seed42,transfer_vs_wait,321,0.024922118380062305,-0.22578508377864354,-0.25070720215870584,,,,
Shanghai,times_0.8,soft_kl_seed2026,rain,321,0.04672897196261682,-0.02585211249990998,-0.0725810844625268,,,,
Shanghai,times_0.8,soft_kl_seed2026,delay,321,-0.14641744548286603,-0.1641128497645027,-0.017695404281636636,,,,
Shanghai,times_0.8,soft_kl_seed2026,rain_delay_interaction,320,0.09375,0.014790865808026864,-0.07895913419197313,,,,
Shanghai,times_0.8,soft_kl_seed2026,fare,321,-0.059190031152647975,-0.01003135046762098,0.049158680685027,,,,
Shanghai,times_0.8,soft_kl_seed2026,parking,321,-0.09345794392523364,-0.10723911819985352,-0.013781174274619865,,,,
Shanghai,times_0.8,soft_kl_seed2026,road,321,-0.09345794392523364,-0.26955854442446403,-0.17610060049923038,,,,
Shanghai,times_0.8,soft_kl_seed2026,walk_vs_wait,320,0.01875,-0.08246828124392777,-0.10121828124392777,,,,
Shanghai,times_0.8,soft_kl_seed2026,transfer_vs_wait,321,0.024922118380062305,0.03249794460624178,0.0075758262261794735,,,,
Shanghai,times_0.8,soft_kl_seed7,rain,321,0.04672897196261682,0.05262121565152551,0.005892243688908693,,,,
Shanghai,times_0.8,soft_kl_seed7,delay,321,-0.14641744548286603,-0.12121715848087522,0.025200287001990826,,,,
Shanghai,times_0.8,soft_kl_seed7,rain_delay_interaction,320,0.09375,-0.018615464982576668,-0.11236546498257667,,,,
Shanghai,times_0.8,soft_kl_seed7,fare,321,-0.059190031152647975,0.029779803994288697,0.08896983514693667,,,,
Shanghai,times_0.8,soft_kl_seed7,parking,321,-0.09345794392523364,-0.10425384451759938,-0.01079590059236574,,,,
Shanghai,times_0.8,soft_kl_seed7,road,321,-0.09345794392523364,-0.2240306634305051,-0.13057271950527144,,,,
Shanghai,times_0.8,soft_kl_seed7,walk_vs_wait,320,0.01875,-0.095901547500398,-0.11465154750039801,,,,
Shanghai,times_0.8,soft_kl_seed7,transfer_vs_wait,321,0.024922118380062305,-0.12986174703944137,-0.15478386541950367,,,,
Shanghai,times_0.8,ce_kl_seed42,rain,321,0.04672897196261682,0.054765028142112065,0.008036056179495245,,,,
Shanghai,times_0.8,ce_kl_seed42,delay,321,-0.14641744548286603,-0.11189755977848051,0.03451988570438553,,,,
Shanghai,times_0.8,ce_kl_seed42,rain_delay_interaction,320,0.09375,-0.018455075996462254,-0.11220507599646226,,,,
Shanghai,times_0.8,ce_kl_seed42,fare,321,-0.059190031152647975,-0.025990395844446908,0.03319963530820107,,,,
Shanghai,times_0.8,ce_kl_seed42,parking,321,-0.09345794392523364,-0.14790498539573307,-0.054447041470499426,,,,
Shanghai,times_0.8,ce_kl_seed42,road,321,-0.09345794392523364,-0.19298577886597018,-0.09952783494073654,,,,
Shanghai,times_0.8,ce_kl_seed42,walk_vs_wait,320,0.01875,0.023733628273475915,0.004983628273475915,,,,
Shanghai,times_0.8,ce_kl_seed42,transfer_vs_wait,321,0.024922118380062305,-0.17585977583012408,-0.20078189421018638,,,,
Shanghai,times_0.8,ce_kl_seed2026,rain,321,0.04672897196261682,-0.03179414715397395,-0.07852311911659077,,,,
Shanghai,times_0.8,ce_kl_seed2026,delay,321,-0.14641744548286603,-0.11399766786540409,0.03241977761746195,,,,
Shanghai,times_0.8,ce_kl_seed2026,rain_delay_interaction,320,0.09375,0.021652565302792935,-0.07209743469720706,,,,
Shanghai,times_0.8,ce_kl_seed2026,fare,321,-0.059190031152647975,-0.0026141524639827812,0.0565758786886652,,,,
Shanghai,times_0.8,ce_kl_seed2026,parking,321,-0.09345794392523364,-0.11323686765733167,-0.019778923732098018,,,,
Shanghai,times_0.8,ce_kl_seed2026,road,321,-0.09345794392523364,-0.21301628732792685,-0.11955834340269321,,,,
Shanghai,times_0.8,ce_kl_seed2026,walk_vs_wait,320,0.01875,-0.05567209523869678,-0.07442209523869678,,,,
Shanghai,times_0.8,ce_kl_seed2026,transfer_vs_wait,321,0.024922118380062305,-0.04312517166694748,-0.06804729004700978,,,,
Shanghai,times_0.8,ce_kl_seed7,rain,321,0.04672897196261682,0.1104821752629176,0.06375320330030079,,,,
Shanghai,times_0.8,ce_kl_seed7,delay,321,-0.14641744548286603,-0.09634461891010543,0.05007282657276062,,,,
Shanghai,times_0.8,ce_kl_seed7,rain_delay_interaction,320,0.09375,-0.025788648962043227,-0.11953864896204322,,,,
Shanghai,times_0.8,ce_kl_seed7,fare,321,-0.059190031152647975,0.0048843256525718535,0.06407435680521983,,,,
Shanghai,times_0.8,ce_kl_seed7,parking,321,-0.09345794392523364,-0.14731082568566004,-0.0538528817604264,,,,
Shanghai,times_0.8,ce_kl_seed7,road,321,-0.09345794392523364,-0.21906323303001413,-0.1256052891047805,,,,
Shanghai,times_0.8,ce_kl_seed7,walk_vs_wait,320,0.01875,-0.07900274328421801,-0.09775274328421801,,,,
Shanghai,times_0.8,ce_kl_seed7,transfer_vs_wait,321,0.024922118380062305,-0.16111885292043568,-0.186040971300498,,,,
Shanghai,times_0.8,signed_l1_seed42,rain,321,0.04672897196261682,0.05068328345304709,0.003954311490430268,,,,
Shanghai,times_0.8,signed_l1_seed42,delay,321,-0.14641744548286603,-0.09682321745751432,0.04959422802535173,,,,
Shanghai,times_0.8,signed_l1_seed42,rain_delay_interaction,320,0.09375,-0.005849432805553079,-0.09959943280555308,,,,
Shanghai,times_0.8,signed_l1_seed42,fare,321,-0.059190031152647975,-0.015065027035285379,0.044125004117362594,,,,
Shanghai,times_0.8,signed_l1_seed42,parking,321,-0.09345794392523364,-0.15565941034819106,-0.06220146642295742,,,,
Shanghai,times_0.8,signed_l1_seed42,road,321,-0.09345794392523364,-0.18179843145367514,-0.08834048752844148,,,,
Shanghai,times_0.8,signed_l1_seed42,walk_vs_wait,320,0.01875,0.0002322685904800892,-0.01851773140951991,,,,
Shanghai,times_0.8,signed_l1_seed42,transfer_vs_wait,321,0.024922118380062305,-0.24230780344851013,-0.2672299218285724,,,,
Shanghai,times_0.8,signed_l1_seed2026,rain,321,0.04672897196261682,-0.022622258097768945,-0.06935123006038577,,,,
Shanghai,times_0.8,signed_l1_seed2026,delay,321,-0.14641744548286603,-0.15620890785461275,-0.009791462371746698,,,,
Shanghai,times_0.8,signed_l1_seed2026,rain_delay_interaction,320,0.09375,0.011248471692670136,-0.08250152830732986,,,,
Shanghai,times_0.8,signed_l1_seed2026,fare,321,-0.059190031152647975,-0.011274841994140007,0.04791518915850797,,,,
Shanghai,times_0.8,signed_l1_seed2026,parking,321,-0.09345794392523364,-0.13449870295985095,-0.0410407590346173,,,,
Shanghai,times_0.8,signed_l1_seed2026,road,321,-0.09345794392523364,-0.2259444564209549,-0.13248651249572124,,,,
Shanghai,times_0.8,signed_l1_seed2026,walk_vs_wait,320,0.01875,-0.10306805304717273,-0.12181805304717272,,,,
Shanghai,times_0.8,signed_l1_seed2026,transfer_vs_wait,321,0.024922118380062305,0.0074418599128351776,-0.017480258467227127,,,,
Shanghai,times_0.8,signed_l1_seed7,rain,321,0.04672897196261682,0.056918625891022964,0.010189653928406142,,,,
Shanghai,times_0.8,signed_l1_seed7,delay,321,-0.14641744548286603,-0.11970982156299356,0.02670762391987248,,,,
Shanghai,times_0.8,signed_l1_seed7,rain_delay_interaction,320,0.09375,-0.015830075193662196,-0.1095800751936622,,,,
Shanghai,times_0.8,signed_l1_seed7,fare,321,-0.059190031152647975,0.011217821354620924,0.0704078525072689,,,,
Shanghai,times_0.8,signed_l1_seed7,parking,321,-0.09345794392523364,-0.1396216768945489,-0.04616373296931525,,,,
Shanghai,times_0.8,signed_l1_seed7,road,321,-0.09345794392523364,-0.21878722871761083,-0.1253292847923772,,,,
Shanghai,times_0.8,signed_l1_seed7,walk_vs_wait,320,0.01875,-0.0956123114330694,-0.11436231143306941,,,,
Shanghai,times_0.8,signed_l1_seed7,transfer_vs_wait,321,0.024922118380062305,-0.1314724787280567,-0.156394597108119,,,,
Shanghai,times_0.8,direction_magnitude_seed42,rain,321,0.04672897196261682,0.04305956670521204,-0.003669405257404779,,,,
Shanghai,times_0.8,direction_magnitude_seed42,delay,321,-0.14641744548286603,-0.10364190435669504,0.042775541126171004,,,,
Shanghai,times_0.8,direction_magnitude_seed42,rain_delay_interaction,320,0.09375,-0.00048223885241895916,-0.09423223885241896,,,,
Shanghai,times_0.8,direction_magnitude_seed42,fare,321,-0.059190031152647975,-0.022252740587957922,0.03693729056469005,,,,
Shanghai,times_0.8,direction_magnitude_seed42,parking,321,-0.09345794392523364,-0.1280153533008611,-0.034557409375627464,,,,
Shanghai,times_0.8,direction_magnitude_seed42,road,321,-0.09345794392523364,-0.17024986178982665,-0.07679191786459302,,,,
Shanghai,times_0.8,direction_magnitude_seed42,walk_vs_wait,320,0.01875,0.011729438509792089,-0.0070205614902079105,,,,
Shanghai,times_0.8,direction_magnitude_seed42,transfer_vs_wait,321,0.024922118380062305,-0.2288416709222851,-0.25376378930234744,,,,
Shanghai,times_0.8,direction_magnitude_seed2026,rain,321,0.04672897196261682,-0.01668795228375824,-0.06341692424637506,,,,
Shanghai,times_0.8,direction_magnitude_seed2026,delay,321,-0.14641744548286603,-0.1402727655857523,0.006144679897113752,,,,
Shanghai,times_0.8,direction_magnitude_seed2026,rain_delay_interaction,320,0.09375,0.005279220308875665,-0.08847077969112434,,,,
Shanghai,times_0.8,direction_magnitude_seed2026,fare,321,-0.059190031152647975,-0.010522065156159742,0.04866796599648823,,,,
Shanghai,times_0.8,direction_magnitude_seed2026,parking,321,-0.09345794392523364,-0.13804032734807034,-0.044582383422836706,,,,
Shanghai,times_0.8,direction_magnitude_seed2026,road,321,-0.09345794392523364,-0.24438929388363415,-0.1509313499584005,,,,
Shanghai,times_0.8,direction_magnitude_seed2026,walk_vs_wait,320,0.01875,-0.07771798663306981,-0.09646798663306981,,,,
Shanghai,times_0.8,direction_magnitude_seed2026,transfer_vs_wait,321,0.024922118380062305,0.10312847598133801,0.0782063576012757,,,,
Shanghai,times_0.8,direction_magnitude_seed7,rain,321,0.04672897196261682,0.05477734441604941,0.008048372453432588,,,,
Shanghai,times_0.8,direction_magnitude_seed7,delay,321,-0.14641744548286603,-0.11457241610899521,0.031845029373870834,,,,
Shanghai,times_0.8,direction_magnitude_seed7,rain_delay_interaction,320,0.09375,-0.016360886639449745,-0.11011088663944975,,,,
Shanghai,times_0.8,direction_magnitude_seed7,fare,321,-0.059190031152647975,0.011735018470391306,0.07092504962303928,,,,
Shanghai,times_0.8,direction_magnitude_seed7,parking,321,-0.09345794392523364,-0.11194507589685583,-0.018487131971622182,,,,
Shanghai,times_0.8,direction_magnitude_seed7,road,321,-0.09345794392523364,-0.19831920566031494,-0.1048612617350813,,,,
Shanghai,times_0.8,direction_magnitude_seed7,walk_vs_wait,320,0.01875,-0.10663591957418248,-0.1253859195741825,,,,
Shanghai,times_0.8,direction_magnitude_seed7,transfer_vs_wait,321,0.024922118380062305,-0.14625238410176888,-0.1711745024818312,,,,
Shanghai,times_1.2,s9,rain,321,0.04672897196261682,0.01616764174791697,-0.030561330214699853,,,,
Shanghai,times_1.2,s9,delay,321,-0.14641744548286603,-0.08909732651696584,0.0573201189659002,,,,
Shanghai,times_1.2,s9,rain_delay_interaction,320,0.09375,-0.006466328640817665,-0.10021632864081767,,,,
Shanghai,times_1.2,s9,fare,321,-0.059190031152647975,0.0034567511921916793,0.06264678234483965,,,,
Shanghai,times_1.2,s9,parking,321,-0.09345794392523364,-0.18111899091841832,-0.08766104699318468,,,,
Shanghai,times_1.2,s9,road,321,-0.09345794392523364,-0.29219430733640384,-0.1987363634111702,,,,
Shanghai,times_1.2,s9,walk_vs_wait,320,0.01875,-0.0418042229837738,-0.060554222983773796,,,,
Shanghai,times_1.2,s9,transfer_vs_wait,321,0.024922118380062305,0.05889757946017561,0.0339754610801133,,,,
Shanghai,times_1.2,mnl_s,rain,321,0.04672897196261682,0.017359154968198072,-0.02936981699441874,,,,
Shanghai,times_1.2,mnl_s,delay,321,-0.14641744548286603,-0.07033184251551912,0.07608560296734691,,,,
Shanghai,times_1.2,mnl_s,rain_delay_interaction,320,0.09375,-0.003937639935350379,-0.09768763993535039,,,,
Shanghai,times_1.2,mnl_s,fare,321,-0.059190031152647975,-0.007664217547460568,0.051525813605187404,,,,
Shanghai,times_1.2,mnl_s,parking,321,-0.09345794392523364,-0.36009963262564804,-0.2666416887004144,,,,
Shanghai,times_1.2,mnl_s,road,321,-0.09345794392523364,-0.4070163904443386,-0.31355844651910497,,,,
Shanghai,times_1.2,mnl_s,walk_vs_wait,320,0.01875,-0.04753388579695391,-0.0662838857969539,,,,
Shanghai,times_1.2,mnl_s,transfer_vs_wait,321,0.024922118380062305,-0.11516989943592741,-0.1400920178159897,,,,
Shanghai,times_1.2,soft_kl_seed42,rain,321,0.04672897196261682,0.04511843412836021,-0.0016105378342566089,,,,
Shanghai,times_1.2,soft_kl_seed42,delay,321,-0.14641744548286603,-0.1263085740656125,0.02010887141725356,,,,
Shanghai,times_1.2,soft_kl_seed42,rain_delay_interaction,320,0.09375,-0.011395458481274545,-0.10514545848127455,,,,
Shanghai,times_1.2,soft_kl_seed42,fare,321,-0.059190031152647975,-0.01011274019227221,0.04907729096037577,,,,
Shanghai,times_1.2,soft_kl_seed42,parking,321,-0.09345794392523364,-0.12242836029358742,-0.028970416368353777,,,,
Shanghai,times_1.2,soft_kl_seed42,road,321,-0.09345794392523364,-0.2559395663649122,-0.1624816224396786,,,,
Shanghai,times_1.2,soft_kl_seed42,walk_vs_wait,320,0.01875,0.050347220594994725,0.03159722059499472,,,,
Shanghai,times_1.2,soft_kl_seed42,transfer_vs_wait,321,0.024922118380062305,-0.22540282268320846,-0.25032494106327075,,,,
Shanghai,times_1.2,soft_kl_seed2026,rain,321,0.04672897196261682,-0.025743437855507353,-0.07247240981812418,,,,
Shanghai,times_1.2,soft_kl_seed2026,delay,321,-0.14641744548286603,-0.13742629058276104,0.008991154900105014,,,,
Shanghai,times_1.2,soft_kl_seed2026,rain_delay_interaction,320,0.09375,0.019626284803962335,-0.07412371519603767,,,,
Shanghai,times_1.2,soft_kl_seed2026,fare,321,-0.059190031152647975,-0.0045644470789350826,0.054625584073712895,,,,
Shanghai,times_1.2,soft_kl_seed2026,parking,321,-0.09345794392523364,-0.12031979436443602,-0.026861850439202375,,,,
Shanghai,times_1.2,soft_kl_seed2026,road,321,-0.09345794392523364,-0.37844445147896855,-0.2849865075537349,,,,
Shanghai,times_1.2,soft_kl_seed2026,walk_vs_wait,320,0.01875,-0.07744362583034672,-0.09619362583034671,,,,
Shanghai,times_1.2,soft_kl_seed2026,transfer_vs_wait,321,0.024922118380062305,0.05104488609039524,0.02612276771033293,,,,
Shanghai,times_1.2,soft_kl_seed7,rain,321,0.04672897196261682,0.0407481442591483,-0.005980827703468525,,,,
Shanghai,times_1.2,soft_kl_seed7,delay,321,-0.14641744548286603,-0.11704470936174148,0.02937273612112457,,,,
Shanghai,times_1.2,soft_kl_seed7,rain_delay_interaction,320,0.09375,-0.014763790991855786,-0.10851379099185579,,,,
Shanghai,times_1.2,soft_kl_seed7,fare,321,-0.059190031152647975,0.02327994656432826,0.08246997771697624,,,,
Shanghai,times_1.2,soft_kl_seed7,parking,321,-0.09345794392523364,-0.11569600874946867,-0.02223806482423503,,,,
Shanghai,times_1.2,soft_kl_seed7,road,321,-0.09345794392523364,-0.35745519014928384,-0.2639972462240502,,,,
Shanghai,times_1.2,soft_kl_seed7,walk_vs_wait,320,0.01875,-0.08366394601762295,-0.10241394601762295,,,,
Shanghai,times_1.2,soft_kl_seed7,transfer_vs_wait,321,0.024922118380062305,-0.1289187546274001,-0.1538408730074624,,,,
Shanghai,times_1.2,ce_kl_seed42,rain,321,0.04672897196261682,0.05455865563006602,0.007829683667449194,,,,
Shanghai,times_1.2,ce_kl_seed42,delay,321,-0.14641744548286603,-0.12449540373669049,0.021922041746175548,,,,
Shanghai,times_1.2,ce_kl_seed42,rain_delay_interaction,320,0.09375,-0.02458774292608723,-0.11833774292608723,,,,
Shanghai,times_1.2,ce_kl_seed42,fare,321,-0.059190031152647975,-0.031461835806939835,0.027728195345708143,,,,
Shanghai,times_1.2,ce_kl_seed42,parking,321,-0.09345794392523364,-0.16756733927028572,-0.07410939534505208,,,,
Shanghai,times_1.2,ce_kl_seed42,road,321,-0.09345794392523364,-0.3068963495254331,-0.21343840560019944,,,,
Shanghai,times_1.2,ce_kl_seed42,walk_vs_wait,320,0.01875,0.03158174915588461,0.012831749155884609,,,,
Shanghai,times_1.2,ce_kl_seed42,transfer_vs_wait,321,0.024922118380062305,-0.16307641743795476,-0.18799853581801707,,,,
Shanghai,times_1.2,ce_kl_seed2026,rain,321,0.04672897196261682,-0.0296436332955353,-0.07637260525815212,,,,
Shanghai,times_1.2,ce_kl_seed2026,delay,321,-0.14641744548286603,-0.12988142594927196,0.016536019533594078,,,,
Shanghai,times_1.2,ce_kl_seed2026,rain_delay_interaction,320,0.09375,0.026014367253810632,-0.06773563274618936,,,,
Shanghai,times_1.2,ce_kl_seed2026,fare,321,-0.059190031152647975,-0.004772446121196509,0.054417585031451464,,,,
Shanghai,times_1.2,ce_kl_seed2026,parking,321,-0.09345794392523364,-0.12698007706912506,-0.03352213314389143,,,,
Shanghai,times_1.2,ce_kl_seed2026,road,321,-0.09345794392523364,-0.34063700096815175,-0.2471790570429181,,,,
Shanghai,times_1.2,ce_kl_seed2026,walk_vs_wait,320,0.01875,-0.07165233561536297,-0.09040233561536297,,,,
Shanghai,times_1.2,ce_kl_seed2026,transfer_vs_wait,321,0.024922118380062305,-0.08358036551473669,-0.10850248389479898,,,,
Shanghai,times_1.2,ce_kl_seed7,rain,321,0.04672897196261682,0.08362849888818286,0.03689952692556604,,,,
Shanghai,times_1.2,ce_kl_seed7,delay,321,-0.14641744548286603,-0.1270828272050647,0.019334618277801346,,,,
Shanghai,times_1.2,ce_kl_seed7,rain_delay_interaction,320,0.09375,-0.03420088601997122,-0.12795088601997123,,,,
Shanghai,times_1.2,ce_kl_seed7,fare,321,-0.059190031152647975,0.004380834402046471,0.06357086555469445,,,,
Shanghai,times_1.2,ce_kl_seed7,parking,321,-0.09345794392523364,-0.17204810347048294,-0.07859015954524928,,,,
Shanghai,times_1.2,ce_kl_seed7,road,321,-0.09345794392523364,-0.31099916760906915,-0.2175412236838355,,,,
Shanghai,times_1.2,ce_kl_seed7,walk_vs_wait,320,0.01875,-0.09371176161221229,-0.11246176161221229,,,,
Shanghai,times_1.2,ce_kl_seed7,transfer_vs_wait,321,0.024922118380062305,-0.1464053414677882,-0.1713274598478505,,,,
Shanghai,times_1.2,signed_l1_seed42,rain,321,0.04672897196261682,0.04884052028258642,0.0021115483199695933,,,,
Shanghai,times_1.2,signed_l1_seed42,delay,321,-0.14641744548286603,-0.13356197089235358,0.01285547459051245,,,,
Shanghai,times_1.2,signed_l1_seed42,rain_delay_interaction,320,0.09375,-0.007818404957652092,-0.1015684049576521,,,,
Shanghai,times_1.2,signed_l1_seed42,fare,321,-0.059190031152647975,-0.017463083973740492,0.041726947178907486,,,,
Shanghai,times_1.2,signed_l1_seed42,parking,321,-0.09345794392523364,-0.1685114226701475,-0.07505347874491386,,,,
Shanghai,times_1.2,signed_l1_seed42,road,321,-0.09345794392523364,-0.26748055646724045,-0.17402261254200682,,,,
Shanghai,times_1.2,signed_l1_seed42,walk_vs_wait,320,0.01875,-0.0028538056882098316,-0.021603805688209833,,,,
Shanghai,times_1.2,signed_l1_seed42,transfer_vs_wait,321,0.024922118380062305,-0.2650943589556347,-0.290016477335697,,,,
Shanghai,times_1.2,signed_l1_seed2026,rain,321,0.04672897196261682,-0.024936621294957453,-0.07166559325757428,,,,
Shanghai,times_1.2,signed_l1_seed2026,delay,321,-0.14641744548286603,-0.14659533347365827,-0.000177887990792221,,,,
Shanghai,times_1.2,signed_l1_seed2026,rain_delay_interaction,320,0.09375,0.01880760015337728,-0.07494239984662272,,,,
Shanghai,times_1.2,signed_l1_seed2026,fare,321,-0.059190031152647975,-0.010010500795373294,0.04917953035727468,,,,
Shanghai,times_1.2,signed_l1_seed2026,parking,321,-0.09345794392523364,-0.15542751708506053,-0.06196957315982688,,,,
Shanghai,times_1.2,signed_l1_seed2026,road,321,-0.09345794392523364,-0.3368912329113929,-0.24343328898615926,,,,
Shanghai,times_1.2,signed_l1_seed2026,walk_vs_wait,320,0.01875,-0.09313529322389513,-0.11188529322389514,,,,
Shanghai,times_1.2,signed_l1_seed2026,transfer_vs_wait,321,0.024922118380062305,0.052815470415112385,0.02789335203505008,,,,
Shanghai,times_1.2,signed_l1_seed7,rain,321,0.04672897196261682,0.0408948255105182,-0.005834146452098621,,,,
Shanghai,times_1.2,signed_l1_seed7,delay,321,-0.14641744548286603,-0.13059436807820915,0.015823077404656886,,,,
Shanghai,times_1.2,signed_l1_seed7,rain_delay_interaction,320,0.09375,-0.008346682612318546,-0.10209668261231855,,,,
Shanghai,times_1.2,signed_l1_seed7,fare,321,-0.059190031152647975,0.015033418283655635,0.07422344943630362,,,,
Shanghai,times_1.2,signed_l1_seed7,parking,321,-0.09345794392523364,-0.16239389735404577,-0.06893595342881212,,,,
Shanghai,times_1.2,signed_l1_seed7,road,321,-0.09345794392523364,-0.3616217944155972,-0.26816385049036356,,,,
Shanghai,times_1.2,signed_l1_seed7,walk_vs_wait,320,0.01875,-0.09349139052210376,-0.11224139052210376,,,,
Shanghai,times_1.2,signed_l1_seed7,transfer_vs_wait,321,0.024922118380062305,-0.14024989419497805,-0.16517201257504036,,,,
Shanghai,times_1.2,direction_magnitude_seed42,rain,321,0.04672897196261682,0.038607748080265486,-0.008121223882351338,,,,
Shanghai,times_1.2,direction_magnitude_seed42,delay,321,-0.14641744548286603,-0.12322559644035833,0.023191849042507717,,,,
Shanghai,times_1.2,direction_magnitude_seed42,rain_delay_interaction,320,0.09375,0.0013202767819166183,-0.09242972321808338,,,,
Shanghai,times_1.2,direction_magnitude_seed42,fare,321,-0.059190031152647975,-0.02502150817359348,0.0341685229790545,,,,
Shanghai,times_1.2,direction_magnitude_seed42,parking,321,-0.09345794392523364,-0.1441657958650886,-0.05070785193985496,,,,
Shanghai,times_1.2,direction_magnitude_seed42,road,321,-0.09345794392523364,-0.2590055098971845,-0.1655475659719509,,,,
Shanghai,times_1.2,direction_magnitude_seed42,walk_vs_wait,320,0.01875,0.0516573857050389,0.03290738570503891,,,,
Shanghai,times_1.2,direction_magnitude_seed42,transfer_vs_wait,321,0.024922118380062305,-0.22076640330324662,-0.24568852168330893,,,,
Shanghai,times_1.2,direction_magnitude_seed2026,rain,321,0.04672897196261682,-0.01842164148422788,-0.0651506134468447,,,,
Shanghai,times_1.2,direction_magnitude_seed2026,delay,321,-0.14641744548286603,-0.15100131093341612,-0.0045838654505500915,,,,
Shanghai,times_1.2,direction_magnitude_seed2026,rain_delay_interaction,320,0.09375,0.011330919712781906,-0.08241908028721809,,,,
Shanghai,times_1.2,direction_magnitude_seed2026,fare,321,-0.059190031152647975,-0.007653341045446485,0.05153669010720149,,,,
Shanghai,times_1.2,direction_magnitude_seed2026,parking,321,-0.09345794392523364,-0.1586349536418172,-0.06517700971658356,,,,
Shanghai,times_1.2,direction_magnitude_seed2026,road,321,-0.09345794392523364,-0.34025058282591475,-0.24679263890068107,,,,
Shanghai,times_1.2,direction_magnitude_seed2026,walk_vs_wait,320,0.01875,-0.10468527840566821,-0.12343527840566822,,,,
Shanghai,times_1.2,direction_magnitude_seed2026,transfer_vs_wait,321,0.024922118380062305,0.09543945355996536,0.07051733517990305,,,,
Shanghai,times_1.2,direction_magnitude_seed7,rain,321,0.04672897196261682,0.04133877476149259,-0.005390197201124233,,,,
Shanghai,times_1.2,direction_magnitude_seed7,delay,321,-0.14641744548286603,-0.14011824724911437,0.006299198233751678,,,,
Shanghai,times_1.2,direction_magnitude_seed7,rain_delay_interaction,320,0.09375,-0.009125887710251846,-0.10287588771025184,,,,
Shanghai,times_1.2,direction_magnitude_seed7,fare,321,-0.059190031152647975,0.014334260581809784,0.07352429173445776,,,,
Shanghai,times_1.2,direction_magnitude_seed7,parking,321,-0.09345794392523364,-0.13255083811617344,-0.03909289419093979,,,,
Shanghai,times_1.2,direction_magnitude_seed7,road,321,-0.09345794392523364,-0.33210612224223457,-0.23864817831700094,,,,
Shanghai,times_1.2,direction_magnitude_seed7,walk_vs_wait,320,0.01875,-0.11235869645606726,-0.13110869645606726,,,,
Shanghai,times_1.2,direction_magnitude_seed7,transfer_vs_wait,321,0.024922118380062305,-0.16571552746833484,-0.19063764584839715,,,,
Shanghai,pt_wait_more,s9,rain,321,0.04672897196261682,0.019263568488051216,-0.02746540347456561,,,,
Shanghai,pt_wait_more,s9,delay,321,-0.14641744548286603,-0.09679476144749706,0.049622684035368986,,,,
Shanghai,pt_wait_more,s9,rain_delay_interaction,320,0.09375,-0.006710059405304491,-0.10046005940530449,,,,
Shanghai,pt_wait_more,s9,fare,321,-0.059190031152647975,0.0034751374378939656,0.06266516859054194,,,,
Shanghai,pt_wait_more,s9,parking,321,-0.09345794392523364,-0.16469064569013697,-0.07123270176490333,,,,
Shanghai,pt_wait_more,s9,road,321,-0.09345794392523364,-0.24700627982691858,-0.15354833590168493,,,,
Shanghai,pt_wait_more,s9,walk_vs_wait,320,0.01875,-0.04432187963684555,-0.06307187963684555,,,,
Shanghai,pt_wait_more,s9,transfer_vs_wait,321,0.024922118380062305,0.032812777790603605,0.007890659410541302,,,,
Shanghai,pt_wait_more,mnl_s,rain,321,0.04672897196261682,0.03133721797578604,-0.015391753986830776,,,,
Shanghai,pt_wait_more,mnl_s,delay,321,-0.14641744548286603,-0.07642792219669799,0.06998952328616806,,,,
Shanghai,pt_wait_more,mnl_s,rain_delay_interaction,320,0.09375,-0.005568801421211647,-0.09931880142121163,,,,
Shanghai,pt_wait_more,mnl_s,fare,321,-0.059190031152647975,-0.009167428688841305,0.05002260246380667,,,,
Shanghai,pt_wait_more,mnl_s,parking,321,-0.09345794392523364,-0.34272271506082647,-0.2492647711355928,,,,
Shanghai,pt_wait_more,mnl_s,road,321,-0.09345794392523364,-0.347976496980459,-0.25451855305522536,,,,
Shanghai,pt_wait_more,mnl_s,walk_vs_wait,320,0.01875,-0.050171611386664726,-0.06892161138666474,,,,
Shanghai,pt_wait_more,mnl_s,transfer_vs_wait,321,0.024922118380062305,-0.1338508747998584,-0.15877299317992075,,,,
Shanghai,pt_wait_more,soft_kl_seed42,rain,321,0.04672897196261682,0.04565027244737215,-0.0010786995152446712,,,,
Shanghai,pt_wait_more,soft_kl_seed42,delay,321,-0.14641744548286603,-0.11834664895805615,0.0280707965248099,,,,
Shanghai,pt_wait_more,soft_kl_seed42,rain_delay_interaction,320,0.09375,-0.012004310288466514,-0.10575431028846652,,,,
Shanghai,pt_wait_more,soft_kl_seed42,fare,321,-0.059190031152647975,-0.009433605217859381,0.049756425934788594,,,,
Shanghai,pt_wait_more,soft_kl_seed42,parking,321,-0.09345794392523364,-0.11853510726278073,-0.025077163337547087,,,,
Shanghai,pt_wait_more,soft_kl_seed42,road,321,-0.09345794392523364,-0.2218397889878148,-0.12838184506258118,,,,
Shanghai,pt_wait_more,soft_kl_seed42,walk_vs_wait,320,0.01875,0.015539059299044311,-0.003210940700955689,,,,
Shanghai,pt_wait_more,soft_kl_seed42,transfer_vs_wait,321,0.024922118380062305,-0.23979213403833805,-0.26471425241840035,,,,
Shanghai,pt_wait_more,soft_kl_seed2026,rain,321,0.04672897196261682,-0.02445446734673509,-0.0711834393093519,,,,
Shanghai,pt_wait_more,soft_kl_seed2026,delay,321,-0.14641744548286603,-0.1501917743887114,-0.003774328905845357,,,,
Shanghai,pt_wait_more,soft_kl_seed2026,rain_delay_interaction,320,0.09375,0.01881511318788398,-0.07493488681211602,,,,
Shanghai,pt_wait_more,soft_kl_seed2026,fare,321,-0.059190031152647975,-0.005574106798736477,0.0536159243539115,,,,
Shanghai,pt_wait_more,soft_kl_seed2026,parking,321,-0.09345794392523364,-0.11577957752523392,-0.02232163360000028,,,,
Shanghai,pt_wait_more,soft_kl_seed2026,road,321,-0.09345794392523364,-0.3330861552853451,-0.23962821136011142,,,,
Shanghai,pt_wait_more,soft_kl_seed2026,walk_vs_wait,320,0.01875,-0.07714746218989603,-0.09589746218989603,,,,
Shanghai,pt_wait_more,soft_kl_seed2026,transfer_vs_wait,321,0.024922118380062305,0.08432010033188207,0.05939798195181977,,,,
Shanghai,pt_wait_more,soft_kl_seed7,rain,321,0.04672897196261682,0.05130831268253356,0.0045793407199167385,,,,
Shanghai,pt_wait_more,soft_kl_seed7,delay,321,-0.14641744548286603,-0.1295002063858175,0.01691723909704856,,,,
Shanghai,pt_wait_more,soft_kl_seed7,rain_delay_interaction,320,0.09375,-0.019714084605220707,-0.1134640846052207,,,,
Shanghai,pt_wait_more,soft_kl_seed7,fare,321,-0.059190031152647975,0.02466281494154737,0.08385284609419534,,,,
Shanghai,pt_wait_more,soft_kl_seed7,parking,321,-0.09345794392523364,-0.10887196827157636,-0.01541402434634271,,,,
Shanghai,pt_wait_more,soft_kl_seed7,road,321,-0.09345794392523364,-0.2896140847830943,-0.19615614085786068,,,,
Shanghai,pt_wait_more,soft_kl_seed7,walk_vs_wait,320,0.01875,-0.1136883610044606,-0.1324383610044606,,,,
Shanghai,pt_wait_more,soft_kl_seed7,transfer_vs_wait,321,0.024922118380062305,-0.15452660379983554,-0.17944872217989785,,,,
Shanghai,pt_wait_more,ce_kl_seed42,rain,321,0.04672897196261682,0.05669498246313998,0.00996601050052316,,,,
Shanghai,pt_wait_more,ce_kl_seed42,delay,321,-0.14641744548286603,-0.11509044252254788,0.03132700296031816,,,,
Shanghai,pt_wait_more,ce_kl_seed42,rain_delay_interaction,320,0.09375,-0.022139123707893303,-0.11588912370789331,,,,
Shanghai,pt_wait_more,ce_kl_seed42,fare,321,-0.059190031152647975,-0.02332300603436161,0.035867025118286364,,,,
Shanghai,pt_wait_more,ce_kl_seed42,parking,321,-0.09345794392523364,-0.16039286003770115,-0.0669349161124675,,,,
Shanghai,pt_wait_more,ce_kl_seed42,road,321,-0.09345794392523364,-0.2537279719968451,-0.16027002807161148,,,,
Shanghai,pt_wait_more,ce_kl_seed42,walk_vs_wait,320,0.01875,0.02604159660404548,0.00729159660404548,,,,
Shanghai,pt_wait_more,ce_kl_seed42,transfer_vs_wait,321,0.024922118380062305,-0.17689315470499842,-0.20181527308506073,,,,
Shanghai,pt_wait_more,ce_kl_seed2026,rain,321,0.04672897196261682,-0.02854729122322668,-0.0752762631858435,,,,
Shanghai,pt_wait_more,ce_kl_seed2026,delay,321,-0.14641744548286603,-0.11148468162748394,0.034932763855382104,,,,
Shanghai,pt_wait_more,ce_kl_seed2026,rain_delay_interaction,320,0.09375,0.02392929742927663,-0.06982070257072337,,,,
Shanghai,pt_wait_more,ce_kl_seed2026,fare,321,-0.059190031152647975,-0.0044322653537227355,0.05475776579892524,,,,
Shanghai,pt_wait_more,ce_kl_seed2026,parking,321,-0.09345794392523364,-0.1217386681714162,-0.028280724246182547,,,,
Shanghai,pt_wait_more,ce_kl_seed2026,road,321,-0.09345794392523364,-0.27936402234797164,-0.185906078422738,,,,
Shanghai,pt_wait_more,ce_kl_seed2026,walk_vs_wait,320,0.01875,-0.060945998347597195,-0.07969599834759719,,,,
Shanghai,pt_wait_more,ce_kl_seed2026,transfer_vs_wait,321,0.024922118380062305,-0.04475067255328006,-0.06967279093334236,,,,
Shanghai,pt_wait_more,ce_kl_seed7,rain,321,0.04672897196261682,0.10382896113989881,0.057099989177281985,,,,
Shanghai,pt_wait_more,ce_kl_seed7,delay,321,-0.14641744548286603,-0.11470795475596393,0.03170949072690211,,,,
Shanghai,pt_wait_more,ce_kl_seed7,rain_delay_interaction,320,0.09375,-0.03212022919906303,-0.12587022919906304,,,,
Shanghai,pt_wait_more,ce_kl_seed7,fare,321,-0.059190031152647975,0.0030527118117638467,0.062242742964411825,,,,
Shanghai,pt_wait_more,ce_kl_seed7,parking,321,-0.09345794392523364,-0.16094125791037936,-0.06748331398514572,,,,
Shanghai,pt_wait_more,ce_kl_seed7,road,321,-0.09345794392523364,-0.2671686561685346,-0.17371071224330092,,,,
Shanghai,pt_wait_more,ce_kl_seed7,walk_vs_wait,320,0.01875,-0.10287790684378706,-0.12162790684378706,,,,
Shanghai,pt_wait_more,ce_kl_seed7,transfer_vs_wait,321,0.024922118380062305,-0.1610414147394422,-0.1859635331195045,,,,
Shanghai,pt_wait_more,signed_l1_seed42,rain,321,0.04672897196261682,0.051861878147934824,0.005132906185318005,,,,
Shanghai,pt_wait_more,signed_l1_seed42,delay,321,-0.14641744548286603,-0.11789228820540823,0.02852515727745781,,,,
Shanghai,pt_wait_more,signed_l1_seed42,rain_delay_interaction,320,0.09375,-0.007700851559638977,-0.10145085155963898,,,,
Shanghai,pt_wait_more,signed_l1_seed42,fare,321,-0.059190031152647975,-0.014944630318155912,0.04424540083449206,,,,
Shanghai,pt_wait_more,signed_l1_seed42,parking,321,-0.09345794392523364,-0.1629978239164917,-0.06953987999125805,,,,
Shanghai,pt_wait_more,signed_l1_seed42,road,321,-0.09345794392523364,-0.22144220140399962,-0.127984257478766,,,,
Shanghai,pt_wait_more,signed_l1_seed42,walk_vs_wait,320,0.01875,-0.007373250881209969,-0.02612325088120997,,,,
Shanghai,pt_wait_more,signed_l1_seed42,transfer_vs_wait,321,0.024922118380062305,-0.2728200793074809,-0.29774219768754323,,,,
Shanghai,pt_wait_more,signed_l1_seed2026,rain,321,0.04672897196261682,-0.02266322552136543,-0.06939219748398225,,,,
Shanghai,pt_wait_more,signed_l1_seed2026,delay,321,-0.14641744548286603,-0.1551645302512564,-0.008747084768390359,,,,
Shanghai,pt_wait_more,signed_l1_seed2026,rain_delay_interaction,320,0.09375,0.01716469096718356,-0.07658530903281643,,,,
Shanghai,pt_wait_more,signed_l1_seed2026,fare,321,-0.059190031152647975,-0.009578872576495197,0.04961115857615278,,,,
Shanghai,pt_wait_more,signed_l1_seed2026,parking,321,-0.09345794392523364,-0.1484038306173877,-0.054945886692154076,,,,
Shanghai,pt_wait_more,signed_l1_seed2026,road,321,-0.09345794392523364,-0.29902988074585285,-0.2055719368206192,,,,
Shanghai,pt_wait_more,signed_l1_seed2026,walk_vs_wait,320,0.01875,-0.09743249077000656,-0.11618249077000656,,,,
Shanghai,pt_wait_more,signed_l1_seed2026,transfer_vs_wait,321,0.024922118380062305,0.06872682980148592,0.043804711421423614,,,,
Shanghai,pt_wait_more,signed_l1_seed7,rain,321,0.04672897196261682,0.056566492674692395,0.009837520712075574,,,,
Shanghai,pt_wait_more,signed_l1_seed7,delay,321,-0.14641744548286603,-0.13131368324462311,0.015103762238242916,,,,
Shanghai,pt_wait_more,signed_l1_seed7,rain_delay_interaction,320,0.09375,-0.017887948016868903,-0.11163794801686891,,,,
Shanghai,pt_wait_more,signed_l1_seed7,fare,321,-0.059190031152647975,0.009847920794167622,0.0690379519468156,,,,
Shanghai,pt_wait_more,signed_l1_seed7,parking,321,-0.09345794392523364,-0.14868510653760947,-0.05522716261237581,,,,
Shanghai,pt_wait_more,signed_l1_seed7,road,321,-0.09345794392523364,-0.2914991372285231,-0.19804119330328945,,,,
Shanghai,pt_wait_more,signed_l1_seed7,walk_vs_wait,320,0.01875,-0.1158833185210824,-0.1346333185210824,,,,
Shanghai,pt_wait_more,signed_l1_seed7,transfer_vs_wait,321,0.024922118380062305,-0.16266761023864568,-0.18758972861870798,,,,
Shanghai,pt_wait_more,direction_magnitude_seed42,rain,321,0.04672897196261682,0.04343613367121539,-0.0032928382914014323,,,,
Shanghai,pt_wait_more,direction_magnitude_seed42,delay,321,-0.14641744548286603,-0.11622137079636256,0.030196074686503486,,,,
Shanghai,pt_wait_more,direction_magnitude_seed42,rain_delay_interaction,320,0.09375,-0.0006903956877067685,-0.09444039568770676,,,,
Shanghai,pt_wait_more,direction_magnitude_seed42,fare,321,-0.059190031152647975,-0.021781149891863732,0.037408881260784246,,,,
Shanghai,pt_wait_more,direction_magnitude_seed42,parking,321,-0.09345794392523364,-0.13633998170077244,-0.04288203777553879,,,,
Shanghai,pt_wait_more,direction_magnitude_seed42,road,321,-0.09345794392523364,-0.21480414227254666,-0.12134619834731301,,,,
Shanghai,pt_wait_more,direction_magnitude_seed42,walk_vs_wait,320,0.01875,0.021207829751074315,0.002457829751074314,,,,
Shanghai,pt_wait_more,direction_magnitude_seed42,transfer_vs_wait,321,0.024922118380062305,-0.24077277164035868,-0.265694890020421,,,,
Shanghai,pt_wait_more,direction_magnitude_seed2026,rain,321,0.04672897196261682,-0.01815700447447946,-0.06488597643709629,,,,
Shanghai,pt_wait_more,direction_magnitude_seed2026,delay,321,-0.14641744548286603,-0.14176760731711752,0.004649838165748528,,,,
Shanghai,pt_wait_more,direction_magnitude_seed2026,rain_delay_interaction,320,0.09375,0.0116001808346482,-0.0821498191653518,,,,
Shanghai,pt_wait_more,direction_magnitude_seed2026,fare,321,-0.059190031152647975,-0.008354608352496245,0.05083542280015173,,,,
Shanghai,pt_wait_more,direction_magnitude_seed2026,parking,321,-0.09345794392523364,-0.15266304734711336,-0.05920510342187971,,,,
Shanghai,pt_wait_more,direction_magnitude_seed2026,road,321,-0.09345794392523364,-0.29888511936519746,-0.20542717543996383,,,,
Shanghai,pt_wait_more,direction_magnitude_seed2026,walk_vs_wait,320,0.01875,-0.08249290174571797,-0.10124290174571797,,,,
Shanghai,pt_wait_more,direction_magnitude_seed2026,transfer_vs_wait,321,0.024922118380062305,0.1559166882964681,0.1309945699164058,,,,
Shanghai,pt_wait_more,direction_magnitude_seed7,rain,321,0.04672897196261682,0.05501162557865601,0.00828265361603918,,,,
Shanghai,pt_wait_more,direction_magnitude_seed7,delay,321,-0.14641744548286603,-0.13128089507885068,0.01513655040401536,,,,
Shanghai,pt_wait_more,direction_magnitude_seed7,rain_delay_interaction,320,0.09375,-0.019950976804830135,-0.11370097680483013,,,,
Shanghai,pt_wait_more,direction_magnitude_seed7,fare,321,-0.059190031152647975,0.009766815328895118,0.0689568464815431,,,,
Shanghai,pt_wait_more,direction_magnitude_seed7,parking,321,-0.09345794392523364,-0.1199024398100339,-0.026444495884800256,,,,
Shanghai,pt_wait_more,direction_magnitude_seed7,road,321,-0.09345794392523364,-0.26463046218515185,-0.1711725182599182,,,,
Shanghai,pt_wait_more,direction_magnitude_seed7,walk_vs_wait,320,0.01875,-0.12570002961438148,-0.1444500296143815,,,,
Shanghai,pt_wait_more,direction_magnitude_seed7,transfer_vs_wait,321,0.024922118380062305,-0.17111183880506275,-0.19603395718512506,,,,
Shanghai,pt_walk_more,s9,rain,321,0.04672897196261682,0.019822742505654738,-0.026906229456962083,,,,
Shanghai,pt_walk_more,s9,delay,321,-0.14641744548286603,-0.06519208953576598,0.08122535594710006,,,,
Shanghai,pt_walk_more,s9,rain_delay_interaction,320,0.09375,-0.008185515722288983,-0.10193551572228898,,,,
Shanghai,pt_walk_more,s9,fare,321,-0.059190031152647975,0.005278361891613942,0.06446839304426191,,,,
Shanghai,pt_walk_more,s9,parking,321,-0.09345794392523364,-0.1694875894479941,-0.07602964552276045,,,,
Shanghai,pt_walk_more,s9,road,321,-0.09345794392523364,-0.2551215170604116,-0.16166357313517796,,,,
Shanghai,pt_walk_more,s9,walk_vs_wait,320,0.01875,-0.03012088785180822,-0.04887088785180822,,,,
Shanghai,pt_walk_more,s9,transfer_vs_wait,321,0.024922118380062305,0.05697440322941152,0.03205228484934921,,,,
Shanghai,pt_walk_more,mnl_s,rain,321,0.04672897196261682,0.029459175611296576,-0.017269796351320244,,,,
Shanghai,pt_walk_more,mnl_s,delay,321,-0.14641744548286603,-0.07464077631506502,0.07177666916780102,,,,
Shanghai,pt_walk_more,mnl_s,rain_delay_interaction,320,0.09375,-0.005269464500182401,-0.09901946450018241,,,,
Shanghai,pt_walk_more,mnl_s,fare,321,-0.059190031152647975,-0.00900680072275716,0.0501832304298908,,,,
Shanghai,pt_walk_more,mnl_s,parking,321,-0.09345794392523364,-0.3458099418429353,-0.2523519979177017,,,,
Shanghai,pt_walk_more,mnl_s,road,321,-0.09345794392523364,-0.35131106682792185,-0.2578531229026882,,,,
Shanghai,pt_walk_more,mnl_s,walk_vs_wait,320,0.01875,-0.049215168732949885,-0.06796516873294987,,,,
Shanghai,pt_walk_more,mnl_s,transfer_vs_wait,321,0.024922118380062305,-0.13070627107427166,-0.15562838945433397,,,,
Shanghai,pt_walk_more,soft_kl_seed42,rain,321,0.04672897196261682,0.04885241681727293,0.0021234448546561123,,,,
Shanghai,pt_walk_more,soft_kl_seed42,delay,321,-0.14641744548286603,-0.10866133659799522,0.03775610888487082,,,,
Shanghai,pt_walk_more,soft_kl_seed42,rain_delay_interaction,320,0.09375,-0.009580223844386638,-0.10333022384438664,,,,
Shanghai,pt_walk_more,soft_kl_seed42,fare,321,-0.059190031152647975,-0.007715441054458559,0.051474590098189416,,,,
Shanghai,pt_walk_more,soft_kl_seed42,parking,321,-0.09345794392523364,-0.11723295406574773,-0.023775010140514075,,,,
Shanghai,pt_walk_more,soft_kl_seed42,road,321,-0.09345794392523364,-0.21826508671416672,-0.12480714278893307,,,,
Shanghai,pt_walk_more,soft_kl_seed42,walk_vs_wait,320,0.01875,0.03006554925814271,0.01131554925814271,,,,
Shanghai,pt_walk_more,soft_kl_seed42,transfer_vs_wait,321,0.024922118380062305,-0.24479684309099695,-0.2697189614710592,,,,
Shanghai,pt_walk_more,soft_kl_seed2026,rain,321,0.04672897196261682,-0.023406166397615384,-0.0701351383602322,,,,
Shanghai,pt_walk_more,soft_kl_seed2026,delay,321,-0.14641744548286603,-0.14475630986507157,0.0016611356177944632,,,,
Shanghai,pt_walk_more,soft_kl_seed2026,rain_delay_interaction,320,0.09375,0.01799583663523663,-0.07575416336476337,,,,
Shanghai,pt_walk_more,soft_kl_seed2026,fare,321,-0.059190031152647975,-0.004630434793939472,0.0545595963587085,,,,
Shanghai,pt_walk_more,soft_kl_seed2026,parking,321,-0.09345794392523364,-0.11592366934008316,-0.022465725414849515,,,,
Shanghai,pt_walk_more,soft_kl_seed2026,road,321,-0.09345794392523364,-0.3340127883577644,-0.24055484443253075,,,,
Shanghai,pt_walk_more,soft_kl_seed2026,walk_vs_wait,320,0.01875,-0.08226019560243003,-0.10101019560243003,,,,
Shanghai,pt_walk_more,soft_kl_seed2026,transfer_vs_wait,321,0.024922118380062305,0.07555273483939631,0.050630616459334005,,,,
Shanghai,pt_walk_more,soft_kl_seed7,rain,321,0.04672897196261682,0.047985715588490914,0.0012567436258740885,,,,
Shanghai,pt_walk_more,soft_kl_seed7,delay,321,-0.14641744548286603,-0.10527445832006285,0.04114298716280319,,,,
Shanghai,pt_walk_more,soft_kl_seed7,rain_delay_interaction,320,0.09375,-0.01225125229684636,-0.10600125229684636,,,,
Shanghai,pt_walk_more,soft_kl_seed7,fare,321,-0.059190031152647975,0.023475015878306,0.08266504703095398,,,,
Shanghai,pt_walk_more,soft_kl_seed7,parking,321,-0.09345794392523364,-0.10989289510287228,-0.01643495117763864,,,,
Shanghai,pt_walk_more,soft_kl_seed7,road,321,-0.09345794392523364,-0.29442770918396033,-0.20096976525872667,,,,
Shanghai,pt_walk_more,soft_kl_seed7,walk_vs_wait,320,0.01875,-0.1019767937483266,-0.1207267937483266,,,,
Shanghai,pt_walk_more,soft_kl_seed7,transfer_vs_wait,321,0.024922118380062305,-0.12826150757872798,-0.1531836259587903,,,,
Shanghai,pt_walk_more,ce_kl_seed42,rain,321,0.04672897196261682,0.06586416316366642,0.01913519120104959,,,,
Shanghai,pt_walk_more,ce_kl_seed42,delay,321,-0.14641744548286603,-0.11634760356952097,0.030069841913345077,,,,
Shanghai,pt_walk_more,ce_kl_seed42,rain_delay_interaction,320,0.09375,-0.019717693934217094,-0.1134676939342171,,,,
Shanghai,pt_walk_more,ce_kl_seed42,fare,321,-0.059190031152647975,-0.026364590549069773,0.0328254406035782,,,,
Shanghai,pt_walk_more,ce_kl_seed42,parking,321,-0.09345794392523364,-0.16393230776549128,-0.07047436384025764,,,,
Shanghai,pt_walk_more,ce_kl_seed42,road,321,-0.09345794392523364,-0.2500149606381807,-0.15655701671294706,,,,
Shanghai,pt_walk_more,ce_kl_seed42,walk_vs_wait,320,0.01875,0.04661614318029024,0.027866143180290237,,,,
Shanghai,pt_walk_more,ce_kl_seed42,transfer_vs_wait,321,0.024922118380062305,-0.20670281507755192,-0.23162493345761423,,,,
Shanghai,pt_walk_more,ce_kl_seed2026,rain,321,0.04672897196261682,-0.027940908487526426,-0.07466988045014325,,,,
Shanghai,pt_walk_more,ce_kl_seed2026,delay,321,-0.14641744548286603,-0.11133854593820522,0.03507889954466083,,,,
Shanghai,pt_walk_more,ce_kl_seed2026,rain_delay_interaction,320,0.09375,0.02357997939980123,-0.07017002060019877,,,,
Shanghai,pt_walk_more,ce_kl_seed2026,fare,321,-0.059190031152647975,-0.0021785916963656,0.05701143945628238,,,,
Shanghai,pt_walk_more,ce_kl_seed2026,parking,321,-0.09345794392523364,-0.12120392561144547,-0.02774598168621182,,,,
Shanghai,pt_walk_more,ce_kl_seed2026,road,321,-0.09345794392523364,-0.27934082383957237,-0.18588287991433872,,,,
Shanghai,pt_walk_more,ce_kl_seed2026,walk_vs_wait,320,0.01875,-0.06023640026978683,-0.07898640026978683,,,,
Shanghai,pt_walk_more,ce_kl_seed2026,transfer_vs_wait,321,0.024922118380062305,-0.04546541462991839,-0.0703875330099807,,,,
Shanghai,pt_walk_more,ce_kl_seed7,rain,321,0.04672897196261682,0.09958491940921713,0.0528559474466003,,,,
Shanghai,pt_walk_more,ce_kl_seed7,delay,321,-0.14641744548286603,-0.1016394215348725,0.044778023947993545,,,,
Shanghai,pt_walk_more,ce_kl_seed7,rain_delay_interaction,320,0.09375,-0.02888765276875347,-0.12263765276875346,,,,
Shanghai,pt_walk_more,ce_kl_seed7,fare,321,-0.059190031152647975,0.0035085966491439262,0.0626986278017919,,,,
Shanghai,pt_walk_more,ce_kl_seed7,parking,321,-0.09345794392523364,-0.16401548595443322,-0.07055754202919957,,,,
Shanghai,pt_walk_more,ce_kl_seed7,road,321,-0.09345794392523364,-0.2733805223050414,-0.17992257837980777,,,,
Shanghai,pt_walk_more,ce_kl_seed7,walk_vs_wait,320,0.01875,-0.09440765067993198,-0.11315765067993197,,,,
Shanghai,pt_walk_more,ce_kl_seed7,transfer_vs_wait,321,0.024922118380062305,-0.14195640652942415,-0.16687852490948646,,,,
Shanghai,pt_walk_more,signed_l1_seed42,rain,321,0.04672897196261682,0.05537440790287059,0.008645435940253772,,,,
Shanghai,pt_walk_more,signed_l1_seed42,delay,321,-0.14641744548286603,-0.11407570095262795,0.032341744530238095,,,,
Shanghai,pt_walk_more,signed_l1_seed42,rain_delay_interaction,320,0.09375,-0.0046985597582533956,-0.0984485597582534,,,,
Shanghai,pt_walk_more,signed_l1_seed42,fare,321,-0.059190031152647975,-0.016430951863805825,0.04275907928884215,,,,
Shanghai,pt_walk_more,signed_l1_seed42,parking,321,-0.09345794392523364,-0.16039248716051333,-0.06693454323527968,,,,
Shanghai,pt_walk_more,signed_l1_seed42,road,321,-0.09345794392523364,-0.21811618704662145,-0.1246582431213878,,,,
Shanghai,pt_walk_more,signed_l1_seed42,walk_vs_wait,320,0.01875,0.0034775856882333757,-0.015272414311766624,,,,
Shanghai,pt_walk_more,signed_l1_seed42,transfer_vs_wait,321,0.024922118380062305,-0.2756024731883077,-0.30052459156837,,,,
Shanghai,pt_walk_more,signed_l1_seed2026,rain,321,0.04672897196261682,-0.02194123854425466,-0.06867021050687148,,,,
Shanghai,pt_walk_more,signed_l1_seed2026,delay,321,-0.14641744548286603,-0.14691494046957043,-0.0004974949867043911,,,,
Shanghai,pt_walk_more,signed_l1_seed2026,rain_delay_interaction,320,0.09375,0.016565491110668518,-0.07718450888933148,,,,
Shanghai,pt_walk_more,signed_l1_seed2026,fare,321,-0.059190031152647975,-0.009484274922130264,0.04970575623051771,,,,
Shanghai,pt_walk_more,signed_l1_seed2026,parking,321,-0.09345794392523364,-0.14892059601727303,-0.0554626520920394,,,,
Shanghai,pt_walk_more,signed_l1_seed2026,road,321,-0.09345794392523364,-0.3010418704272802,-0.20758392650204655,,,,
Shanghai,pt_walk_more,signed_l1_seed2026,walk_vs_wait,320,0.01875,-0.0952996670268476,-0.1140496670268476,,,,
Shanghai,pt_walk_more,signed_l1_seed2026,transfer_vs_wait,321,0.024922118380062305,0.06438358870807838,0.03946147032801607,,,,
Shanghai,pt_walk_more,signed_l1_seed7,rain,321,0.04672897196261682,0.054346564959885546,0.0076175929972687245,,,,
Shanghai,pt_walk_more,signed_l1_seed7,delay,321,-0.14641744548286603,-0.11596766717708742,0.03044977830577862,,,,
Shanghai,pt_walk_more,signed_l1_seed7,rain_delay_interaction,320,0.09375,-0.012373198987916112,-0.10612319898791611,,,,
Shanghai,pt_walk_more,signed_l1_seed7,fare,321,-0.059190031152647975,0.009489530413135933,0.0686795615657839,,,,
Shanghai,pt_walk_more,signed_l1_seed7,parking,321,-0.09345794392523364,-0.15074361763267874,-0.05728567370744509,,,,
Shanghai,pt_walk_more,signed_l1_seed7,road,321,-0.09345794392523364,-0.29616684701026785,-0.20270890308503423,,,,
Shanghai,pt_walk_more,signed_l1_seed7,walk_vs_wait,320,0.01875,-0.10708177860360593,-0.12583177860360592,,,,
Shanghai,pt_walk_more,signed_l1_seed7,transfer_vs_wait,321,0.024922118380062305,-0.13911405219652942,-0.16403617057659173,,,,
Shanghai,pt_walk_more,direction_magnitude_seed42,rain,321,0.04672897196261682,0.04669843386638202,-3.053809623480586e-05,,,,
Shanghai,pt_walk_more,direction_magnitude_seed42,delay,321,-0.14641744548286603,-0.10638885441413179,0.040028591068734264,,,,
Shanghai,pt_walk_more,direction_magnitude_seed42,rain_delay_interaction,320,0.09375,0.001987700443714857,-0.09176229955628515,,,,
Shanghai,pt_walk_more,direction_magnitude_seed42,fare,321,-0.059190031152647975,-0.02270240981909345,0.03648762133355453,,,,
Shanghai,pt_walk_more,direction_magnitude_seed42,parking,321,-0.09345794392523364,-0.13347720190000684,-0.04001925797477318,,,,
Shanghai,pt_walk_more,direction_magnitude_seed42,road,321,-0.09345794392523364,-0.2112904931200999,-0.11783254919486626,,,,
Shanghai,pt_walk_more,direction_magnitude_seed42,walk_vs_wait,320,0.01875,0.03154815542511642,0.01279815542511642,,,,
Shanghai,pt_walk_more,direction_magnitude_seed42,transfer_vs_wait,321,0.024922118380062305,-0.24765760334051937,-0.27257972172058165,,,,
Shanghai,pt_walk_more,direction_magnitude_seed2026,rain,321,0.04672897196261682,-0.017397988506381013,-0.06412696046899784,,,,
Shanghai,pt_walk_more,direction_magnitude_seed2026,delay,321,-0.14641744548286603,-0.1438681189829594,0.0025493264999066558,,,,
Shanghai,pt_walk_more,direction_magnitude_seed2026,rain_delay_interaction,320,0.09375,0.011011992709245532,-0.08273800729075446,,,,
Shanghai,pt_walk_more,direction_magnitude_seed2026,fare,321,-0.059190031152647975,-0.007636616627375285,0.05155341452527269,,,,
Shanghai,pt_walk_more,direction_magnitude_seed2026,parking,321,-0.09345794392523364,-0.15273297227617366,-0.05927502835094001,,,,
Shanghai,pt_walk_more,direction_magnitude_seed2026,road,321,-0.09345794392523364,-0.2981338936174027,-0.2046759496921691,,,,
Shanghai,pt_walk_more,direction_magnitude_seed2026,walk_vs_wait,320,0.01875,-0.08814119572052732,-0.10689119572052733,,,,
Shanghai,pt_walk_more,direction_magnitude_seed2026,transfer_vs_wait,321,0.024922118380062305,0.15817715180022324,0.13325503342016093,,,,
Shanghai,pt_walk_more,direction_magnitude_seed7,rain,321,0.04672897196261682,0.0521096747101653,0.005380702747548481,,,,
Shanghai,pt_walk_more,direction_magnitude_seed7,delay,321,-0.14641744548286603,-0.10933138625667288,0.03708605922619316,,,,
Shanghai,pt_walk_more,direction_magnitude_seed7,rain_delay_interaction,320,0.09375,-0.013079382601426914,-0.10682938260142691,,,,
Shanghai,pt_walk_more,direction_magnitude_seed7,fare,321,-0.059190031152647975,0.010163099966316579,0.06935313111896456,,,,
Shanghai,pt_walk_more,direction_magnitude_seed7,parking,321,-0.09345794392523364,-0.12278873141495238,-0.02933078748971874,,,,
Shanghai,pt_walk_more,direction_magnitude_seed7,road,321,-0.09345794392523364,-0.27113188352911644,-0.17767393960388278,,,,
Shanghai,pt_walk_more,direction_magnitude_seed7,walk_vs_wait,320,0.01875,-0.11261247961083427,-0.13136247961083428,,,,
Shanghai,pt_walk_more,direction_magnitude_seed7,transfer_vs_wait,321,0.024922118380062305,-0.14051573182749227,-0.16543785020755458,,,,
