city,profile,model,metric,mean,ci95,ci_family,n
Singapore,taxi_for_all,s9,accuracy,0.0,"[0.0, 0.0]","[0.0, 0.0]",332
Singapore,taxi_for_all,s9,brier,0.002565363276812718,"[0.0020435842408199813, 0.0030973908725808706]","[0.0018978014135318452, 0.0032787226832737873]",332
Singapore,taxi_for_all,s9,nll_clipped,0.005358521440723248,"[0.004278270688106594, 0.006489741649026661]","[0.00394739713748084, 0.006884954517756998]",332
Singapore,taxi_for_all,s9,pt_probability,-0.0018157219048589468,"[-0.0021002712542701695, -0.0015390207787066789]","[-0.002199914901340605, -0.0014452191415938538]",332
Singapore,taxi_for_all,s9,response_accessibility,0.0009599899906799736,"[0.0008127366902351559, 0.0011125290513891411]","[0.0007628848915358624, 0.0011611966433631906]",332
Singapore,taxi_for_all,s9,response_weather,0.00048498247177845025,"[0.00037955209747495423, 0.000592031740830336]","[0.00034478899602026464, 0.000626273700372731]",332
Singapore,taxi_for_all,s9,response_fare,-0.0002147087221404156,"[-0.0002607363500598683, -0.00017115232893770717]","[-0.0002768760653639055, -0.00015882066462233847]",332
Singapore,taxi_for_all,s9,response_transit_delay,0.001623963162931333,"[0.0013630304585143652, 0.0019026970204684029]","[0.0012820446951011847, 0.001995566097054496]",332
Singapore,taxi_for_all,s9,response_roadworks,0.00030812006219323857,"[-4.373056791633008e-05, 0.0006587223037628525]","[-0.0001602842488202704, 0.0007670505156359022]",332
Singapore,taxi_for_all,mnl_s,accuracy,-0.00783132530120482,"[-0.014759036144578314, -0.0009036144578313257]","[-0.016867469879518072, 0.0012063253012045791]",332
Singapore,taxi_for_all,mnl_s,brier,0.0034197606287049587,"[-9.555236881387947e-05, 0.006960161429379782]","[-0.0012203586738859296, 0.008069036937411228]",332
Singapore,taxi_for_all,mnl_s,nll_clipped,0.0037143849493379124,"[-0.0005183655284122993, 0.007978736730306532]","[-0.0019214445380853061, 0.009233570575171046]",332
Singapore,taxi_for_all,mnl_s,pt_probability,0.02419707441398887,"[0.02063136684230538, 0.027913026980316637]","[0.01939464471623874, 0.029136666240598165]",332
Singapore,taxi_for_all,mnl_s,response_accessibility,0.0018505375512565584,"[0.0008446651322433234, 0.0028458790229376357]","[0.000508647847248478, 0.003136978139470874]",332
Singapore,taxi_for_all,mnl_s,response_weather,-0.0013203767814705366,"[-0.0015883436789048317, -0.001069973264341224]","[-0.0016879245697815476, -0.0009978414619907516]",332
Singapore,taxi_for_all,mnl_s,response_fare,-0.00044635082875718374,"[-0.0005213145691768039, -0.0003742563332024606]","[-0.0005484834221447928, -0.000350911060861935]",332
Singapore,taxi_for_all,mnl_s,response_transit_delay,5.42624950755538e-05,"[-0.0009161371730330806, 0.0010397216838416979]","[-0.0012559744443777223, 0.0013749406526098909]",332
Singapore,taxi_for_all,mnl_s,response_roadworks,-0.0016037793726079391,"[-0.002328180333545988, -0.0008852950872918257]","[-0.002543139743741183, -0.0006479083235812535]",332
Singapore,taxi_for_all,soft_kl_seed42,accuracy,-0.0024096385542168677,"[-0.004518072289156626, -0.0006024096385542169]","[-0.005421686746987952, 0.0]",332
Singapore,taxi_for_all,soft_kl_seed42,brier,-0.0025815341193863367,"[-0.003391152003310311, -0.0017880538700047216]","[-0.00367306579791167, -0.0015632823493372191]",332
Singapore,taxi_for_all,soft_kl_seed42,nll_clipped,-0.0032548760975703154,"[-0.004358995226746869, -0.002182428526150111]","[-0.00473827820201533, -0.0018647621121048814]",332
Singapore,taxi_for_all,soft_kl_seed42,pt_probability,0.003760352617421423,"[0.0031648732776506745, 0.00438564353636522]","[0.002970156884219228, 0.0045985017391538836]",332
Singapore,taxi_for_all,soft_kl_seed42,response_accessibility,-0.002807468736925757,"[-0.003255762079315462, -0.0023755264838775957]","[-0.0034151577372216134, -0.0022341399379523412]",332
Singapore,taxi_for_all,soft_kl_seed42,response_weather,-0.0005052916772932891,"[-0.0006285114244681346, -0.0003934789140405784]","[-0.0006663369594972177, -0.0003607737958565894]",332
Singapore,taxi_for_all,soft_kl_seed42,response_fare,-3.6121649016816935e-05,"[-0.00013324360879340085, 6.194696256733803e-05]","[-0.00016069342752537095, 9.609517181314617e-05]",332
Singapore,taxi_for_all,soft_kl_seed42,response_transit_delay,-0.0005412723711994758,"[-0.0007028645266363598, -0.00038526344775076377]","[-0.0007590766362172652, -0.0003393366195104396]",332
Singapore,taxi_for_all,soft_kl_seed42,response_roadworks,0.0007047824651361948,"[0.00037200040217623653, 0.0010627151253711745]","[0.0002742327107902033, 0.0011812090999390684]",332
Singapore,taxi_for_all,soft_kl_seed2026,accuracy,0.00030120481927710846,"[-0.0009036144578313254, 0.0015060240963855425]","[-0.0015060240963855422, 0.002108433734939759]",332
Singapore,taxi_for_all,soft_kl_seed2026,brier,-0.0002410641621065539,"[-0.00036377737451799596, -0.00012533338695310935]","[-0.0004044069749182322, -8.942271028716948e-05]",332
Singapore,taxi_for_all,soft_kl_seed2026,nll_clipped,-0.0002867259988360471,"[-0.00045339712595751213, -0.0001303308312451321]","[-0.0005066053472751774, -8.143266845530457e-05]",332
Singapore,taxi_for_all,soft_kl_seed2026,pt_probability,0.0004291232877287519,"[0.0002989958024847444, 0.000566856755457078]","[0.0002594941488175417, 0.0006088885290166697]",332
Singapore,taxi_for_all,soft_kl_seed2026,response_accessibility,-6.18517578366291e-05,"[-0.00012489833703533892, -6.016017027558347e-07]","[-0.00014492428076105665, 1.881723252899297e-05]",332
Singapore,taxi_for_all,soft_kl_seed2026,response_weather,0.00011101340403757899,"[7.028267606644027e-05, 0.00015391888018383314]","[5.7076117562421834e-05, 0.00016880340223391366]",332
Singapore,taxi_for_all,soft_kl_seed2026,response_fare,7.197310227945626e-05,"[1.81494185319507e-05, 0.00012480841545634957]","[5.315618971026125e-08, 0.0001412744765136255]",332
Singapore,taxi_for_all,soft_kl_seed2026,response_transit_delay,-0.0005868000977010612,"[-0.0007330348516017737, -0.00044907494363969713]","[-0.0007790645164807877, -0.0004074395127616916]",332
Singapore,taxi_for_all,soft_kl_seed2026,response_roadworks,-0.00037695256521902887,"[-0.0005630765648850475, -0.00019906098471887145]","[-0.0006244691064110003, -0.00014928710478616055]",332
Singapore,taxi_for_all,soft_kl_seed7,accuracy,-0.0015060240963855422,"[-0.003313253012048193, -0.00030120481927710846]","[-0.00391566265060241, 0.0]",332
Singapore,taxi_for_all,soft_kl_seed7,brier,0.00230409782657379,"[0.0015257266870843291, 0.0031347362323243468]","[0.001305025288242247, 0.0034407045962781945]",332
Singapore,taxi_for_all,soft_kl_seed7,nll_clipped,0.0039421744701351865,"[0.00262400480247248, 0.005399293603386501]","[0.00225971809026099, 0.0058894096415559255]",332
Singapore,taxi_for_all,soft_kl_seed7,pt_probability,-0.0032271586885922647,"[-0.0037217703849885112, -0.0027399152594741925]","[-0.003892463256865852, -0.002571077001323161]",332
Singapore,taxi_for_all,soft_kl_seed7,response_accessibility,-0.0024040313100958445,"[-0.002829866446498557, -0.001992408973613687]","[-0.0029602284322167377, -0.0018583653994039247]",332
Singapore,taxi_for_all,soft_kl_seed7,response_weather,0.0014283675139388405,"[0.0011181108064455799, 0.0017605121971209004]","[0.0010232567608199385, 0.0018770561078338915]",332
Singapore,taxi_for_all,soft_kl_seed7,response_fare,-0.0002566345641950527,"[-0.0003704951731039278, -0.00014080982907753762]","[-0.00040857300296964414, -0.00010732364936182007]",332
Singapore,taxi_for_all,soft_kl_seed7,response_transit_delay,-0.0010423013065234724,"[-0.001279101377571877, -0.0008152193201885346]","[-0.0013624407429281757, -0.0007391055502805366]",332
Singapore,taxi_for_all,soft_kl_seed7,response_roadworks,6.435856402638447e-05,"[-0.00039782742913587984, 0.0005077651600880794]","[-0.0005573285245392696, 0.0006406025669301836]",332
Singapore,taxi_for_all,ce_kl_seed42,accuracy,-0.0006024096385542169,"[-0.0018072289156626509, 0.0]","[-0.0024096385542168677, 0.0]",332
Singapore,taxi_for_all,ce_kl_seed42,brier,-0.0015062384456137994,"[-0.0019777171391768367, -0.0010498620344605416]","[-0.0021190891009720296, -0.0009279612434364315]",332
Singapore,taxi_for_all,ce_kl_seed42,nll_clipped,-0.001981947461816432,"[-0.0028692636608334834, -0.0011043974622196476]","[-0.0031356974681726775, -0.0007894796981759637]",332
Singapore,taxi_for_all,ce_kl_seed42,pt_probability,0.0012821279597996047,"[0.0010003471775688734, 0.001580572147285271]","[0.0009084088606090169, 0.001676461189190004]",332
Singapore,taxi_for_all,ce_kl_seed42,response_accessibility,-0.0020492174550442092,"[-0.002478014431029126, -0.001644242357137243]","[-0.0026093431460392008, -0.0015124579106320084]",332
Singapore,taxi_for_all,ce_kl_seed42,response_weather,-0.0004309820690113737,"[-0.0006331746763106526, -0.0002591902609628412]","[-0.0007046163019707359, -0.0002123546299485333]",332
Singapore,taxi_for_all,ce_kl_seed42,response_fare,9.414401040019759e-05,"[-5.4988945015223616e-05, 0.0002480230630790612]","[-9.702533057116601e-05, 0.00029768851361271106]",332
Singapore,taxi_for_all,ce_kl_seed42,response_transit_delay,0.00013448023910533232,"[6.541151767989328e-05, 0.0002085385320943791]","[4.538119861755116e-05, 0.0002370599601473881]",332
Singapore,taxi_for_all,ce_kl_seed42,response_roadworks,4.736953471080366e-05,"[-0.0002863613058285541, 0.00039094558367169026]","[-0.00039123637085578526, 0.0004969623056520871]",332
Singapore,taxi_for_all,ce_kl_seed2026,accuracy,0.0,"[0.0, 0.0]","[0.0, 0.0]",332
Singapore,taxi_for_all,ce_kl_seed2026,brier,-3.6235409020515375e-05,"[-0.00020164403542942682, 0.0001434265355811915]","[-0.00025055776008443955, 0.0002093520110369256]",332
Singapore,taxi_for_all,ce_kl_seed2026,nll_clipped,-7.684123742245345e-07,"[-0.0003905132450065093, 0.0004242949632451204]","[-0.0005159608496714815, 0.0005797177357449198]",332
Singapore,taxi_for_all,ce_kl_seed2026,pt_probability,-2.528298281537122e-05,"[-0.00010733034233815117, 5.056998931595222e-05]","[-0.00013656342245150268, 7.405504023835771e-05]",332
Singapore,taxi_for_all,ce_kl_seed2026,response_accessibility,0.00033484779421733804,"[0.0002514103931060667, 0.00042317130165286807]","[0.00022965428265125817, 0.00045621879264173696]",332
Singapore,taxi_for_all,ce_kl_seed2026,response_weather,-0.00013782283156571617,"[-0.00024062791146360428, -5.039361386885306e-05]","[-0.00027663526632991365, -2.7990016570113067e-05]",332
Singapore,taxi_for_all,ce_kl_seed2026,response_fare,4.224086472068925e-05,"[2.5802078735397523e-05, 5.776339592075492e-05]","[2.0337945905076453e-05, 6.21108612023203e-05]",332
Singapore,taxi_for_all,ce_kl_seed2026,response_transit_delay,-0.00018271327534892472,"[-0.0002168992201864989, -0.00014981937072946726]","[-0.00022900092294888505, -0.00013933420147612164]",332
Singapore,taxi_for_all,ce_kl_seed2026,response_roadworks,0.00022692417344415044,"[9.255648018365883e-05, 0.00036453530416790254]","[5.3508391671152003e-05, 0.0004071849690054538]",332
Singapore,taxi_for_all,ce_kl_seed7,accuracy,0.0006024096385542169,"[0.0, 0.0018072289156626509]","[0.0, 0.0024096385542168677]",332
Singapore,taxi_for_all,ce_kl_seed7,brier,0.0002704809355888479,"[-7.817135715058552e-05, 0.0006303519277157496]","[-0.00020152484283701596, 0.0007403830519005081]",332
Singapore,taxi_for_all,ce_kl_seed7,nll_clipped,0.0010409240823071567,"[0.0003160314257492659, 0.001814985339379748]","[0.00010432475420729785, 0.002067112982322218]",332
Singapore,taxi_for_all,ce_kl_seed7,pt_probability,-2.410296401210936e-05,"[-0.00020053086326883945, 0.00015962077224071709]","[-0.0002588458391122453, 0.00021250923729854997]",332
Singapore,taxi_for_all,ce_kl_seed7,response_accessibility,1.64113961249949e-05,"[-4.84335382121155e-05, 7.79531377154481e-05]","[-6.951181661247848e-05, 9.380534897188097e-05]",332
Singapore,taxi_for_all,ce_kl_seed7,response_weather,0.0013178320018103324,"[0.001064810110957373, 0.0015878526756192097]","[0.0009837854210377097, 0.0016636476392509866]",332
Singapore,taxi_for_all,ce_kl_seed7,response_fare,0.00025081232818494363,"[0.00014547119365937737, 0.00035753113284976354]","[0.00011487721998513822, 0.00039054625252463724]",332
Singapore,taxi_for_all,ce_kl_seed7,response_transit_delay,-0.001380626496533493,"[-0.0017003484625027078, -0.0010844021097964507]","[-0.0018099135110093032, -0.000999947960294941]",332
Singapore,taxi_for_all,ce_kl_seed7,response_roadworks,-0.002075173005641225,"[-0.0026994728371052138, -0.00148314075342503]","[-0.0028991332991295552, -0.0013203137973884522]",332
Singapore,taxi_for_all,signed_l1_seed42,accuracy,0.0,"[0.0, 0.0]","[0.0, 0.0]",332
Singapore,taxi_for_all,signed_l1_seed42,brier,-0.003887835741112136,"[-0.004819277692608791, -0.0030032946790413545]","[-0.0051345303965681, -0.002712959349329941]",332
Singapore,taxi_for_all,signed_l1_seed42,nll_clipped,-0.005559913057047627,"[-0.006976415103767721, -0.0042266779228871945]","[-0.00744548451599393, -0.0037894164365443236]",332
Singapore,taxi_for_all,signed_l1_seed42,pt_probability,0.004415478904069548,"[0.00374920896361077, 0.005100870716009648]","[0.0035218276238203586, 0.005339231529744362]",332
Singapore,taxi_for_all,signed_l1_seed42,response_accessibility,-0.0018529895895037305,"[-0.0021417215662862523, -0.0015752958347011045]","[-0.0022399340537432805, -0.0014794927805168443]",332
Singapore,taxi_for_all,signed_l1_seed42,response_weather,-0.00039042883653597657,"[-0.0004733621832880988, -0.0003152042980788343]","[-0.0004989971946476094, -0.00029038955749248176]",332
Singapore,taxi_for_all,signed_l1_seed42,response_fare,-0.0001855175942182541,"[-0.00027090158167643, -0.0001039279714585787]","[-0.00030045768549015, -7.786728744675664e-05]",332
Singapore,taxi_for_all,signed_l1_seed42,response_transit_delay,-0.002130334837788559,"[-0.0024699746131762322, -0.0018024494041161366]","[-0.0025913317061691398, -0.0016970508783517133]",332
Singapore,taxi_for_all,signed_l1_seed42,response_roadworks,0.0008362303656267833,"[0.0006156514499740429, 0.001075214807348079]","[0.0005517213989094079, 0.0011465400381081075]",332
Singapore,taxi_for_all,signed_l1_seed2026,accuracy,-0.0006024096385542167,"[-0.0036144578313253017, 0.0021084337349397595]","[-0.00482078313253012, 0.0030120481927710845]",332
Singapore,taxi_for_all,signed_l1_seed2026,brier,-0.0009295526444124837,"[-0.0015237215611860135, -0.00035298242985031816]","[-0.001708004459491361, -0.000199627089030902]",332
Singapore,taxi_for_all,signed_l1_seed2026,nll_clipped,-0.0010703475984567877,"[-0.0018788754056139056, -0.0002747417396020108]","[-0.0021188999026433403, -5.9636530368778975e-05]",332
Singapore,taxi_for_all,signed_l1_seed2026,pt_probability,0.003419216102864369,"[0.002879841969297997, 0.00400138719798436]","[0.0026862691630979616, 0.004184561391411545]",332
Singapore,taxi_for_all,signed_l1_seed2026,response_accessibility,-0.0012368125145334795,"[-0.0014360683221168009, -0.0010461739284064935]","[-0.0015003896475466619, -0.0009787759514166476]",332
Singapore,taxi_for_all,signed_l1_seed2026,response_weather,0.00010864122445324818,"[7.903443267905569e-05, 0.00014069051683756958]","[6.949514756540218e-05, 0.00015119876835988932]",332
Singapore,taxi_for_all,signed_l1_seed2026,response_fare,1.3806240027209362e-05,"[-8.731764202645745e-05, 0.00010829543055270809]","[-0.00012603648085461323, 0.0001365404948592182]",332
Singapore,taxi_for_all,signed_l1_seed2026,response_transit_delay,-0.0022090234490762272,"[-0.0025739052276833947, -0.0018599723420857665]","[-0.0026917783700558073, -0.001739056970116245]",332
Singapore,taxi_for_all,signed_l1_seed2026,response_roadworks,3.998282264514142e-05,"[-0.00022596058671373918, 0.00030870643298489485]","[-0.00030333037454500253, 0.0003849527181451542]",332
Singapore,taxi_for_all,signed_l1_seed7,accuracy,0.0,"[0.0, 0.0]","[0.0, 0.0]",332
Singapore,taxi_for_all,signed_l1_seed7,brier,-0.000496494077010856,"[-0.0009316117370976865, -8.024949437138477e-05]","[-0.0010666971813788318, 5.1096176369314966e-05]",332
Singapore,taxi_for_all,signed_l1_seed7,nll_clipped,-0.0007328601033997339,"[-0.0013932121360112244, -9.158871093607176e-05]","[-0.0015876022162442467, 0.0001230570639533689]",332
Singapore,taxi_for_all,signed_l1_seed7,pt_probability,-1.605934861778136e-05,"[-0.00021380341447699045, 0.0001790932628483208]","[-0.0002796072817999443, 0.00024537431594006775]",332
Singapore,taxi_for_all,signed_l1_seed7,response_accessibility,-0.0006075078756155738,"[-0.0007619683383907898, -0.00046061815564935824]","[-0.0008160340626645519, -0.0004232160589960685]",332
Singapore,taxi_for_all,signed_l1_seed7,response_weather,0.0005008660324187164,"[0.0002939980622964451, 0.0007353100765788232]","[0.00024445594641862503, 0.0008124164526676193]",332
Singapore,taxi_for_all,signed_l1_seed7,response_fare,-0.0001690211559993675,"[-0.0002671457445585584, -7.077391169606205e-05]","[-0.00029935702120503744, -4.166515880679531e-05]",332
Singapore,taxi_for_all,signed_l1_seed7,response_transit_delay,-0.00518798754348543,"[-0.006110211720841611, -0.0043019272149989315]","[-0.006408489516933437, -0.00401022339967663]",332
Singapore,taxi_for_all,signed_l1_seed7,response_roadworks,-0.0007281145417546652,"[-0.0012133087312062101, -0.00023447603705417688]","[-0.001380745232195021, -8.344549012471662e-05]",332
Singapore,taxi_for_all,direction_magnitude_seed42,accuracy,-0.0009036144578313254,"[-0.0024096385542168677, 0.0]","[-0.0030120481927710845, 0.0]",332
Singapore,taxi_for_all,direction_magnitude_seed42,brier,-0.0023607660022821777,"[-0.0030147845663042352, -0.0017104240710175034]","[-0.00324250697017176, -0.00152358933659507]",332
Singapore,taxi_for_all,direction_magnitude_seed42,nll_clipped,-0.003254462694380711,"[-0.004224431940771003, -0.0023150268012181413]","[-0.004542022501503101, -0.002052431442377753]",332
Singapore,taxi_for_all,direction_magnitude_seed42,pt_probability,0.0029955004566315424,"[0.0025323476877725536, 0.0034762623624775154]","[0.002375905506099653, 0.003648683106302317]",332
Singapore,taxi_for_all,direction_magnitude_seed42,response_accessibility,-0.002059777738548905,"[-0.0023804839849135423, -0.0017517986791545008]","[-0.002491570619406201, -0.001640477319057268]",332
Singapore,taxi_for_all,direction_magnitude_seed42,response_weather,-0.0007261878934251256,"[-0.0008596048928819687, -0.000600774634449956]","[-0.0008982699008725853, -0.0005607308755370689]",332
Singapore,taxi_for_all,direction_magnitude_seed42,response_fare,-0.0002160482108592987,"[-0.0003108876044805868, -0.00012383915214653476]","[-0.00034306713413581786, -9.347689248262414e-05]",332
Singapore,taxi_for_all,direction_magnitude_seed42,response_transit_delay,-0.0002561845558594508,"[-0.0003684787971741823, -0.00014955782365188552]","[-0.0004015405072146152, -0.00012122027138360294]",332
Singapore,taxi_for_all,direction_magnitude_seed42,response_roadworks,0.0009043908801423498,"[0.000655835965670735, 0.0011775958520102215]","[0.0005787227841385876, 0.0012641049468194144]",332
Singapore,taxi_for_all,direction_magnitude_seed2026,accuracy,-0.0024096385542168677,"[-0.006024096385542169, 0.0009036144578313254]","[-0.007228915662650602, 0.002108433734939759]",332
Singapore,taxi_for_all,direction_magnitude_seed2026,brier,-0.0015995437059726887,"[-0.0023002360844658165, -0.0009013896430066288]","[-0.002549606997132547, -0.0007063267382510316]",332
Singapore,taxi_for_all,direction_magnitude_seed2026,nll_clipped,-0.002104401309289411,"[-0.0031139358741572973, -0.001111359760088265]","[-0.0034527782732472092, -0.0008172909721282718]",332
Singapore,taxi_for_all,direction_magnitude_seed2026,pt_probability,0.003846717430615281,"[0.0032508675439608657, 0.004481175829241253]","[0.0030249682541386826, 0.004677004171209969]",332
Singapore,taxi_for_all,direction_magnitude_seed2026,response_accessibility,-0.000922352479523923,"[-0.0010678920799484812, -0.0007813984121431608]","[-0.0011151542420308274, -0.0007302719847220615]",332
Singapore,taxi_for_all,direction_magnitude_seed2026,response_weather,0.00010282843631793217,"[6.492950656193208e-05, 0.00014460993291114468]","[5.385728676365801e-05, 0.0001590575356350604]",332
Singapore,taxi_for_all,direction_magnitude_seed2026,response_fare,1.2793320130152875e-05,"[-5.1067269081810874e-05, 7.128588383994906e-05]","[-7.319831682077373e-05, 8.732668292450603e-05]",332
Singapore,taxi_for_all,direction_magnitude_seed2026,response_transit_delay,-0.0014238201351050872,"[-0.0016734802568084503, -0.001175655305654888]","[-0.0017661546576902807, -0.0011013177243700963]",332
Singapore,taxi_for_all,direction_magnitude_seed2026,response_roadworks,-8.166294140988086e-05,"[-0.0003318194479468357, 0.00016866638493466088]","[-0.00041039107479603896, 0.0002474703832742673]",332
Singapore,taxi_for_all,direction_magnitude_seed7,accuracy,0.0,"[-0.0009036144578313254, 0.0009036144578313254]","[-0.0012048192771084338, 0.0012048192771084338]",332
Singapore,taxi_for_all,direction_magnitude_seed7,brier,-0.00013209234088489322,"[-0.00045741189789396005, 0.00019837859361171068]","[-0.0005465389348093273, 0.0003001198392202782]",332
Singapore,taxi_for_all,direction_magnitude_seed7,nll_clipped,-0.0007405731334280106,"[-0.0012790682893135347, -0.0002203678088767078]","[-0.0014354974205703231, -2.8942480888659614e-05]",332
Singapore,taxi_for_all,direction_magnitude_seed7,pt_probability,-0.0004813989789887186,"[-0.0006413383805491059, -0.0003224261422607913]","[-0.000689380498487623, -0.00027055774537035793]",332
Singapore,taxi_for_all,direction_magnitude_seed7,response_accessibility,-4.541510379458048e-05,"[-6.562437559197466e-05, -2.6714365862040637e-05]","[-7.213006570306887e-05, -2.0915293078645193e-05]",332
Singapore,taxi_for_all,direction_magnitude_seed7,response_weather,0.0007085360653967742,"[0.0004924078570140235, 0.000950285994604858]","[0.00043333294868738535, 0.0010431922340473838]",332
Singapore,taxi_for_all,direction_magnitude_seed7,response_fare,-0.0005355330116777535,"[-0.000671268611899521, -0.0004090394078563136]","[-0.0007142131673508739, -0.00037047662648809996]",332
Singapore,taxi_for_all,direction_magnitude_seed7,response_transit_delay,-0.0016401059201817557,"[-0.0019523352738546982, -0.0013463162101562563]","[-0.002049927789737549, -0.0012576655089309597]",332
Singapore,taxi_for_all,direction_magnitude_seed7,response_roadworks,0.00027117833315608015,"[-0.0001626691567790077, 0.0007176227351448622]","[-0.00029599844870797123, 0.0008631743189979731]",332
Singapore,missing_income_low,s9,accuracy,-0.00030120481927710846,"[-0.0009036144578313254, 0.0]","[-0.0012048192771084338, 0.0]",332
Singapore,missing_income_low,s9,brier,0.0007413225335714265,"[-0.0011515352711785306, 0.0026964483755311645]","[-0.0017415511154521605, 0.003377936130485916]",332
Singapore,missing_income_low,s9,nll_clipped,0.0013951731559056976,"[-0.0017501937489266747, 0.004842701752251025]","[-0.002648604046356694, 0.006041133329994556]",332
Singapore,missing_income_low,s9,pt_probability,2.4115002478461635e-05,"[-0.0015088892010242554, 0.0015959491403296534]","[-0.001991843173970434, 0.0021426808447577014]",332
Singapore,missing_income_low,s9,response_accessibility,0.003712435931820108,"[0.0015706929647509593, 0.006106380017261097]","[0.0010090777511057635, 0.006998710959745813]",332
Singapore,missing_income_low,s9,response_weather,-0.0022158417850732803,"[-0.004060336441946137, -0.0005951791193829977]","[-0.004703027103320662, -8.209190510931798e-05]",332
Singapore,missing_income_low,s9,response_fare,-0.0004175146256225655,"[-0.0009292239732815917, 8.805417511836589e-05]","[-0.0010808717814016055, 0.00024045498682612334]",332
Singapore,missing_income_low,s9,response_transit_delay,-0.0029250678651214362,"[-0.005033031629583607, -0.000845385613116293]","[-0.005683125517673297, -0.0001856711175831462]",332
Singapore,missing_income_low,s9,response_roadworks,-0.0024387057287147246,"[-0.004431730513292623, -0.0008073226515069065]","[-0.005190712221595179, -0.0003537009638476085]",332
Singapore,missing_income_low,mnl_s,accuracy,0.0009036144578313254,"[-0.0006024096385542169, 0.0030120481927710845]","[-0.0009036144578313254, 0.0036144578313253017]",332
Singapore,missing_income_low,mnl_s,brier,-0.000368817431806438,"[-0.0014677586066053456, 0.0005461880803878532]","[-0.0018974970782157875, 0.0007839064257673483]",332
Singapore,missing_income_low,mnl_s,nll_clipped,-0.0004382569695256944,"[-0.0019114589549837555, 0.0008125437271433342]","[-0.002480925799582752, 0.0011265303669971592]",332
Singapore,missing_income_low,mnl_s,pt_probability,0.002817386246276478,"[0.0009781187427273283, 0.004959349386678034]","[0.0005226381072502449, 0.005697050810741993]",332
Singapore,missing_income_low,mnl_s,response_accessibility,0.0005544211517021369,"[-0.0001235662508596082, 0.0013901962185878189]","[-0.0002988412678381288, 0.0017066208577049828]",332
Singapore,missing_income_low,mnl_s,response_weather,-8.26429896122993e-05,"[-0.00023586747413920276, 5.0659924521190314e-05]","[-0.000284834710826989, 8.537163616734144e-05]",332
Singapore,missing_income_low,mnl_s,response_fare,-5.5682963232541384e-05,"[-0.00010201749904027817, -1.6637021633905388e-05]","[-0.00011851287211481531, -6.878148913560357e-06]",332
Singapore,missing_income_low,mnl_s,response_transit_delay,-0.00013924990880035684,"[-0.0004528198006087714, 0.00013596996538159918]","[-0.0005741876202004858, 0.0002253941843297894]",332
Singapore,missing_income_low,mnl_s,response_roadworks,-0.00044177339647206575,"[-0.0008636422684283653, -9.469518273459693e-05]","[-0.0010258673807512202, -1.2725933029902245e-05]",332
Singapore,missing_income_low,soft_kl_seed42,accuracy,0.00030120481927710846,"[-0.0009036144578313254, 0.0018072289156626509]","[-0.0012048192771084338, 0.0024096385542168677]",332
Singapore,missing_income_low,soft_kl_seed42,brier,-0.001587654813450742,"[-0.0028667994874749473, -0.00046657934930371064]","[-0.0033091270798937325, -0.00011797546902010273]",332
Singapore,missing_income_low,soft_kl_seed42,nll_clipped,-0.0022825081551508405,"[-0.004176453780501333, -0.0006374518824469643]","[-0.0048444089084835945, -0.00011556813940255549]",332
Singapore,missing_income_low,soft_kl_seed42,pt_probability,0.0026684463102684677,"[0.0012225134323171553, 0.004507517993410892]","[0.0008884060012109308, 0.005223053102291762]",332
Singapore,missing_income_low,soft_kl_seed42,response_accessibility,0.0007256579484386617,"[-0.000600722188365657, 0.0020171926079138383]","[-0.0010670445006093886, 0.00243817054032605]",332
Singapore,missing_income_low,soft_kl_seed42,response_weather,0.0016503409561083977,"[0.0008536320524739035, 0.002548025967833776]","[0.0006366710689659398, 0.0028888935024614427]",332
Singapore,missing_income_low,soft_kl_seed42,response_fare,-0.00026543909706265096,"[-0.0006604436448360065, 9.180054921342662e-05]","[-0.0007726762309131852, 0.00021026921783944195]",332
Singapore,missing_income_low,soft_kl_seed42,response_transit_delay,-0.001090075820684433,"[-0.0021325914278985504, -0.00023984325185687436]","[-0.002487380771325475, -3.427101590906325e-05]",332
Singapore,missing_income_low,soft_kl_seed42,response_roadworks,7.224630519568203e-05,"[-0.0004023292090698897, 0.0006424330444221037]","[-0.0005567254601831895, 0.0008705550167395401]",332
Singapore,missing_income_low,soft_kl_seed2026,accuracy,0.0006024096385542169,"[-0.0009036144578313254, 0.0024096385542168677]","[-0.0015060240963855422, 0.0027108433734939763]",332
Singapore,missing_income_low,soft_kl_seed2026,brier,0.0007718126731374434,"[-0.0001070257569527151, 0.0018749387298445204]","[-0.00033577047141856737, 0.002279659986670977]",332
Singapore,missing_income_low,soft_kl_seed2026,nll_clipped,0.0006750094046597682,"[-0.000282133011901648, 0.0018567997350238475]","[-0.0005519290039944518, 0.002284736007219924]",332
Singapore,missing_income_low,soft_kl_seed2026,pt_probability,-0.0010141572297876138,"[-0.0021225304100438054, -0.0001067506911300395]","[-0.002558740403491959, 0.00011089305593126661]",332
Singapore,missing_income_low,soft_kl_seed2026,response_accessibility,0.0009284536410347525,"[0.00033486874112073915, 0.0016054222789447167]","[0.00019558591639106892, 0.0018309005791972185]",332
Singapore,missing_income_low,soft_kl_seed2026,response_weather,-0.001976005957428231,"[-0.0029337409956672464, -0.0011307766778865854]","[-0.003205200107768178, -0.0008753556723381025]",332
Singapore,missing_income_low,soft_kl_seed2026,response_fare,-0.00010393842695707299,"[-0.0003845794642546091, 0.00018446543871099684]","[-0.0004745271330676883, 0.00029015510444001973]",332
Singapore,missing_income_low,soft_kl_seed2026,response_transit_delay,0.00028435462883797037,"[1.037369022168309e-05, 0.0006119971452505294]","[-5.133766181632337e-05, 0.0007023831907973948]",332
Singapore,missing_income_low,soft_kl_seed2026,response_roadworks,0.000891091952840966,"[0.000266181417258389, 0.0016588939421148185]","[0.0001480092844331121, 0.001961542794323827]",332
Singapore,missing_income_low,soft_kl_seed7,accuracy,0.0018072289156626509,"[0.00030120481927710846, 0.004216867469879518]","[0.0, 0.0051204819277108436]",332
Singapore,missing_income_low,soft_kl_seed7,brier,-0.0026403739382372233,"[-0.004022178455998352, -0.00143325843369434]","[-0.00452485697523046, -0.0010817641938503457]",332
Singapore,missing_income_low,soft_kl_seed7,nll_clipped,-0.0032724055802848145,"[-0.004957762557487437, -0.0017647553467539342]","[-0.0056174163397939205, -0.0013318902155290135]",332
Singapore,missing_income_low,soft_kl_seed7,pt_probability,0.00235651991475957,"[0.0012950912169573537, 0.0035122912698032616]","[0.0010179219003317946, 0.003949427904308678]",332
Singapore,missing_income_low,soft_kl_seed7,response_accessibility,-0.0028805447046656206,"[-0.004285692301836897, -0.0016775136258094067]","[-0.004752865768969059, -0.0013325357627886627]",332
Singapore,missing_income_low,soft_kl_seed7,response_weather,0.0011428048699555628,"[0.0003754762862528484, 0.002017475335005985]","[0.00017643590979502503, 0.002351715918125424]",332
Singapore,missing_income_low,soft_kl_seed7,response_fare,0.00033405371548899683,"[-1.16029496203704e-06, 0.0006963406465049967]","[-0.00011239569589316128, 0.0008266606533069567]",332
Singapore,missing_income_low,soft_kl_seed7,response_transit_delay,4.1755802749869333e-05,"[-0.00036402473826499944, 0.0004100539620561771]","[-0.0005076777308910007, 0.0005235983046467405]",332
Singapore,missing_income_low,soft_kl_seed7,response_roadworks,-0.0007012508899332529,"[-0.00133464113551091, -0.0001911264227097293]","[-0.0015307445438152336, -8.846226944980852e-05]",332
Singapore,missing_income_low,ce_kl_seed42,accuracy,-0.0006024096385542169,"[-0.0021084337349397595, 0.0006024096385542169]","[-0.0027108433734939763, 0.0009036144578313254]",332
Singapore,missing_income_low,ce_kl_seed42,brier,-0.0002013962325769755,"[-0.00181927639865557, 0.001621286775362923]","[-0.002296880212178428, 0.0022826763000659343]",332
Singapore,missing_income_low,ce_kl_seed42,nll_clipped,-0.0014096798866346074,"[-0.0051218003760566885, 0.0019357068353549483]","[-0.006366023461212253, 0.0029947940450804366]",332
Singapore,missing_income_low,ce_kl_seed42,pt_probability,0.0005108433054670333,"[-0.0012150216312287936, 0.0024528088241202632]","[-0.0017262238093724768, 0.003171510930722904]",332
Singapore,missing_income_low,ce_kl_seed42,response_accessibility,0.0004309874802199473,"[-0.0017551063144781503, 0.0024227966333203637]","[-0.002613043202212114, 0.0030617915412708375]",332
Singapore,missing_income_low,ce_kl_seed42,response_weather,0.0014966237358748913,"[0.0005258675363105553, 0.0027540877629744715]","[0.0003222495278186468, 0.003209774894191018]",332
Singapore,missing_income_low,ce_kl_seed42,response_fare,-0.0009923817208373402,"[-0.0017922756245292455, -0.0003024104090564582]","[-0.0020290642851088416, -0.0001395384791161285]",332
Singapore,missing_income_low,ce_kl_seed42,response_transit_delay,-0.0011496668069971253,"[-0.001926032855688785, -0.0005457094233028637]","[-0.0022135283737948325, -0.00040587919722142907]",332
Singapore,missing_income_low,ce_kl_seed42,response_roadworks,-3.516674041748047e-05,"[-0.0007065701825791095, 0.0008432170353740094]","[-0.0008788030244499804, 0.0012104006775890488]",332
Singapore,missing_income_low,ce_kl_seed2026,accuracy,-0.0015060240963855422,"[-0.0036144578313253017, 0.0]","[-0.004819277108433735, 0.0]",332
Singapore,missing_income_low,ce_kl_seed2026,brier,0.002151370737865676,"[0.0008979563193045458, 0.003692859830406002]","[0.0005780433821937036, 0.004247355197825588]",332
Singapore,missing_income_low,ce_kl_seed2026,nll_clipped,0.0030892999006978915,"[0.001385153462590729, 0.005122749362862327]","[0.0009661894085092662, 0.005866260019327911]",332
Singapore,missing_income_low,ce_kl_seed2026,pt_probability,-0.0017613470282248523,"[-0.0029789019733981554, -0.0007513596938505037]","[-0.0034147277566553822, -0.0005070648534778872]",332
Singapore,missing_income_low,ce_kl_seed2026,response_accessibility,0.0008930137453892504,"[0.00014178283443865198, 0.001766924284670658]","[-5.390928912324359e-05, 0.0020783430561479408]",332
Singapore,missing_income_low,ce_kl_seed2026,response_weather,-0.001782959888139403,"[-0.0027104581756719264, -0.0009622546473899519]","[-0.003007165990455682, -0.0007242313796003541]",332
Singapore,missing_income_low,ce_kl_seed2026,response_fare,-0.00018579158258725362,"[-0.00038316953837512485, -1.0260558653488253e-05]","[-0.00044525554785168316, 4.273141386458657e-05]",332
Singapore,missing_income_low,ce_kl_seed2026,response_transit_delay,7.535084094627793e-05,"[-3.8647642134722454e-05, 0.00020611594060817394]","[-7.200867902622166e-05, 0.00024759145072066584]",332
Singapore,missing_income_low,ce_kl_seed2026,response_roadworks,0.00101264620042709,"[0.00023982736719660013, 0.001965754162744585]","[7.103832371263618e-05, 0.0023084960967661365]",332
Singapore,missing_income_low,ce_kl_seed7,accuracy,0.002108433734939759,"[0.0006024096385542169, 0.00391566265060241]","[0.00030120481927710846, 0.004216867469879518]",332
Singapore,missing_income_low,ce_kl_seed7,brier,-0.0034477518095396647,"[-0.0054399645425191965, -0.0017235673095097755]","[-0.006216847821636437, -0.001266565713849635]",332
Singapore,missing_income_low,ce_kl_seed7,nll_clipped,-0.005045716312576192,"[-0.007984520437423844, -0.002574829835277269]","[-0.00906004011631834, -0.0018717506493731246]",332
Singapore,missing_income_low,ce_kl_seed7,pt_probability,0.0028224842625681353,"[0.0015308598704223734, 0.004239380776661964]","[0.0011884693584043016, 0.004788552936045882]",332
Singapore,missing_income_low,ce_kl_seed7,response_accessibility,-0.0017113346180104348,"[-0.002768462463506464, -0.0008329779543655824]","[-0.0031346538338630674, -0.0005880370016871811]",332
Singapore,missing_income_low,ce_kl_seed7,response_weather,-0.0009365923231445163,"[-0.0023258763909654086, 0.0002295130942331021]","[-0.002779300652377038, 0.0005427572109837437]",332
Singapore,missing_income_low,ce_kl_seed7,response_fare,-0.0005008926143847316,"[-0.0010423890230840587, -3.2175629657794196e-05]","[-0.0012345364153474928, 7.902368600199694e-05]",332
Singapore,missing_income_low,ce_kl_seed7,response_transit_delay,-0.000753022334818919,"[-0.0014824735102417644, -0.00011901835390613471]","[-0.0017727817828817496, 5.2008036838235534e-05]",332
Singapore,missing_income_low,ce_kl_seed7,response_roadworks,-0.0006729125617498375,"[-0.001377839276410011, -0.00014682347515979446]","[-0.0016027957129191204, -1.1043106935110437e-05]",332
Singapore,missing_income_low,signed_l1_seed42,accuracy,-0.0009036144578313254,"[-0.0024096385542168677, 0.0]","[-0.0030120481927710845, 0.0]",332
Singapore,missing_income_low,signed_l1_seed42,brier,-0.0011929478508297083,"[-0.002305491511571098, -0.00016862956049704757]","[-0.002726009014043643, 0.00014511100614528877]",332
Singapore,missing_income_low,signed_l1_seed42,nll_clipped,-0.001904476687723408,"[-0.0036137738273220687, -0.0003946941282883666]","[-0.004287521257733753, 6.787007293235605e-05]",332
Singapore,missing_income_low,signed_l1_seed42,pt_probability,0.001971402477069073,"[0.0007913363134174282, 0.003448105452705668]","[0.00048197728277644123, 0.004021219544864469]",332
Singapore,missing_income_low,signed_l1_seed42,response_accessibility,-8.41192766485444e-05,"[-0.0009221125629741743, 0.0006541689201426433]","[-0.0012046890324318266, 0.0008995088781174049]",332
Singapore,missing_income_low,signed_l1_seed42,response_weather,0.0020624148513538293,"[0.0010968066802450333, 0.003194169040926429]","[0.0008538879844618131, 0.0035775319156966276]",332
Singapore,missing_income_low,signed_l1_seed42,response_fare,-0.00036395691245435233,"[-0.0007355567943080362, -1.1969241033117487e-05]","[-0.0008407773887626378, 0.00010869601023304598]",332
Singapore,missing_income_low,signed_l1_seed42,response_transit_delay,-0.001017986673368029,"[-0.001818866900403995, -0.000351820164640625]","[-0.0020923271476773614, -0.00017800604711365323]",332
Singapore,missing_income_low,signed_l1_seed42,response_roadworks,-6.107142172664045e-06,"[-0.0004781690931104752, 0.0005601840475237502]","[-0.0006559764988810183, 0.0007757241350699617]",332
Singapore,missing_income_low,signed_l1_seed2026,accuracy,-0.0012048192771084338,"[-0.002718373493975897, 0.0]","[-0.003614457831325301, 0.0]",332
Singapore,missing_income_low,signed_l1_seed2026,brier,0.0004281837651770458,"[-0.00038535152780511876, 0.0014335212960443935]","[-0.0006143709907864389, 0.0017915343304948993]",332
Singapore,missing_income_low,signed_l1_seed2026,nll_clipped,0.00023960778529344735,"[-0.0006987961646050821, 0.0013339403387412506]","[-0.0009627125581035105, 0.0017259927214599356]",332
Singapore,missing_income_low,signed_l1_seed2026,pt_probability,-0.0010574096937226243,"[-0.0022924244075912576, -3.192037568393984e-05]","[-0.002690171000138149, 0.000207350925879036]",332
Singapore,missing_income_low,signed_l1_seed2026,response_accessibility,0.0008776048871587558,"[0.00031775441946439357, 0.0015021164222698972]","[0.00016993874089276216, 0.0017054129533851173]",332
Singapore,missing_income_low,signed_l1_seed2026,response_weather,-0.0010500170784183294,"[-0.0016282642922218306, -0.0005399173849363285]","[-0.0018122496302183492, -0.00040673944201455065]",332
Singapore,missing_income_low,signed_l1_seed2026,response_fare,-2.831965684890747e-05,"[-0.0003027130221297224, 0.00026331141546189065]","[-0.00037658149152096495, 0.00038353305175361753]",332
Singapore,missing_income_low,signed_l1_seed2026,response_transit_delay,0.00024040175758930575,"[4.420748137565983e-06, 0.000522176728370678]","[-6.1019943264054965e-05, 0.0006157581048108726]",332
Singapore,missing_income_low,signed_l1_seed2026,response_roadworks,0.00039032308093036515,"[8.256194821323257e-05, 0.000802426812160446]","[3.442302884825741e-05, 0.0009654184713600627]",332
Singapore,missing_income_low,signed_l1_seed7,accuracy,0.0018072289156626509,"[0.00030120481927710846, 0.0036144578313253017]","[0.0, 0.004216867469879519]",332
Singapore,missing_income_low,signed_l1_seed7,brier,-0.0020735643415585175,"[-0.0032959921162295236, -0.001050818901497455]","[-0.0037511580918076918, -0.0007658155282308788]",332
Singapore,missing_income_low,signed_l1_seed7,nll_clipped,-0.0026007334407774823,"[-0.004078052082804516, -0.0013506780720429366]","[-0.004648070945465065, -0.00100132470236071]",332
Singapore,missing_income_low,signed_l1_seed7,pt_probability,0.0021004580023014047,"[0.0011475486809342922, 0.003172666886176195]","[0.0008986209850359977, 0.0035991033017579222]",332
Singapore,missing_income_low,signed_l1_seed7,response_accessibility,-0.0019722931221666106,"[-0.00296058465434934, -0.0011035285559090149]","[-0.0033077770886740772, -0.0008640382114618304]",332
Singapore,missing_income_low,signed_l1_seed7,response_weather,0.0010995186236967523,"[0.0004087296724095043, 0.0018842501290905545]","[0.00020215529836265439, 0.0021428453777523997]",332
Singapore,missing_income_low,signed_l1_seed7,response_fare,-8.210313158581056e-05,"[-0.0004993387116455888, 0.0002864123075213057]","[-0.0006328064084322338, 0.00040585441178226967]",332
Singapore,missing_income_low,signed_l1_seed7,response_transit_delay,-9.884839002267423e-06,"[-0.0005022206851449537, 0.0004397857810808232]","[-0.0006673860400690731, 0.0005842229974153165]",332
Singapore,missing_income_low,signed_l1_seed7,response_roadworks,-0.00028166058192770165,"[-0.0007279860865638917, 6.891546254775602e-05]","[-0.0008788163012948381, 0.00015016106596912247]",332
Singapore,missing_income_low,direction_magnitude_seed42,accuracy,-0.00030120481927710846,"[-0.0018072289156626504, 0.0009036144578313254]","[-0.002108433734939759, 0.0015060240963855422]",332
Singapore,missing_income_low,direction_magnitude_seed42,brier,-0.0009422183588801937,"[-0.0019429375738773862, -1.8082090894840476e-05]","[-0.002354557324670115, 0.00027702652685858577]",332
Singapore,missing_income_low,direction_magnitude_seed42,nll_clipped,-0.001478507107210501,"[-0.002944798784369496, -0.0001780505983897069]","[-0.003528885783238373, 0.00023328186872958564]",332
Singapore,missing_income_low,direction_magnitude_seed42,pt_probability,0.001836024494056242,"[0.0006533644286107766, 0.003339815824965845]","[0.0003424920906166894, 0.0039653986676719466]",332
Singapore,missing_income_low,direction_magnitude_seed42,response_accessibility,5.2234606750040166e-05,"[-0.0009129707045090127, 0.000921730200636638]","[-0.0012254365343959575, 0.001200286870799868]",332
Singapore,missing_income_low,direction_magnitude_seed42,response_weather,0.0019598381526498908,"[0.0010303048074739166, 0.0030375914339604505]","[0.0007518370925302965, 0.0034036366244306763]",332
Singapore,missing_income_low,direction_magnitude_seed42,response_fare,-0.0005178129053618535,"[-0.0009892114640090122, -8.044889847557237e-05]","[-0.0011384348885481617, 3.9251092035904235e-05]",332
Singapore,missing_income_low,direction_magnitude_seed42,response_transit_delay,-0.0013378353632358183,"[-0.0023973922256425202, -0.00043638749833566646]","[-0.0027731601704271084, -0.00021923667908343248]",332
Singapore,missing_income_low,direction_magnitude_seed42,response_roadworks,0.00025845399822097226,"[-0.00017903565642345384, 0.0008569968393050045]","[-0.00028046825743583315, 0.001079455915703831]",332
Singapore,missing_income_low,direction_magnitude_seed2026,accuracy,-0.0009036144578313254,"[-0.0024096385542168677, 0.0]","[-0.0030120481927710845, 0.0]",332
Singapore,missing_income_low,direction_magnitude_seed2026,brier,0.00032643036539455424,"[-0.0003703523222302232, 0.001154922972780766]","[-0.0005887154329090907, 0.001458078085524079]",332
Singapore,missing_income_low,direction_magnitude_seed2026,nll_clipped,0.00017779923447439476,"[-0.0006303652197296925, 0.0011393895957865648]","[-0.000881826757079821, 0.0014936656541276662]",332
Singapore,missing_income_low,direction_magnitude_seed2026,pt_probability,-0.0009197194420968193,"[-0.0021359537674832236, 4.5752923722456766e-05]","[-0.002559893379504063, 0.000252903793478405]",332
Singapore,missing_income_low,direction_magnitude_seed2026,response_accessibility,0.0008998237864439746,"[0.0004846900443445487, 0.001368506743673639]","[0.00038421537166079847, 0.0015526652041014763]",332
Singapore,missing_income_low,direction_magnitude_seed2026,response_weather,-0.0014753989336720433,"[-0.0021992595156609834, -0.0008295348957629808]","[-0.0024280462649662092, -0.0006421749138957766]",332
Singapore,missing_income_low,direction_magnitude_seed2026,response_fare,-4.491831613592354e-05,"[-0.00032373871654272084, 0.0002358099226895944]","[-0.0004192342117698078, 0.0003188888837459918]",332
Singapore,missing_income_low,direction_magnitude_seed2026,response_transit_delay,8.634415017553123e-05,"[-0.00018862669457154102, 0.0004297994542866944]","[-0.0002713069581168603, 0.0005694142804223011]",332
Singapore,missing_income_low,direction_magnitude_seed2026,response_roadworks,0.00046263653111745074,"[0.00014496890895337943, 0.0008372736264424151]","[7.972175098327268e-05, 0.0009518099082521641]",332
Singapore,missing_income_low,direction_magnitude_seed7,accuracy,0.003915662650602409,"[0.001197289156626513, 0.007530120481927711]","[0.0006024096385542169, 0.008734939759036145]",332
Singapore,missing_income_low,direction_magnitude_seed7,brier,-0.002686671175384212,"[-0.004146095185290641, -0.0014361235229459692]","[-0.004676053050149352, -0.0010783232730406998]",332
Singapore,missing_income_low,direction_magnitude_seed7,nll_clipped,-0.0036490021061398674,"[-0.005562319946994739, -0.0020175105985013935]","[-0.006230536067463301, -0.0015296918802749067]",332
Singapore,missing_income_low,direction_magnitude_seed7,pt_probability,0.0028544822582240066,"[0.0016452637747268847, 0.004201272980880528]","[0.0013414225533593402, 0.004699053492737194]",332
Singapore,missing_income_low,direction_magnitude_seed7,response_accessibility,-0.001503253916659987,"[-0.0023297404730131467, -0.0007948141528226167]","[-0.0025897904589817105, -0.0006146150102547143]",332
Singapore,missing_income_low,direction_magnitude_seed7,response_weather,0.0014550554487540062,"[0.0006446241709706654, 0.002378493607190089]","[0.0004077733041022916, 0.002700110244317852]",332
Singapore,missing_income_low,direction_magnitude_seed7,response_fare,-1.217036631452032e-05,"[-0.0004110267868332834, 0.00037764039743377496]","[-0.0005447725151631846, 0.0005052861545504216]",332
Singapore,missing_income_low,direction_magnitude_seed7,response_transit_delay,-0.0007091307786787041,"[-0.0014121181933287846, -0.00010600472605473045]","[-0.001704914588323396, 5.273382053205181e-05]",332
Singapore,missing_income_low,direction_magnitude_seed7,response_roadworks,-0.0003938205450414175,"[-0.0009727105363664857, 5.198886550693607e-05]","[-0.0011811463875942918, 0.00014345651245619876]",332
Singapore,missing_income_high,s9,accuracy,0.00030120481927710846,"[-0.0009036144578313254, 0.0018072289156626509]","[-0.0012048192771084338, 0.0024096385542168677]",332
Singapore,missing_income_high,s9,brier,-0.002927909976471858,"[-0.004577231520355233, -0.0015119969023730773]","[-0.005158178651503276, -0.0010908054751422617]",332
Singapore,missing_income_high,s9,nll_clipped,-0.004705508322862625,"[-0.008021810582441226, -0.002107094538384992]","[-0.00911174409184506, -0.0014283565827861594]",332
Singapore,missing_income_high,s9,pt_probability,0.0019486737011157607,"[0.0009543565437983137, 0.0031175414465805405]","[0.0006212498617908323, 0.003552714259402981]",332
Singapore,missing_income_high,s9,response_accessibility,0.002272981965173799,"[0.0010151092273026077, 0.00375109590275819]","[0.0006961255245112691, 0.004250589820152387]",332
Singapore,missing_income_high,s9,response_weather,-0.0006711066599531347,"[-0.0016933708460103855, 0.0002747177626062406]","[-0.0020173458434663803, 0.0005773494093600288]",332
Singapore,missing_income_high,s9,response_fare,0.0008307059845292425,"[2.6099685108266724e-05, 0.0017108952469495405]","[-0.00020134600575070783, 0.0020287369309464447]",332
Singapore,missing_income_high,s9,response_transit_delay,-2.2802765604602284e-05,"[-0.0011801012683693454, 0.0010781143831246228]","[-0.0015621596578430069, 0.0014732435339478254]",332
Singapore,missing_income_high,s9,response_roadworks,-0.002225853592516428,"[-0.004028749272945415, -0.0007112648427845492]","[-0.0046656275073806925, -0.00039976799344441976]",332
Singapore,missing_income_high,mnl_s,accuracy,-0.0006024096385542169,"[-0.0015060240963855422, 0.0]","[-0.0018072289156626509, 0.0]",332
Singapore,missing_income_high,mnl_s,brier,-0.0009391579900512112,"[-0.002175119577202828, -9.473324530706398e-05]","[-0.002684211691602338, 3.1657066898888066e-05]",332
Singapore,missing_income_high,mnl_s,nll_clipped,-0.0014135691034865975,"[-0.003166614567889023, -0.00010785343415370807]","[-0.0038459690832038256, 8.039886278094478e-05]",332
Singapore,missing_income_high,mnl_s,pt_probability,0.0013200657862177366,"[0.0004286166023681179, 0.002435383394590434]","[0.00019316440278161748, 0.0028157506416129643]",332
Singapore,missing_income_high,mnl_s,response_accessibility,0.0004362352336491981,"[0.00022701498914858676, 0.000683430600838482]","[0.0001687673741032848, 0.0007678099048939677]",332
Singapore,missing_income_high,mnl_s,response_weather,-0.00035510983885001884,"[-0.0007956286053618813, 9.153449338922829e-05]","[-0.0009492113584008167, 0.0002504515168379274]",332
Singapore,missing_income_high,mnl_s,response_fare,-2.1328854241485457e-05,"[-4.2013438811975396e-05, -2.8587526180973934e-07]","[-4.9788492707873326e-05, 6.676001445867014e-06]",332
Singapore,missing_income_high,mnl_s,response_transit_delay,-0.00016616328659931252,"[-0.0005160640306864175, 0.00016085355862286734]","[-0.0006387922945965488, 0.00026920311374061613]",332
Singapore,missing_income_high,mnl_s,response_roadworks,-0.00011333064698192771,"[-0.00020897418369717076, -3.6020490295735466e-05]","[-0.000244387553263041, -1.8399823588945246e-05]",332
Singapore,missing_income_high,soft_kl_seed42,accuracy,-0.00030120481927710846,"[-0.0018072289156626509, 0.0009036144578313254]","[-0.0024096385542168677, 0.0012048192771084338]",332
Singapore,missing_income_high,soft_kl_seed42,brier,0.00010985630340522907,"[-0.0011337368625502927, 0.0014710300896146448]","[-0.0015588655617448652, 0.0019205950527225342]",332
Singapore,missing_income_high,soft_kl_seed42,nll_clipped,0.0004803727407472179,"[-0.0011702112390952336, 0.0022414762764092913]","[-0.0017620580029000337, 0.0028531529782824215]",332
Singapore,missing_income_high,soft_kl_seed42,pt_probability,-3.269170242619801e-05,"[-0.0013219921418510558, 0.0012780540318407833]","[-0.0017234149848066088, 0.0017421734753199452]",332
Singapore,missing_income_high,soft_kl_seed42,response_accessibility,0.002140486814889563,"[0.0009209413359121207, 0.0035134158989257483]","[0.0005895104712009969, 0.003971839115719298]",332
Singapore,missing_income_high,soft_kl_seed42,response_weather,0.0019961407475442773,"[0.001080880197415869, 0.0030329694051340404]","[0.000846554910180619, 0.0033747685525611208]",332
Singapore,missing_income_high,soft_kl_seed42,response_fare,-0.00040884437151702055,"[-0.0009509680635598768, 4.0820201701787555e-05]","[-0.0011613090426088814, 0.00018627576866602096]",332
Singapore,missing_income_high,soft_kl_seed42,response_transit_delay,-0.0014644902513687868,"[-0.0023314782115350288, -0.000715606338737241]","[-0.002642717407006456, -0.0005276990908545903]",332
Singapore,missing_income_high,soft_kl_seed42,response_roadworks,-0.0005911396569516286,"[-0.0011219510202666362, -0.0001624711306698351]","[-0.0013056705901062632, -5.729322602231867e-05]",332
Singapore,missing_income_high,soft_kl_seed2026,accuracy,0.0006024096385542169,"[-0.0006024096385542169, 0.0018072289156626509]","[-0.0009036144578313254, 0.0021084337349397595]",332
Singapore,missing_income_high,soft_kl_seed2026,brier,8.793047208901661e-05,"[-0.00046600847919441534, 0.0007845345628251288]","[-0.0006236663624878136, 0.0010617680343395866]",332
Singapore,missing_income_high,soft_kl_seed2026,nll_clipped,1.0537997135785495e-05,"[-0.000702663794433197, 0.0008197959763064666]","[-0.000933093274936252, 0.0011026865407020134]",332
Singapore,missing_income_high,soft_kl_seed2026,pt_probability,-0.00012675723262939103,"[-0.0009480059754484926, 0.0004888848695589832]","[-0.0012507733666248261, 0.00063716288639726]",332
Singapore,missing_income_high,soft_kl_seed2026,response_accessibility,-0.0007777273856911315,"[-0.0013197160519502428, -0.00026719011787145635]","[-0.0015029021209464913, -0.00010985792749168743]",332
Singapore,missing_income_high,soft_kl_seed2026,response_weather,-0.0012613618858607419,"[-0.0020054942535528216, -0.0005971625273351569]","[-0.0022702528091977877, -0.0004310511204088674]",332
Singapore,missing_income_high,soft_kl_seed2026,response_fare,-0.0006014545369579131,"[-0.001000983522733651, -0.00028318961274372527]","[-0.0011387084615248513, -0.00021224416119147528]",332
Singapore,missing_income_high,soft_kl_seed2026,response_transit_delay,-0.0003020414319562625,"[-0.0006275087418259088, -1.0264552680842956e-05]","[-0.0007262256730864026, 7.644045351813585e-05]",332
Singapore,missing_income_high,soft_kl_seed2026,response_roadworks,0.0004714600831629282,"[-1.2916793306189848e-05, 0.0011181816436260574]","[-0.00010256254888442624, 0.0013795643910226982]",332
Singapore,missing_income_high,soft_kl_seed7,accuracy,0.0009036144578313252,"[-0.0006024096385542169, 0.0030120481927710845]","[-0.0009036144578313254, 0.004216867469879518]",332
Singapore,missing_income_high,soft_kl_seed7,brier,-0.002175435297960369,"[-0.003649144118004405, -0.0009204229990536386]","[-0.004303255301235183, -0.0006404972186282039]",332
Singapore,missing_income_high,soft_kl_seed7,nll_clipped,-0.002660523176853526,"[-0.004581480666852467, -0.0010176037524367095]","[-0.0053637662625150365, -0.00061816123308731]",332
Singapore,missing_income_high,soft_kl_seed7,pt_probability,0.0018212723237159383,"[0.0008264419254678559, 0.002965050930247069]","[0.0005708754836660192, 0.003387110241514864]",332
Singapore,missing_income_high,soft_kl_seed7,response_accessibility,-0.0016323468053197287,"[-0.002522928714303367, -0.0008524552032531028]","[-0.0028377300162002986, -0.0006630646392523611]",332
Singapore,missing_income_high,soft_kl_seed7,response_weather,0.00126495094498597,"[0.0004559152274314, 0.0021774592873898433]","[0.00025323726197547583, 0.002489288967125199]",332
Singapore,missing_income_high,soft_kl_seed7,response_fare,0.000761955101267401,"[0.0003048693581697452, 0.0012989097830267196]","[0.00018773386243685903, 0.001504596448671745]",332
Singapore,missing_income_high,soft_kl_seed7,response_transit_delay,-0.00031110534938164503,"[-0.0007605147468072015, 4.4299179340252586e-05]","[-0.0009387929646679795, 0.00012013237471748262]",332
Singapore,missing_income_high,soft_kl_seed7,response_roadworks,-0.00013433163424572312,"[-0.00040093297026602616, 7.301910095904246e-05]","[-0.0005053414839757494, 0.00011747536889041763]",332
Singapore,missing_income_high,ce_kl_seed42,accuracy,0.00030120481927710846,"[-0.001204819277108434, 0.0018072289156626509]","[-0.002108433734939759, 0.002108433734939759]",332
Singapore,missing_income_high,ce_kl_seed42,brier,0.0005968836008266224,"[-0.0010628520556965905, 0.002552729728391585]","[-0.0015334830980206873, 0.003374232410949326]",332
Singapore,missing_income_high,ce_kl_seed42,nll_clipped,0.0005807599398208481,"[-0.002237453875813841, 0.0037358131013755826]","[-0.0032552258553440023, 0.0047986027654856635]",332
Singapore,missing_income_high,ce_kl_seed42,pt_probability,-0.0008621738125368147,"[-0.0023583254593155197, 0.00043508338740555534]","[-0.0028272418114335656, 0.0008609860723386505]",332
Singapore,missing_income_high,ce_kl_seed42,response_accessibility,0.0017181656292516243,"[0.00013189171227003752, 0.0035082252246274397]","[-0.00035342419321553393, 0.004066254959739053]",332
Singapore,missing_income_high,ce_kl_seed42,response_weather,0.0017609908413815211,"[0.0008286642363710127, 0.0029046886242892456]","[0.0005944801498967482, 0.0032877736853951693]",332
Singapore,missing_income_high,ce_kl_seed42,response_fare,-0.0006180314728653574,"[-0.001276825965909534, -6.583133622644899e-05]","[-0.0014968335080936732, 9.899214998515378e-05]",332
Singapore,missing_income_high,ce_kl_seed42,response_transit_delay,-0.0006615016918001046,"[-0.0011700615533683672, -0.00019300495322053173]","[-0.0013265572339773225, -5.932307433258467e-05]",332
Singapore,missing_income_high,ce_kl_seed42,response_roadworks,-0.0008987125503011497,"[-0.0017448922327483994, -0.00024236253945224257]","[-0.0020506441503404136, -0.00010389340929238193]",332
Singapore,missing_income_high,ce_kl_seed2026,accuracy,-0.0015060240963855422,"[-0.0036144578313253017, 0.0]","[-0.004819277108433735, 0.0]",332
Singapore,missing_income_high,ce_kl_seed2026,brier,0.0010893954066053338,"[0.000298699406930797, 0.002085862692697912]","[0.00010684085992723656, 0.002434019281684102]",332
Singapore,missing_income_high,ce_kl_seed2026,nll_clipped,0.0013969143655570805,"[0.00045046027018673564, 0.0025508690897295843]","[0.0001977540826680926, 0.0029520721403358684]",332
Singapore,missing_income_high,ce_kl_seed2026,pt_probability,-0.0008667127989479397,"[-0.0016922031031677456, -0.00023255249511321496]","[-0.00199628060924714, -9.111576734520518e-05]",332
Singapore,missing_income_high,ce_kl_seed2026,response_accessibility,-3.6369327523083575e-05,"[-0.00047738806902801234, 0.0004571984709992287]","[-0.0006194815822843327, 0.000610381579629694]",332
Singapore,missing_income_high,ce_kl_seed2026,response_weather,-0.0013065256111054536,"[-0.002080106964132872, -0.0006322762920487541]","[-0.0023443867160703046, -0.0004413373423852478]",332
Singapore,missing_income_high,ce_kl_seed2026,response_fare,-0.0004679107567272991,"[-0.0007779674823339804, -0.00021129478644355237]","[-0.0008884908210665706, -0.00015260759000498137]",332
Singapore,missing_income_high,ce_kl_seed2026,response_transit_delay,-7.834394900016038e-05,"[-0.0001963478023556611, 3.7288714862282724e-05]","[-0.00023967172190300133, 7.23683133900882e-05]",332
Singapore,missing_income_high,ce_kl_seed2026,response_roadworks,0.0005744873400194099,"[0.00012871497366801803, 0.0011621145015380469]","[5.043513444532831e-05, 0.0013621773332895964]",332
Singapore,missing_income_high,ce_kl_seed7,accuracy,0.002108433734939759,"[0.0006024096385542169, 0.004216867469879518]","[0.00030120481927710846, 0.004819277108433735]",332
Singapore,missing_income_high,ce_kl_seed7,brier,-0.0027744106437699433,"[-0.004721528109610555, -0.0011712679731142271]","[-0.005452594366039195, -0.0008298896883068755]",332
Singapore,missing_income_high,ce_kl_seed7,nll_clipped,-0.0041781487746704,"[-0.007260078893436947, -0.0016300834872876875]","[-0.008594891515372552, -0.0010910959214285266]",332
Singapore,missing_income_high,ce_kl_seed7,pt_probability,0.002009779267877071,"[0.000988941860977134, 0.0031671895085152303]","[0.0007181453715591884, 0.0036025942724846097]",332
Singapore,missing_income_high,ce_kl_seed7,response_accessibility,-0.00032190787774252603,"[-0.0007716930777126227, 3.191428651741469e-05]","[-0.0009492308930886617, 0.00012640645979982172]",332
Singapore,missing_income_high,ce_kl_seed7,response_weather,0.000818987130131348,"[-0.0004398210198584809, 0.002152055988918586]","[-0.0008534675487036626, 0.0026042765161269367]",332
Singapore,missing_income_high,ce_kl_seed7,response_fare,0.0006235955529902354,"[0.00015320435267345732, 0.0011728624684219974]","[3.542637643235995e-05, 0.0013620928097067455]",332
Singapore,missing_income_high,ce_kl_seed7,response_transit_delay,-0.0002714736157108143,"[-0.0009328436494962009, 0.0003426978108613378]","[-0.0011506145186329553, 0.0005249138372664101]",332
Singapore,missing_income_high,ce_kl_seed7,response_roadworks,-0.0006428979426981455,"[-0.0013171736913991261, -0.00010956877685454954]","[-0.001586310177682394, 0.0]",332
Singapore,missing_income_high,signed_l1_seed42,accuracy,-0.0009036144578313252,"[-0.0027108433734939754, 0.0]","[-0.003614457831325301, 0.0]",332
Singapore,missing_income_high,signed_l1_seed42,brier,0.0005598482312502568,"[-0.0006523824466940872, 0.001970863942342032]","[-0.0010805232632710936, 0.002434837506637423]",332
Singapore,missing_income_high,signed_l1_seed42,nll_clipped,0.000933439119177047,"[-0.0007142862180616568, 0.0027031549111742274]","[-0.0012670508657645803, 0.0032671897632224516]",332
Singapore,missing_income_high,signed_l1_seed42,pt_probability,-0.0006870191544294358,"[-0.0019579699835235095, 0.0005337306660745874]","[-0.002411528208910162, 0.0009166207514389043]",332
Singapore,missing_income_high,signed_l1_seed42,response_accessibility,0.0015305610575589788,"[0.0007308203457708818, 0.0024082445864935954]","[0.0005232340198414153, 0.002675586439422272]",332
Singapore,missing_income_high,signed_l1_seed42,response_weather,0.002258318700793996,"[0.0012732484910906439, 0.003400154399169407]","[0.0010052485014480279, 0.0037655723491032784]",332
Singapore,missing_income_high,signed_l1_seed42,response_fare,-0.0002752896173890815,"[-0.0006960174697170774, 0.00011503698461386084]","[-0.0008301371118300651, 0.00024914929867688254]",332
Singapore,missing_income_high,signed_l1_seed42,response_transit_delay,-0.0010779035468417477,"[-0.0017555088960531965, -0.0005078534152448536]","[-0.001980365621127996, -0.0003598203474139598]",332
Singapore,missing_income_high,signed_l1_seed42,response_roadworks,-0.0007227117038634887,"[-0.0013991030359483628, -0.00018321821488529803]","[-0.0016279534807047212, -6.199672997715962e-05]",332
Singapore,missing_income_high,signed_l1_seed2026,accuracy,0.000602409638554217,"[-0.0006024096385542169, 0.002108433734939759]","[-0.0009036144578313254, 0.0030120481927710845]",332
Singapore,missing_income_high,signed_l1_seed2026,brier,-0.00016242808320231553,"[-0.0007087395793472319, 0.0004837328064001884]","[-0.0008838421708737178, 0.0007408366861580453]",332
Singapore,missing_income_high,signed_l1_seed2026,nll_clipped,-0.0003454849514211154,"[-0.0010153989978812388, 0.0003831756002737488]","[-0.0012309502366017922, 0.0006353717974798308]",332
Singapore,missing_income_high,signed_l1_seed2026,pt_probability,-8.658457726958285e-05,"[-0.0008980942449633436, 0.0005491016609369809]","[-0.0012100836676152715, 0.000705814551887471]",332
Singapore,missing_income_high,signed_l1_seed2026,response_accessibility,-0.0006462007940533649,"[-0.001123364228777677, -0.00021679377553603023]","[-0.0012812949953802737, -7.712858594415796e-05]",332
Singapore,missing_income_high,signed_l1_seed2026,response_weather,-0.0008493517132767712,"[-0.0014519058740192867, -0.00030419227094894444]","[-0.0016833629980907742, -0.00017152752536517453]",332
Singapore,missing_income_high,signed_l1_seed2026,response_fare,-0.0006714592497032808,"[-0.0011589256810944483, -0.0002892297591610128]","[-0.0013582034034272993, -0.00020732219319745732]",332
Singapore,missing_income_high,signed_l1_seed2026,response_transit_delay,-0.0002631364861525685,"[-0.0007354849663349878, 0.00018906569029821657]","[-0.0008958643374134259, 0.0003398105579551777]",332
Singapore,missing_income_high,signed_l1_seed2026,response_roadworks,0.00012671929526041789,"[-0.00034250274121043196, 0.0006121912701840855]","[-0.0004961513265608305, 0.0008159888724246599]",332
Singapore,missing_income_high,signed_l1_seed7,accuracy,0.0015060240963855422,"[0.0, 0.004518072289156626]","[0.0, 0.006024096385542169]",332
Singapore,missing_income_high,signed_l1_seed7,brier,-0.00199233553549706,"[-0.003484418084356365, -0.0007851388638889803]","[-0.004092234552638792, -0.000549553236107307]",332
Singapore,missing_income_high,signed_l1_seed7,nll_clipped,-0.002472540033916348,"[-0.004389806015947887, -0.0008637868242263708]","[-0.0051319200738390155, -0.0005132149394340569]",332
Singapore,missing_income_high,signed_l1_seed7,pt_probability,0.0017975326624687716,"[0.0007487615052658325, 0.003027337142020879]","[0.0005154139829507793, 0.003476215240332375]",332
Singapore,missing_income_high,signed_l1_seed7,response_accessibility,-0.0009544953614114279,"[-0.0016316204730152007, -0.00038602460815335624]","[-0.0018537949811083725, -0.00023664787916623782]",332
Singapore,missing_income_high,signed_l1_seed7,response_weather,0.0018442514049540084,"[0.0009235934211300259, 0.002928204115491405]","[0.0006892097818227597, 0.0033122078803962595]",332
Singapore,missing_income_high,signed_l1_seed7,response_fare,0.00041750618761562437,"[9.172978833407524e-05, 0.000791163003094584]","[1.0171328637614309e-05, 0.0009495939215622742]",332
Singapore,missing_income_high,signed_l1_seed7,response_transit_delay,9.952669301216143e-05,"[-0.0005415887409871646, 0.0006369550595290012]","[-0.000774578247457765, 0.0007743754895987459]",332
Singapore,missing_income_high,signed_l1_seed7,response_roadworks,-7.484458297132009e-05,"[-0.00035186419375689634, 0.00019172712801450692]","[-0.00043780602065913646, 0.0002868685548204959]",332
Singapore,missing_income_high,direction_magnitude_seed42,accuracy,-0.00030120481927710846,"[-0.002108433734939759, 0.0012048192771084338]","[-0.002710843373493976, 0.0015060240963855422]",332
Singapore,missing_income_high,direction_magnitude_seed42,brier,0.0008763300836294402,"[-0.00031719563953627446, 0.002293428138056241]","[-0.0006873050413993642, 0.0027426608364668845]",332
Singapore,missing_income_high,direction_magnitude_seed42,nll_clipped,0.0014552732190733356,"[-0.00010285531890310881, 0.003227912204276701]","[-0.0005898654199082851, 0.0037855856094365717]",332
Singapore,missing_income_high,direction_magnitude_seed42,pt_probability,-0.0008512265800711619,"[-0.0021816599778606586, 0.0003813413224822599]","[-0.002635308805785804, 0.0007662081200606962]",332
Singapore,missing_income_high,direction_magnitude_seed42,response_accessibility,0.0017599067145801452,"[0.0008415446521332824, 0.002783151989780276]","[0.0005808639824839242, 0.0031008599271032744]",332
Singapore,missing_income_high,direction_magnitude_seed42,response_weather,0.0026508993749697523,"[0.001511475839652121, 0.003944287301288043]","[0.001181110325774335, 0.004362136639306789]",332
Singapore,missing_income_high,direction_magnitude_seed42,response_fare,-0.00040171481668949127,"[-0.0008868410454008235, 9.386432693755026e-05]","[-0.00103658223737884, 0.0002806845428534294]",332
Singapore,missing_income_high,direction_magnitude_seed42,response_transit_delay,-0.0012141314660569272,"[-0.0020231222969491077, -0.0005330797183854753]","[-0.0023244958521282098, -0.00034059896717319386]",332
Singapore,missing_income_high,direction_magnitude_seed42,response_roadworks,-0.0005458857280662261,"[-0.0010698683649660594, -0.00011443840451987393]","[-0.0012498645179242973, -1.973613917109478e-05]",332
Singapore,missing_income_high,direction_magnitude_seed2026,accuracy,-0.0006024096385542169,"[-0.0015060240963855422, 0.0]","[-0.0018072289156626509, 0.0]",332
Singapore,missing_income_high,direction_magnitude_seed2026,brier,-0.00038629468906843287,"[-0.0009689729348485846, 0.00015116842519728252]","[-0.0011715664023634195, 0.00033983813971977814]",332
Singapore,missing_income_high,direction_magnitude_seed2026,nll_clipped,-0.0006508886246830413,"[-0.001454191949738685, 9.83486331234746e-05]","[-0.0017757974369944968, 0.0003458798617070507]",332
Singapore,missing_income_high,direction_magnitude_seed2026,pt_probability,0.0001609900988728167,"[-0.0008046437090778926, 0.0009102730215695427]","[-0.0011522333558132672, 0.0011132371825424117]",332
Singapore,missing_income_high,direction_magnitude_seed2026,response_accessibility,-0.0002461823758231588,"[-0.0005349792136126254, 1.7302139965166435e-05]","[-0.0006257618675345038, 9.452067674642485e-05]",332
Singapore,missing_income_high,direction_magnitude_seed2026,response_weather,-0.0009805646399597087,"[-0.0015079168813213347, -0.0005116256618737635]","[-0.0017067917454314518, -0.0003759835342910298]",332
Singapore,missing_income_high,direction_magnitude_seed2026,response_fare,-0.0005668015050959874,"[-0.0009988793979836517, -0.00022432812354920153]","[-0.0011513715021940598, -0.0001330495798533941]",332
Singapore,missing_income_high,direction_magnitude_seed2026,response_transit_delay,-0.00044041263859674156,"[-0.0009434333099164518, -5.4964638618106265e-06]","[-0.0011062560871198594, 0.00012750181268496446]",332
Singapore,missing_income_high,direction_magnitude_seed2026,response_roadworks,0.00017412707030055034,"[-0.0003118586445967835, 0.0007011410163109561]","[-0.0004890401428004345, 0.0009019406494426439]",332
Singapore,missing_income_high,direction_magnitude_seed7,accuracy,0.0024096385542168677,"[0.00030120481927710846, 0.0051204819277108436]","[0.0, 0.006024096385542169]",332
Singapore,missing_income_high,direction_magnitude_seed7,brier,-0.0026693879599867724,"[-0.004397334107494198, -0.0012324518257556007]","[-0.005071839831555223, -0.0009039030083778795]",332
Singapore,missing_income_high,direction_magnitude_seed7,nll_clipped,-0.0035529337566994673,"[-0.005928000289729881, -0.0015611648474063663]","[-0.006864013192651868, -0.0011102824143982117]",332
Singapore,missing_income_high,direction_magnitude_seed7,pt_probability,0.002543313445730965,"[0.001316258058671458, 0.003975980507416078]","[0.0009938939216985725, 0.00446796391886399]",332
Singapore,missing_income_high,direction_magnitude_seed7,response_accessibility,-0.0007004904594407024,"[-0.0011838656199355442, -0.0002874412775847568]","[-0.0013343842657484923, -0.0001905102896537785]",332
Singapore,missing_income_high,direction_magnitude_seed7,response_weather,0.0022561385419713445,"[0.0011751033702349087, 0.003508436863860452]","[0.0009022206744650402, 0.003902714410796761]",332
Singapore,missing_income_high,direction_magnitude_seed7,response_fare,0.0003226484699421618,"[-0.00012234970590615848, 0.0007801938409277473]","[-0.0002545104256595473, 0.0009382656600371174]",332
Singapore,missing_income_high,direction_magnitude_seed7,response_transit_delay,-0.0005034622666145485,"[-0.0011233291347126802, -2.4281644840242296e-05]","[-0.0013710129759498836, 7.385840865990891e-05]",332
Singapore,missing_income_high,direction_magnitude_seed7,response_roadworks,-0.00041057016835155255,"[-0.0008962800614086978, -1.6620809055236448e-05]","[-0.0010567252418722016, 5.412505692746266e-05]",332
Singapore,employed_office,s9,accuracy,-0.005722891566265062,"[-0.010240963855421687, -0.001204819277108434]","[-0.01174698795180723, 0.00030120481927710813]",332
Singapore,employed_office,s9,brier,0.005070430132492201,"[0.00040501849593535245, 0.009661486557493153]","[-0.0010336518270278132, 0.011141328040903425]",332
Singapore,employed_office,s9,nll_clipped,0.004821099278899736,"[-0.0020805023455645203, 0.0115138728062221]","[-0.004437986290598019, 0.013536913387836977]",332
Singapore,employed_office,s9,pt_probability,-0.002357321151206831,"[-0.00502298324023856, 0.00029530365630165204]","[-0.005896800082311572, 0.001208953423694846]",332
Singapore,employed_office,s9,response_accessibility,0.0037360614816467448,"[0.0017503467077075179, 0.005719852276673787]","[0.0012013382604345682, 0.00639432365787271]",332
Singapore,employed_office,s9,response_weather,0.0005374282082340803,"[-0.003911121472076748, 0.0050272706458457245]","[-0.005217965799159404, 0.006362337270774031]",332
Singapore,employed_office,s9,response_fare,-1.960531640124608e-05,"[-0.0012043984559173863, 0.0011777973400024925]","[-0.0015927540250571378, 0.0015625863014551995]",332
Singapore,employed_office,s9,response_transit_delay,-0.01804423240765211,"[-0.02117494663072144, -0.014939945924140692]","[-0.022245896416968745, -0.01394848446799331]",332
Singapore,employed_office,s9,response_roadworks,0.00029468513935445304,"[-0.001536847702620259, 0.0022853075066603806]","[-0.002021591034325132, 0.002896238086318754]",332
Singapore,employed_office,mnl_s,accuracy,0.0018072289156626513,"[-0.006024096385542168, 0.009036144578313254]","[-0.008734939759036144, 0.011144578313253013]",332
Singapore,employed_office,mnl_s,brier,-0.0001714741623317018,"[-0.0034953004574726407, 0.003093253631144576]","[-0.004539526214919326, 0.00411425446074679]",332
Singapore,employed_office,mnl_s,nll_clipped,-0.00021073827146440055,"[-0.0045871922041507114, 0.0041322598175733615]","[-0.005941502524662995, 0.0056047496187097345]",332
Singapore,employed_office,mnl_s,pt_probability,0.003671305588719335,"[0.00020980839780579782, 0.0072080905985840975]","[-0.0008086322671794518, 0.008375893986128561]",332
Singapore,employed_office,mnl_s,response_accessibility,0.0019139246180113977,"[0.0006896354150746497, 0.0032394052263679213]","[0.00028164161251621874, 0.003662520260971103]",332
Singapore,employed_office,mnl_s,response_weather,0.0019971717560254665,"[0.0002444660387481609, 0.0038226050929202463]","[-0.00022146879323315256, 0.004463992461995532]",332
Singapore,employed_office,mnl_s,response_fare,7.833527998102986e-05,"[2.7285505703796933e-05, 0.0001278441970643882]","[1.1090688512042146e-05, 0.00014261654072064396]",332
Singapore,employed_office,mnl_s,response_transit_delay,0.000997536456023276,"[0.00019443526808661927, 0.0017906399641968796]","[-9.973900054523725e-05, 0.0020363416188133986]",332
Singapore,employed_office,mnl_s,response_roadworks,0.0010095725784677822,"[0.0006988941749274713, 0.0013094918871266454]","[0.0006062928615489627, 0.0014183220624143604]",332
Singapore,employed_office,soft_kl_seed42,accuracy,-0.008132530120481929,"[-0.012349397590361447, -0.004216867469879518]","[-0.013855421686746987, -0.0030120481927710845]",332
Singapore,employed_office,soft_kl_seed42,brier,0.002200684337085605,"[-0.0010681994297920801, 0.005544988267206904]","[-0.0020376512184953925, 0.006507412373141496]",332
Singapore,employed_office,soft_kl_seed42,nll_clipped,0.004521773250153363,"[0.00038995774106002375, 0.00866327581003557]","[-0.00089986743075647, 0.00985315040163294]",332
Singapore,employed_office,soft_kl_seed42,pt_probability,-3.325933904712405e-05,"[-0.0028762021685490406, 0.0029325852969223714]","[-0.0036735432500872452, 0.004062206437272641]",332
Singapore,employed_office,soft_kl_seed42,response_accessibility,-0.00483084029058017,"[-0.006431748531478267, -0.0033024574725338852]","[-0.006928039025683629, -0.00282685685033226]",332
Singapore,employed_office,soft_kl_seed42,response_weather,-0.004223932972155422,"[-0.006068483492954219, -0.0023975566753287286]","[-0.006620657222109835, -0.0018253302553399326]",332
Singapore,employed_office,soft_kl_seed42,response_fare,0.0003114556332668626,"[-0.0008975377844938312, 0.0015390515484544167]","[-0.0012439818033970983, 0.0019292781888002328]",332
Singapore,employed_office,soft_kl_seed42,response_transit_delay,0.002042104770620185,"[-0.00010952513625688222, 0.004277035930048091]","[-0.0008746393801397587, 0.004990278140596858]",332
Singapore,employed_office,soft_kl_seed42,response_roadworks,-0.00035678406795823433,"[-0.0019061682678489802, 0.0011979936453771877]","[-0.0023712847960821117, 0.001680609468056494]",332
Singapore,employed_office,soft_kl_seed2026,accuracy,0.0015060240963855422,"[-0.006927710843373494, 0.00993975903614458]","[-0.009640060240963857, 0.012951807228915662]",332
Singapore,employed_office,soft_kl_seed2026,brier,-0.007717941730183463,"[-0.01091219456439205, -0.0046144478489687085]","[-0.012080765136044587, -0.0036664316997582795]",332
Singapore,employed_office,soft_kl_seed2026,nll_clipped,-0.008077337483177443,"[-0.012490434194204753, -0.003781624592251681]","[-0.014076505122364712, -0.0025651331626298174]",332
Singapore,employed_office,soft_kl_seed2026,pt_probability,0.019423084444063436,"[0.01672050884091688, 0.022166941351515344]","[0.01591293630198609, 0.02307560045887007]",332
Singapore,employed_office,soft_kl_seed2026,response_accessibility,-0.0030584750438939377,"[-0.005823351227655917, -0.00035885496286630755]","[-0.00656929737254304, 0.0005255934284405266]",332
Singapore,employed_office,soft_kl_seed2026,response_weather,0.0010061168886092771,"[-0.0007914153376526861, 0.0027836819027875917]","[-0.0013943454020667867, 0.0033818709637116855]",332
Singapore,employed_office,soft_kl_seed2026,response_fare,-0.0007588937654193625,"[-0.002068910139601633, 0.0005725462202835512]","[-0.002482790399948696, 0.0009918418417808137]",332
Singapore,employed_office,soft_kl_seed2026,response_transit_delay,-0.007177244243492563,"[-0.008976357161202075, -0.005463036776138807]","[-0.00962988487517753, -0.00489563630691853]",332
Singapore,employed_office,soft_kl_seed2026,response_roadworks,0.01168475614254733,"[0.009043585928718009, 0.0145045391025852]","[0.00830682474401701, 0.015489677285932594]",332
Singapore,employed_office,soft_kl_seed7,accuracy,0.002108433734939759,"[-0.0009036144578313254, 0.005421686746987951]","[-0.0021084337349397586, 0.006325301204819277]",332
Singapore,employed_office,soft_kl_seed7,brier,0.005813613470590636,"[0.0038115260735425804, 0.007745015587973073]","[0.003142620178442661, 0.008397681383073894]",332
Singapore,employed_office,soft_kl_seed7,nll_clipped,0.008596778732251018,"[0.0060033089578105546, 0.011125509000039809]","[0.00516323002209731, 0.011985862207808855]",332
Singapore,employed_office,soft_kl_seed7,pt_probability,-0.0038012836033096873,"[-0.0058309893637154995, -0.0017515417046743982]","[-0.006475782574555577, -0.0009898489676275666]",332
Singapore,employed_office,soft_kl_seed7,response_accessibility,-0.012552218264844045,"[-0.014124946787684079, -0.01099498858338738]","[-0.0145703511551606, -0.01056290422723326]",332
Singapore,employed_office,soft_kl_seed7,response_weather,-0.003933837401669428,"[-0.005958032025955617, -0.0019950247672666996]","[-0.006583088600379695, -0.0013709654936185727]",332
Singapore,employed_office,soft_kl_seed7,response_fare,-0.0028796664338154965,"[-0.004488089294677757, -0.0012585430052580245]","[-0.005059222547023232, -0.0007526563818241209]",332
Singapore,employed_office,soft_kl_seed7,response_transit_delay,0.0007482712628342301,"[-0.00046797331649787625, 0.001967210155288991]","[-0.0008124503151917584, 0.0023652760369186924]",332
Singapore,employed_office,soft_kl_seed7,response_roadworks,0.01005450654101659,"[0.007434727217867432, 0.012841191308864628]","[0.006575841797762607, 0.013832420943731282]",332
Singapore,employed_office,ce_kl_seed42,accuracy,-0.003313253012048193,"[-0.008433734939759036, 0.0012048192771084338]","[-0.00993975903614458, 0.0024096385542168677]",332
Singapore,employed_office,ce_kl_seed42,brier,-0.004627219999008741,"[-0.010249915687728109, 0.0007541225828855672]","[-0.011818280404928265, 0.00243659643520342]",332
Singapore,employed_office,ce_kl_seed42,nll_clipped,-0.009879639796047023,"[-0.019284901307439928, -0.0009773749704908563]","[-0.022173781037288717, 0.0016072723554354587]",332
Singapore,employed_office,ce_kl_seed42,pt_probability,0.004466200684735844,"[0.0006339132934016268, 0.008432932033228788]","[-0.000568404050769021, 0.009785092048488656]",332
Singapore,employed_office,ce_kl_seed42,response_accessibility,-0.01328050827674837,"[-0.016789516914041198, -0.009954064176312696]","[-0.017890110583365783, -0.00900661250140171]",332
Singapore,employed_office,ce_kl_seed42,response_weather,-0.006060586024793875,"[-0.008358946342458836, -0.0039012540506300013]","[-0.009137892143124804, -0.003174404825886196]",332
Singapore,employed_office,ce_kl_seed42,response_fare,0.00046720315354416167,"[-0.0016184899675469083, 0.0025221679701907434]","[-0.002357583207987159, 0.0031400997581027715]",332
Singapore,employed_office,ce_kl_seed42,response_transit_delay,-0.004321571734049414,"[-0.0059482549632063515, -0.0027283546304420004]","[-0.006515711656552796, -0.0022779674497881873]",332
Singapore,employed_office,ce_kl_seed42,response_roadworks,-0.00844863640615739,"[-0.010921746178204754, -0.00612407721893256]","[-0.01171461433261992, -0.005417223804776219]",332
Singapore,employed_office,ce_kl_seed2026,accuracy,-0.0036144578313253017,"[-0.015662650602409643, 0.008433734939759036]","[-0.019879518072289156, 0.012048192771084338]",332
Singapore,employed_office,ce_kl_seed2026,brier,-0.007978707101326149,"[-0.01566254696152525, -0.0004287621470490991]","[-0.018186030847875633, 0.001617254195359363]",332
Singapore,employed_office,ce_kl_seed2026,nll_clipped,-0.008420527445912563,"[-0.020466596192704935, 0.003167950995465436]","[-0.024520753536783645, 0.0060448873061458835]",332
Singapore,employed_office,ce_kl_seed2026,pt_probability,0.02158165702551424,"[0.015717381282186367, 0.027515006732687933]","[0.013764546769808593, 0.029419874522579745]",332
Singapore,employed_office,ce_kl_seed2026,response_accessibility,-0.02677463725523417,"[-0.031095284755490383, -0.022591908074598422]","[-0.03243324495812721, -0.02153161876508129]",332
Singapore,employed_office,ce_kl_seed2026,response_weather,-0.004302025009619902,"[-0.006986274735171751, -0.0017139034278421544]","[-0.007745818417149046, -0.0008077414914494375]",332
Singapore,employed_office,ce_kl_seed2026,response_fare,-0.0008119311497872135,"[-0.0017942830224532678, 0.00017693723293851565]","[-0.0020851824669369376, 0.0005082270390836542]",332
Singapore,employed_office,ce_kl_seed2026,response_transit_delay,-0.007172727059707584,"[-0.008847453873267913, -0.005601256810470922]","[-0.009320771112920245, -0.005166155021183246]",332
Singapore,employed_office,ce_kl_seed2026,response_roadworks,0.00879236463322697,"[0.0049083805609359795, 0.012783245678362717]","[0.003659802846251482, 0.01412194921534104]",332
Singapore,employed_office,ce_kl_seed7,accuracy,-0.0036144578313253017,"[-0.006626506024096386, -0.0009036144578313251]","[-0.007530120481927711, 8.360113137237625e-20]",332
Singapore,employed_office,ce_kl_seed7,brier,0.0042744890896623125,"[0.0017363339601990197, 0.006806385646262398]","[0.0009164201826989155, 0.00766163809293395]",332
Singapore,employed_office,ce_kl_seed7,nll_clipped,0.002804612689111037,"[-0.0008787082161599845, 0.006389303641233617]","[-0.002040736016945538, 0.0076751630748837785]",332
Singapore,employed_office,ce_kl_seed7,pt_probability,-0.0014999349680112073,"[-0.0036604418450789738, 0.0006917036520190957]","[-0.004436274542119803, 0.0013681425908636422]",332
Singapore,employed_office,ce_kl_seed7,response_accessibility,-0.00836096073960863,"[-0.009641806762637458, -0.007089040027819125]","[-0.010076428761352303, -0.006736486771491818]",332
Singapore,employed_office,ce_kl_seed7,response_weather,0.003830316605562546,"[0.0009831236609459731, 0.006740711978356163]","[4.835217781589346e-05, 0.007681104490612014]",332
Singapore,employed_office,ce_kl_seed7,response_fare,-0.00024965748819242043,"[-0.0018039969281371997, 0.001320141967924603]","[-0.002287257968291012, 0.0018032692033932134]",332
Singapore,employed_office,ce_kl_seed7,response_transit_delay,0.0003690041141606957,"[-0.0008683275949653149, 0.00162495755287538]","[-0.0012598135850689631, 0.0020190100325551998]",332
Singapore,employed_office,ce_kl_seed7,response_roadworks,0.012306199914001557,"[0.009400450624525547, 0.015411930755678429]","[0.008591207706605096, 0.016409152055675343]",332
Singapore,employed_office,signed_l1_seed42,accuracy,-0.002108433734939759,"[-0.004518072289156626, 0.0]","[-0.005421686746987952, 0.000602409638554217]",332
Singapore,employed_office,signed_l1_seed42,brier,0.0015544298264219293,"[-0.0015861360455248785, 0.0046753413521272635]","[-0.0025330984749563513, 0.005595592955143199]",332
Singapore,employed_office,signed_l1_seed42,nll_clipped,0.00388354401720095,"[-0.00029736012786190584, 0.008019742164328242]","[-0.0015994413553378735, 0.009183076245959026]",332
Singapore,employed_office,signed_l1_seed42,pt_probability,-0.0022649314063769503,"[-0.0049205361871071255, 0.0004172649191333406]","[-0.005725454675734985, 0.0012688395995197714]",332
Singapore,employed_office,signed_l1_seed42,response_accessibility,-0.006010518027806139,"[-0.007153891810182347, -0.004885388151405896]","[-0.007505495221331626, -0.004518460878339338]",332
Singapore,employed_office,signed_l1_seed42,response_weather,-0.003304829731224531,"[-0.005017401485041861, -0.0016096511305904535]","[-0.005572512873605522, -0.0010606539074376408]",332
Singapore,employed_office,signed_l1_seed42,response_fare,-0.0006925795586353325,"[-0.0018197795690362711, 0.0004686578934316525]","[-0.002209514670567699, 0.0007989556768751964]",332
Singapore,employed_office,signed_l1_seed42,response_transit_delay,0.0023841044854327857,"[0.0004477691354162722, 0.004428615590490131]","[-0.00016311969742717507, 0.0050987321251711555]",332
Singapore,employed_office,signed_l1_seed42,response_roadworks,-0.0008599171976009047,"[-0.002375110745968589, 0.0006774202797068171]","[-0.002872165328856692, 0.0010708193229623563]",332
Singapore,employed_office,signed_l1_seed2026,accuracy,0.005421686746987951,"[-0.0015060240963855422, 0.012048192771084338]","[-0.003614457831325301, 0.014158132530120245]",332
Singapore,employed_office,signed_l1_seed2026,brier,-0.003507204701719708,"[-0.006671821430176418, -0.0004269669725779139]","[-0.007755329665900734, 0.000497618703877702]",332
Singapore,employed_office,signed_l1_seed2026,nll_clipped,-0.0009629249109267807,"[-0.005055002789996084, 0.003063061817644407]","[-0.006501781745867851, 0.0042669175673950305]",332
Singapore,employed_office,signed_l1_seed2026,pt_probability,0.016574314288817435,"[0.013509697571245345, 0.019706816118047855]","[0.012610494365879193, 0.020694132729270766]",332
Singapore,employed_office,signed_l1_seed2026,response_accessibility,-0.0036779877684830903,"[-0.006208981079728264, -0.0011954203809061684]","[-0.007012517450079995, -0.0004715665053093811]",332
Singapore,employed_office,signed_l1_seed2026,response_weather,-0.011622124676962933,"[-0.013901418023350008, -0.009387019479153567]","[-0.014692237698865762, -0.00873752468288035]",332
Singapore,employed_office,signed_l1_seed2026,response_fare,0.0007808155952447869,"[-0.0003276664427066424, 0.001921610457328967]","[-0.0006489946340850319, 0.002289238412785958]",332
Singapore,employed_office,signed_l1_seed2026,response_transit_delay,-9.063474205603083e-06,"[-0.002049916359898915, 0.002075186805485422]","[-0.0026786241449236153, 0.002799317536269682]",332
Singapore,employed_office,signed_l1_seed2026,response_roadworks,0.009108284420995828,"[0.007105509057102433, 0.011295180148388966]","[0.006416370382150972, 0.0119919433485133]",332
Singapore,employed_office,signed_l1_seed7,accuracy,0.001204819277108434,"[-0.0015060240963855425, 0.003915662650602411]","[-0.0027108433734939754, 0.004820783132529881]",332
Singapore,employed_office,signed_l1_seed7,brier,0.003860016536737401,"[0.001554571400624143, 0.006101018796763859]","[0.0007794496758373969, 0.0068146963004964995]",332
Singapore,employed_office,signed_l1_seed7,nll_clipped,0.00549284886900761,"[0.002271166603516114, 0.008570674018504858]","[0.0013130233206625987, 0.009552457963102215]",332
Singapore,employed_office,signed_l1_seed7,pt_probability,-0.003147435464043484,"[-0.005459633533687173, -0.0007974454791198142]","[-0.006093548129447343, -4.937705694815966e-05]",332
Singapore,employed_office,signed_l1_seed7,response_accessibility,-0.01853883015104087,"[-0.020299928851358322, -0.01677706586309226]","[-0.020806007509916482, -0.016213779752198832]",332
Singapore,employed_office,signed_l1_seed7,response_weather,-0.002523709122226181,"[-0.0045444141102797654, -0.0004900512989632889]","[-0.005195314312320068, 0.00011218819542821509]",332
Singapore,employed_office,signed_l1_seed7,response_fare,-0.0055185147976300804,"[-0.0070691038854420185, -0.00397499257709876]","[-0.007594722767573703, -0.0035204608721591283]",332
Singapore,employed_office,signed_l1_seed7,response_transit_delay,-0.0007377798270703439,"[-0.002279822978454765, 0.0007868143707424029]","[-0.0027432574033288354, 0.001259893841048447]",332
Singapore,employed_office,signed_l1_seed7,response_roadworks,0.010143457496740732,"[0.0075384771855301165, 0.01285867742655507]","[0.006701776798679886, 0.013781781164727296]",332
Singapore,employed_office,direction_magnitude_seed42,accuracy,-0.0012048192771084338,"[-0.003313253012048193, 0.0009036144578313257]","[-0.004216867469879518, 0.0018072289156626509]",332
Singapore,employed_office,direction_magnitude_seed42,brier,0.0015452249951303466,"[-0.0015433293205558997, 0.00462117648651204]","[-0.002474588336674371, 0.005599407170936474]",332
Singapore,employed_office,direction_magnitude_seed42,nll_clipped,0.003435784927721522,"[-0.0007075583648056785, 0.007480280289620737]","[-0.0020080166534357825, 0.008750722626429721]",332
Singapore,employed_office,direction_magnitude_seed42,pt_probability,-0.0008887663449957426,"[-0.0035373978728024534, 0.001830416570294154]","[-0.004359301355835723, 0.0026799646753996945]",332
Singapore,employed_office,direction_magnitude_seed42,response_accessibility,-0.002792526878057474,"[-0.004164027181139822, -0.0014559318951095446]","[-0.004608584121374571, -0.0010756449957928025]",332
Singapore,employed_office,direction_magnitude_seed42,response_weather,-0.008358512847987285,"[-0.010096533343768173, -0.006647514344855066]","[-0.010620475260720377, -0.006134979272912069]",332
Singapore,employed_office,direction_magnitude_seed42,response_fare,0.0016593120049640357,"[0.0002626733663660216, 0.003040959680991539]","[-0.00025203707224004954, 0.0035276869024677376]",332
Singapore,employed_office,direction_magnitude_seed42,response_transit_delay,0.002021589013467352,"[-0.0001918006542486598, 0.004338112065052411]","[-0.0009458344663123051, 0.005219088997243036]",332
Singapore,employed_office,direction_magnitude_seed42,response_roadworks,-0.002519002879958555,"[-0.004105973605021655, -0.0010212302297712816]","[-0.004555989769119096, -0.0005373115384255566]",332
Singapore,employed_office,direction_magnitude_seed2026,accuracy,-0.0003012048192771094,"[-0.008132530120481929, 0.0072289156626506035]","[-0.010542168674698794, 0.00963855421686747]",332
Singapore,employed_office,direction_magnitude_seed2026,brier,-0.0006977437317571974,"[-0.0043580693349934575, 0.002772697966513873]","[-0.005592157416549804, 0.0038164265712522863]",332
Singapore,employed_office,direction_magnitude_seed2026,nll_clipped,0.004586931307565692,"[-0.0002720807824889056, 0.009278425876702138]","[-0.0019811256621851603, 0.010537173065363567]",332
Singapore,employed_office,direction_magnitude_seed2026,pt_probability,0.005564634985548546,"[0.0021683585256652292, 0.00895264861016837]","[0.0011425634861800332, 0.010024798287881012]",332
Singapore,employed_office,direction_magnitude_seed2026,response_accessibility,-0.010671796894306878,"[-0.01243768114237541, -0.008983359188234145]","[-0.01304129833877311, -0.008461718771617907]",332
Singapore,employed_office,direction_magnitude_seed2026,response_weather,-0.0019940491765737534,"[-0.003965357781376645, -9.008152017661639e-05]","[-0.004600430107563285, 0.0005906861722581505]",332
Singapore,employed_office,direction_magnitude_seed2026,response_fare,-0.0007038657071001558,"[-0.0018552593078957984, 0.00044442653846758675]","[-0.0022468204776116885, 0.0008565138026802605]",332
Singapore,employed_office,direction_magnitude_seed2026,response_transit_delay,-0.00407684073749795,"[-0.006180963771844125, -0.002055008400859964]","[-0.0068302443847957865, -0.0012997994349753317]",332
Singapore,employed_office,direction_magnitude_seed2026,response_roadworks,0.013113672474780715,"[0.01059083775448871, 0.015835913694856395]","[0.009752233745642457, 0.016602455575961666]",332
Singapore,employed_office,direction_magnitude_seed7,accuracy,-0.014759036144578314,"[-0.02108433734939759, -0.008734939759036144]","[-0.023192771084337354, -0.006926204819277349]",332
Singapore,employed_office,direction_magnitude_seed7,brier,0.003545194658426264,"[0.0016104528853229045, 0.005471038001684653]","[0.0009211312240641608, 0.006084459973226293]",332
Singapore,employed_office,direction_magnitude_seed7,nll_clipped,0.0038686273320093717,"[0.0012205735871582463, 0.006457833943853165]","[0.00043566721194338546, 0.007253369380922425]",332
Singapore,employed_office,direction_magnitude_seed7,pt_probability,-0.000410708890462025,"[-0.002357840636681627, 0.0015483346696454241]","[-0.0028997643078236936, 0.0022255000178095464]",332
Singapore,employed_office,direction_magnitude_seed7,response_accessibility,-0.012266050485602344,"[-0.01377674955538059, -0.01071985628882266]","[-0.014261945045654133, -0.010280797206628394]",332
Singapore,employed_office,direction_magnitude_seed7,response_weather,-0.004793334797204259,"[-0.007036809404717242, -0.002598540802733098]","[-0.007775590763853706, -0.001891189129035699]",332
Singapore,employed_office,direction_magnitude_seed7,response_fare,-0.004020480169768793,"[-0.005601347167695682, -0.0023938757075692516]","[-0.006109826430813017, -0.0018890740397016054]",332
Singapore,employed_office,direction_magnitude_seed7,response_transit_delay,-0.0014342625831612892,"[-0.0027060912145864136, -0.00015304406744733861]","[-0.003108167138833592, 0.0002186585528423994]",332
Singapore,employed_office,direction_magnitude_seed7,response_roadworks,0.00518627832811999,"[0.002585258682718478, 0.007846510524760528]","[0.0017769999250051487, 0.008723805150892357]",332
Singapore,transit_pass_yes,s9,accuracy,0.00783132530120482,"[0.0036144578313253017, 0.012349397590361445]","[0.0024081325301204826, 0.01355421686746988]",332
Singapore,transit_pass_yes,s9,brier,-0.02245288772179659,"[-0.025480685564784108, -0.019520301930915057]","[-0.02642848450965124, -0.018643878051555464]",332
Singapore,transit_pass_yes,s9,nll_clipped,-0.03393116261127646,"[-0.03826535573413651, -0.029600292287312133]","[-0.03982391956320089, -0.028378495744797585]",332
Singapore,transit_pass_yes,s9,pt_probability,0.019208222437447995,"[0.017309735060209434, 0.021133054999048342]","[0.016731186452307683, 0.02177000270372378]",332
Singapore,transit_pass_yes,s9,response_accessibility,0.014637075572173638,"[0.012730706267827472, 0.01661413372746747]","[0.01212019619004554, 0.01725782876405079]",332
Singapore,transit_pass_yes,s9,response_weather,0.012735214454671705,"[0.009276805598715163, 0.016359811787583292]","[0.008125468288290215, 0.017598830256162275]",332
Singapore,transit_pass_yes,s9,response_fare,0.00898160509406084,"[0.007649143537540123, 0.0103758365589093]","[0.007210971198931157, 0.010815324209664152]",332
Singapore,transit_pass_yes,s9,response_transit_delay,-0.0015135696943265845,"[-0.004198885588704731, 0.0012436673481365191]","[-0.004951729317762362, 0.002066205768447634]",332
Singapore,transit_pass_yes,s9,response_roadworks,-0.008870571223368129,"[-0.011779560179012008, -0.006016893468303494]","[-0.012713256961924126, -0.005115071454769876]",332
Singapore,transit_pass_yes,mnl_s,accuracy,-0.0024096385542168677,"[-0.006927710843373494, 0.002108433734939758]","[-0.008132530120481929, 0.003313253012048193]",332
Singapore,transit_pass_yes,mnl_s,brier,-0.0008982657422137062,"[-0.002044453153744656, 0.0002571551264946275]","[-0.0024102327922684427, 0.0006092612662621242]",332
Singapore,transit_pass_yes,mnl_s,nll_clipped,-0.0010148181892559746,"[-0.0026417009724334834, 0.0005744287151317325]","[-0.003144543839274394, 0.0010680354036926168]",332
Singapore,transit_pass_yes,mnl_s,pt_probability,0.005126768093946255,"[0.0038619651300028164, 0.006371840559292392]","[0.0034192239037336395, 0.006845693878414054]",332
Singapore,transit_pass_yes,mnl_s,response_accessibility,0.0035429424046403667,"[0.0029978377144751467, 0.0040989907441519495]","[0.0028310101018623668, 0.004278584851044282]",332
Singapore,transit_pass_yes,mnl_s,response_weather,-0.003753023065117193,"[-0.004047358657454566, -0.003458930030538737]","[-0.004130703863058181, -0.0033575515443847693]",332
Singapore,transit_pass_yes,mnl_s,response_fare,-0.00017605655644400408,"[-0.0001970628807044616, -0.0001556303493734734]","[-0.0002042437268043336, -0.00014937370662095541]",332
Singapore,transit_pass_yes,mnl_s,response_transit_delay,-0.0007671785832216867,"[-0.0009747791474192374, -0.0005614529261227289]","[-0.0010431237921897738, -0.0004883788865815051]",332
Singapore,transit_pass_yes,mnl_s,response_roadworks,-0.000757609340735128,"[-0.0009974745105863368, -0.0005182777411601797]","[-0.0010729413203831029, -0.00044876930492399725]",332
Singapore,transit_pass_yes,soft_kl_seed42,accuracy,-0.0018072289156626509,"[-0.004216867469879518, 0.0006024096385542169]","[-0.004819277108433735, 0.0015060240963855422]",332
Singapore,transit_pass_yes,soft_kl_seed42,brier,-0.0011928228495752717,"[-0.0027272514035590525, 0.00034147466642678125]","[-0.003179171627697576, 0.0008406506103594409]",332
Singapore,transit_pass_yes,soft_kl_seed42,nll_clipped,-0.001954759650312502,"[-0.004112388761232182, 0.00015896849195253147]","[-0.0047382608610370405, 0.0007852156202698364]",332
Singapore,transit_pass_yes,soft_kl_seed42,pt_probability,0.004862691095121294,"[0.003554108040687819, 0.006201001640987099]","[0.0031333469295066344, 0.006649401478587184]",332
Singapore,transit_pass_yes,soft_kl_seed42,response_accessibility,0.005160681779933981,"[0.0038394281486363474, 0.0064711126010775204]","[0.003363800900146724, 0.00690340937743613]",332
Singapore,transit_pass_yes,soft_kl_seed42,response_weather,0.008880844564143434,"[0.007378777887402888, 0.01039705854919122]","[0.006934369727632547, 0.010889942915605223]",332
Singapore,transit_pass_yes,soft_kl_seed42,response_fare,-0.0013882131820701692,"[-0.0022953786303749287, -0.0005173255386481803]","[-0.002579849505774587, -0.0002383851062461583]",332
Singapore,transit_pass_yes,soft_kl_seed42,response_transit_delay,-0.00834097316017352,"[-0.009503712943833635, -0.007221654352889093]","[-0.009858780127097235, -0.006914206165652049]",332
Singapore,transit_pass_yes,soft_kl_seed42,response_roadworks,-0.0002820853547877576,"[-0.0013637917677322064, 0.0007586106343800762]","[-0.0017140183081648436, 0.001091600968446355]",332
Singapore,transit_pass_yes,soft_kl_seed2026,accuracy,-0.002710843373493976,"[-0.008734939759036145, 0.0033132530120481922]","[-0.01054367469879518, 0.00542168674698795]",332
Singapore,transit_pass_yes,soft_kl_seed2026,brier,-0.0014779835795554566,"[-0.0034330251215892726, 0.00045023657294193496]","[-0.004133297973566159, 0.000981846419478576]",332
Singapore,transit_pass_yes,soft_kl_seed2026,nll_clipped,0.00037450615797985964,"[-0.0022123331689180227, 0.002907854192946222]","[-0.00310356446921712, 0.0036553594913714574]",332
Singapore,transit_pass_yes,soft_kl_seed2026,pt_probability,0.006481718754463167,"[0.004981831498121484, 0.00800627955943851]","[0.004518720282617597, 0.008533859521428301]",332
Singapore,transit_pass_yes,soft_kl_seed2026,response_accessibility,-0.014678192089300558,"[-0.01568707161083683, -0.01370245431204809]","[-0.016028806451814676, -0.013443753183005853]",332
Singapore,transit_pass_yes,soft_kl_seed2026,response_weather,-0.004557782604572284,"[-0.005897422543872731, -0.003206178600933538]","[-0.00634320284138961, -0.0028430040577897843]",332
Singapore,transit_pass_yes,soft_kl_seed2026,response_fare,-0.0012005213648080826,"[-0.002017457935263414, -0.00038932034106229475]","[-0.0022576951213091256, -0.00014198098455118192]",332
Singapore,transit_pass_yes,soft_kl_seed2026,response_transit_delay,-0.009046778531677752,"[-0.01028928563183914, -0.007856215304885821]","[-0.010734863397777529, -0.007486442354653618]",332
Singapore,transit_pass_yes,soft_kl_seed2026,response_roadworks,0.0063274803470416245,"[0.00459017796239939, 0.008196753030081829]","[0.004055989778499646, 0.008818591344114144]",332
Singapore,transit_pass_yes,soft_kl_seed7,accuracy,0.00391566265060241,"[-0.00030120481927710835, 0.008132530120481929]","[-0.0015075301204819274, 0.009337349397590363]",332
Singapore,transit_pass_yes,soft_kl_seed7,brier,-0.016689405032986382,"[-0.019185962889717818, -0.01415549871739239]","[-0.020005496658357012, -0.01329024748100786]",332
Singapore,transit_pass_yes,soft_kl_seed7,nll_clipped,-0.022650117932346833,"[-0.02621456591607704, -0.01908572069330599]","[-0.027423150323666882, -0.017960056755793586]",332
Singapore,transit_pass_yes,soft_kl_seed7,pt_probability,0.023438299171267503,"[0.0217818422982587, 0.025145050338034637]","[0.021281559281946017, 0.025667923420670438]",332
Singapore,transit_pass_yes,soft_kl_seed7,response_accessibility,-0.005085351069020219,"[-0.006327973611383553, -0.0038100069099812808]","[-0.0067280886364898766, -0.0034054499575082867]",332
Singapore,transit_pass_yes,soft_kl_seed7,response_weather,-0.007250690754188831,"[-0.008740268799992481, -0.00582185629895518]","[-0.00920746829770281, -0.0054004033205537014]",332
Singapore,transit_pass_yes,soft_kl_seed7,response_fare,0.01082019581941955,"[0.009655285145840553, 0.012071226934442318]","[0.009326496641095503, 0.012448943526293313]",332
Singapore,transit_pass_yes,soft_kl_seed7,response_transit_delay,-0.003416399942733437,"[-0.0052725324875686356, -0.0015697834268492852]","[-0.005886046726856919, -0.0010202884485844153]",332
Singapore,transit_pass_yes,soft_kl_seed7,response_roadworks,0.0065405662339853956,"[0.0047143884272460475, 0.008531843969620855]","[0.004202326832406492, 0.009181853353707902]",332
Singapore,transit_pass_yes,ce_kl_seed42,accuracy,0.0012048192771084338,"[-0.0012048192771084338, 0.0036144578313253017]","[-0.0018072289156626509, 0.004216867469879518]",332
Singapore,transit_pass_yes,ce_kl_seed42,brier,-0.007351901036513904,"[-0.009459483425389664, -0.0051983692020610124]","[-0.010165899835333454, -0.004522114138587662]",332
Singapore,transit_pass_yes,ce_kl_seed42,nll_clipped,-0.015365425331688791,"[-0.01957358727283688, -0.011274812749238241]","[-0.020928897484850443, -0.010044576840913248]",332
Singapore,transit_pass_yes,ce_kl_seed42,pt_probability,0.010074328704027413,"[0.008649624135888377, 0.011474003859486005]","[0.00828445444995585, 0.011907293853163086]",332
Singapore,transit_pass_yes,ce_kl_seed42,response_accessibility,0.0037877789652255556,"[0.0016571778730252275, 0.005947419440553308]","[0.0009868840135862568, 0.006621979091839627]",332
Singapore,transit_pass_yes,ce_kl_seed42,response_weather,0.013266191871118653,"[0.011701214107536117, 0.014922135980962495]","[0.011158000971527254, 0.015432567829069814]",332
Singapore,transit_pass_yes,ce_kl_seed42,response_fare,-0.0016559025564466614,"[-0.0025891556382089498, -0.0007390607019370229]","[-0.0028905185589185325, -0.0004743060274386271]",332
Singapore,transit_pass_yes,ce_kl_seed42,response_transit_delay,-0.00722221730288163,"[-0.008228075518118532, -0.006205409485987017]","[-0.00859298979288461, -0.0059021232138017615]",332
Singapore,transit_pass_yes,ce_kl_seed42,response_roadworks,-0.0021601260067468666,"[-0.0034600097371871212, -0.000946296289204115]","[-0.0039053890486079527, -0.0005641741462680247]",332
Singapore,transit_pass_yes,ce_kl_seed2026,accuracy,-0.002108433734939759,"[-0.004518072289156627, 0.00030120481927710846]","[-0.005421686746987953, 0.0009036144578313254]",332
Singapore,transit_pass_yes,ce_kl_seed2026,brier,-0.00225691191851906,"[-0.0035713185730325615, -0.00094009342315583]","[-0.004012563020105006, -0.0005268637709298627]",332
Singapore,transit_pass_yes,ce_kl_seed2026,nll_clipped,-0.003926897760595723,"[-0.005999997207419136, -0.0019041819094093226]","[-0.006734359758113885, -0.0012974912885127686]",332
Singapore,transit_pass_yes,ce_kl_seed2026,pt_probability,0.004493896197247128,"[0.0033966913796170247, 0.005628880937492576]","[0.00303341075122996, 0.006016087980388311]",332
Singapore,transit_pass_yes,ce_kl_seed2026,response_accessibility,-0.007620835937671812,"[-0.008680073635902324, -0.006618083922012922]","[-0.009070416856991935, -0.006334139688321984]",332
Singapore,transit_pass_yes,ce_kl_seed2026,response_weather,-0.008949567159884665,"[-0.010091915866921106, -0.007838048032731805]","[-0.010471006415963892, -0.007487320409728641]",332
Singapore,transit_pass_yes,ce_kl_seed2026,response_fare,-0.0017520613878606313,"[-0.002483497050040996, -0.001045383613399533]","[-0.0027235614481460617, -0.0008227974153965357]",332
Singapore,transit_pass_yes,ce_kl_seed2026,response_transit_delay,-0.0032659283536205807,"[-0.003956446046407996, -0.0026089779559960477]","[-0.004174907923906099, -0.0024042519133437032]",332
Singapore,transit_pass_yes,ce_kl_seed2026,response_roadworks,0.009738976517355585,"[0.007895877896751984, 0.011718251304813179]","[0.007340497708913073, 0.01236236516610685]",332
Singapore,transit_pass_yes,ce_kl_seed7,accuracy,0.008433734939759036,"[0.003313253012048193, 0.01355421686746988]","[0.0018072289156626496, 0.015060240963855422]",332
Singapore,transit_pass_yes,ce_kl_seed7,brier,-0.014892447984216585,"[-0.017582712671688448, -0.01222100598564133]","[-0.018350997397766765, -0.011327410566033489]",332
Singapore,transit_pass_yes,ce_kl_seed7,nll_clipped,-0.02452771865024165,"[-0.028655657154544253, -0.020464127505688264]","[-0.029948833203257166, -0.019272178728683757]",332
Singapore,transit_pass_yes,ce_kl_seed7,pt_probability,0.015118763803964456,"[0.01342332742937857, 0.016822387439483513]","[0.01297031078022114, 0.017333037502237542]",332
Singapore,transit_pass_yes,ce_kl_seed7,response_accessibility,-0.004669199108583741,"[-0.0056517631697737755, -0.0037277053369781433]","[-0.005976785067356674, -0.0034528507848820083]",332
Singapore,transit_pass_yes,ce_kl_seed7,response_weather,-0.017183353086507105,"[-0.0197509931619223, -0.014650129657855863]","[-0.020544502311891102, -0.013848307072156932]",332
Singapore,transit_pass_yes,ce_kl_seed7,response_fare,0.010423845061695719,"[0.009429882725711958, 0.01143512106220047]","[0.00909821782109653, 0.011765849696449837]",332
Singapore,transit_pass_yes,ce_kl_seed7,response_transit_delay,-0.0037102842232189983,"[-0.004979179172807497, -0.0024580784167264062]","[-0.005412746583341609, -0.002074560389955001]",332
Singapore,transit_pass_yes,ce_kl_seed7,response_roadworks,0.005414100790239242,"[0.0036750005322497294, 0.007262556895568787]","[0.0031385479524103275, 0.007801708776099851]",332
Singapore,transit_pass_yes,signed_l1_seed42,accuracy,-0.0012048192771084338,"[-0.003313253012048193, 0.0012048192771084334]","[-0.003915662650602411, 0.0018072289156626509]",332
Singapore,transit_pass_yes,signed_l1_seed42,brier,-0.002425701166067145,"[-0.004133423890652932, -0.0007486445812182273]","[-0.004649788635109341, -0.0002467409764242144]",332
Singapore,transit_pass_yes,signed_l1_seed42,nll_clipped,-0.003910415975492072,"[-0.0063683533277423855, -0.0014774160705871141]","[-0.007190088323455517, -0.0008484589535574086]",332
Singapore,transit_pass_yes,signed_l1_seed42,pt_probability,0.00670127695740526,"[0.005295752617250005, 0.008165577003081518]","[0.004805302635598255, 0.008682401942291168]",332
Singapore,transit_pass_yes,signed_l1_seed42,response_accessibility,0.00821398190750056,"[0.007097471422089421, 0.009329202402024025]","[0.006730209015119058, 0.009687637777898054]",332
Singapore,transit_pass_yes,signed_l1_seed42,response_weather,0.013071458461324134,"[0.011655714282911855, 0.014549487895130301]","[0.011205498430631068, 0.015085584815165181]",332
Singapore,transit_pass_yes,signed_l1_seed42,response_fare,-0.0006648120302033711,"[-0.0015053209068859557, 0.0001291649242167372]","[-0.0017770921406392232, 0.0003991517119378916]",332
Singapore,transit_pass_yes,signed_l1_seed42,response_transit_delay,-0.008721138406769339,"[-0.009760338703103093, -0.007718932497348771]","[-0.010101285090064069, -0.007427239774961968]",332
Singapore,transit_pass_yes,signed_l1_seed42,response_roadworks,-0.0012148811695087388,"[-0.0022042388455515887, -0.00026534597827009417]","[-0.0025132292064737128, 3.8723458636956e-05]",332
Singapore,transit_pass_yes,signed_l1_seed2026,accuracy,0.0033132530120481936,"[-0.003012048192771083, 0.009638554216867472]","[-0.004518072289156627, 0.011445783132530122]",332
Singapore,transit_pass_yes,signed_l1_seed2026,brier,-0.0007825353864233435,"[-0.0025068891423985595, 0.0009329120386478547]","[-0.0030081979181868133, 0.0015299011044996888]",332
Singapore,transit_pass_yes,signed_l1_seed2026,nll_clipped,0.00047832149587701656,"[-0.001794154490957689, 0.0027825306074687564]","[-0.0024978964483434356, 0.0036038911508157905]",332
Singapore,transit_pass_yes,signed_l1_seed2026,pt_probability,0.008603689335959864,"[0.0071145871028034805, 0.010090647813336675]","[0.006667841705706823, 0.010602153842920898]",332
Singapore,transit_pass_yes,signed_l1_seed2026,response_accessibility,-0.010373812999172383,"[-0.011510719486276607, -0.009270755292185727]","[-0.01188801479851266, -0.00894278452686786]",332
Singapore,transit_pass_yes,signed_l1_seed2026,response_weather,-0.010702398145593792,"[-0.01211020127892584, -0.009328197016302182]","[-0.012585342472576233, -0.00890938228276749]",332
Singapore,transit_pass_yes,signed_l1_seed2026,response_fare,-0.0013120779655424945,"[-0.002287311039595719, -0.00034701836418854184]","[-0.0025631838988692287, -4.26615446985499e-05]",332
Singapore,transit_pass_yes,signed_l1_seed2026,response_transit_delay,-0.008973186420478734,"[-0.010315610042279474, -0.00766100571799395]","[-0.010729445930884545, -0.007209495183708798]",332
Singapore,transit_pass_yes,signed_l1_seed2026,response_roadworks,0.008179363805845559,"[0.006457356032522687, 0.010037849427212074]","[0.005996102454836469, 0.0106340295177357]",332
Singapore,transit_pass_yes,signed_l1_seed7,accuracy,0.001204819277108434,"[-0.002108433734939759, 0.004216867469879518]","[-0.0030120481927710845, 0.0051204819277108436]",332
Singapore,transit_pass_yes,signed_l1_seed7,brier,-0.011434540663477051,"[-0.01375979045869599, -0.009088395667223964]","[-0.014579410197386199, -0.008335129448194046]",332
Singapore,transit_pass_yes,signed_l1_seed7,nll_clipped,-0.015355776011500448,"[-0.018464742911350397, -0.012148061179514912]","[-0.01955516695407647, -0.011180977895229665]",332
Singapore,transit_pass_yes,signed_l1_seed7,pt_probability,0.018291089218390365,"[0.016606390210084553, 0.020002566060382334]","[0.016081951260671908, 0.020566201186895994]",332
Singapore,transit_pass_yes,signed_l1_seed7,response_accessibility,0.0006552949009171451,"[-0.0004125523296779538, 0.0017379609845488903]","[-0.0007478348019880703, 0.0020957136619836037]",332
Singapore,transit_pass_yes,signed_l1_seed7,response_weather,-0.00198316379977637,"[-0.0033893675837912652, -0.0006029410963788274]","[-0.003880582634438143, -0.000202578985951395]",332
Singapore,transit_pass_yes,signed_l1_seed7,response_fare,0.00746444522975439,"[0.006537206598882934, 0.00845289706948202]","[0.006241500023640243, 0.008755987356024154]",332
Singapore,transit_pass_yes,signed_l1_seed7,response_transit_delay,-0.00549675383694829,"[-0.007136429493604452, -0.003860521212105179]","[-0.00770420283311978, -0.0033382410253959167]",332
Singapore,transit_pass_yes,signed_l1_seed7,response_roadworks,0.009760369557932198,"[0.007832005566143128, 0.011796213791941304]","[0.007142940095390182, 0.01238586641264608]",332
Singapore,transit_pass_yes,direction_magnitude_seed42,accuracy,-0.0012048192771084338,"[-0.0036144578313253017, 0.0012048192771084338]","[-0.004518072289156627, 0.0018072289156626509]",332
Singapore,transit_pass_yes,direction_magnitude_seed42,brier,-0.003403264289966279,"[-0.005105002645202822, -0.0017160079111633098]","[-0.005627479630270485, -0.001200842771625802]",332
Singapore,transit_pass_yes,direction_magnitude_seed42,nll_clipped,-0.005777531892563194,"[-0.008297427217436277, -0.003301308943076009]","[-0.009145458564413952, -0.0025311138700597983]",332
Singapore,transit_pass_yes,direction_magnitude_seed42,pt_probability,0.008452413567757031,"[0.007113122281854052, 0.00981090183403477]","[0.006701695603217525, 0.01030379822326218]",332
Singapore,transit_pass_yes,direction_magnitude_seed42,response_accessibility,0.005736012505479606,"[0.004406477844466018, 0.007040959398587604]","[0.003943844916108233, 0.007449313797875789]",332
Singapore,transit_pass_yes,direction_magnitude_seed42,response_weather,0.015584054986486235,"[0.01425308320329087, 0.01693246622334223]","[0.013822708971551563, 0.017484531471202797]",332
Singapore,transit_pass_yes,direction_magnitude_seed42,response_fare,-0.0010127799293722015,"[-0.0018258354626595973, -0.00021456349977707294]","[-0.002077065685045827, 4.686268315795863e-05]",332
Singapore,transit_pass_yes,direction_magnitude_seed42,response_transit_delay,-0.007902302655829004,"[-0.00894781565966915, -0.006890993639938983]","[-0.009240333069430059, -0.006569589297567686]",332
Singapore,transit_pass_yes,direction_magnitude_seed42,response_roadworks,-0.0007916991430592824,"[-0.0015976416710090924, -8.888131972537001e-06]","[-0.0018434524109744164, 0.0002290962645447391]",332
Singapore,transit_pass_yes,direction_magnitude_seed2026,accuracy,0.0018072289156626513,"[-0.0051204819277108436, 0.008441265060240856]","[-0.007530120481927711, 0.010542168674698794]",332
Singapore,transit_pass_yes,direction_magnitude_seed2026,brier,-0.0017626820924243238,"[-0.0034108800504261765, -0.00012342528631912244]","[-0.004045592792715722, 0.0004218577359525668]",332
Singapore,transit_pass_yes,direction_magnitude_seed2026,nll_clipped,-0.000411566655840295,"[-0.0025571431815319704, 0.0017479116830180401]","[-0.0033482338806576054, 0.0024421585029619094]",332
Singapore,transit_pass_yes,direction_magnitude_seed2026,pt_probability,0.007201579054929764,"[0.005809095710381326, 0.008651940139958701]","[0.005404970248218581, 0.009130734325958841]",332
Singapore,transit_pass_yes,direction_magnitude_seed2026,response_accessibility,-0.010164108104914069,"[-0.01110586707497083, -0.009220786712480238]","[-0.011410841366096613, -0.008972002264246886]",332
Singapore,transit_pass_yes,direction_magnitude_seed2026,response_weather,-0.006810327105403665,"[-0.008193259993960788, -0.005459170004476356]","[-0.008624147733516363, -0.0050523734758103145]",332
Singapore,transit_pass_yes,direction_magnitude_seed2026,response_fare,-0.0011922173561101936,"[-0.002009352930563401, -0.00036405396917049443]","[-0.0022481963891221816, -8.934479711734613e-05]",332
Singapore,transit_pass_yes,direction_magnitude_seed2026,response_transit_delay,-0.00886120387992586,"[-0.010300384615043021, -0.007476429921204606]","[-0.010820918627565793, -0.007088757929762446]",332
Singapore,transit_pass_yes,direction_magnitude_seed2026,response_roadworks,0.005229607044932354,"[0.003628427672188684, 0.006971979282616851]","[0.003124160142278815, 0.007524009372994122]",332
Singapore,transit_pass_yes,direction_magnitude_seed7,accuracy,-0.0018072289156626509,"[-0.005722891566265061, 0.0021084337349397595]","[-0.006929216867469878, 0.003313253012048193]",332
Singapore,transit_pass_yes,direction_magnitude_seed7,brier,-0.011471886239882456,"[-0.013857344087111796, -0.009058825787781073]","[-0.014593595632581302, -0.008293118910799452]",332
Singapore,transit_pass_yes,direction_magnitude_seed7,nll_clipped,-0.015512565037979254,"[-0.0187400045457158, -0.01217912231962215]","[-0.01985758449782571, -0.011235431257312545]",332
Singapore,transit_pass_yes,direction_magnitude_seed7,pt_probability,0.015552834476868858,"[0.013901013447573484, 0.01724908157241256]","[0.013404647747144463, 0.017776988305560317]",332
Singapore,transit_pass_yes,direction_magnitude_seed7,response_accessibility,0.002853772053158427,"[0.0017589967024613576, 0.00396035767710173]","[0.001424969001392643, 0.004316347981185977]",332
Singapore,transit_pass_yes,direction_magnitude_seed7,response_weather,-0.0026153365082769507,"[-0.003891906183190554, -0.0013595878073653902]","[-0.004306350358234472, -0.0009892363326781137]",332
Singapore,transit_pass_yes,direction_magnitude_seed7,response_fare,0.007464132821524,"[0.0061826026471084854, 0.008772441685895424]","[0.0057650508380394025, 0.009197310786133249]",332
Singapore,transit_pass_yes,direction_magnitude_seed7,response_transit_delay,-0.0018077984919311501,"[-0.003020422938030847, -0.0005923913507750378]","[-0.0033591567780731344, -0.00019208064553165213]",332
Singapore,transit_pass_yes,direction_magnitude_seed7,response_roadworks,0.01038841948092702,"[0.008637905163488474, 0.012163820802178009]","[0.008061133944485563, 0.012830961615475544]",332
Singapore,flexible_schedule,s9,accuracy,0.012349397590361447,"[0.0072289156626506035, 0.01746987951807229]","[0.00572289156626506, 0.01957831325301205]",332
Singapore,flexible_schedule,s9,brier,-0.030167765213373963,"[-0.03678990810467158, -0.023511537906391305]","[-0.03895771830767794, -0.02156807142951761]",332
Singapore,flexible_schedule,s9,nll_clipped,-0.03711332140893286,"[-0.04763964912130246, -0.026423198177561787]","[-0.05071922219559929, -0.023173597963499302]",332
Singapore,flexible_schedule,s9,pt_probability,0.02411873002244856,"[0.01977413912594083, 0.02844435219686613]","[0.018283263090961465, 0.029811088567868932]",332
Singapore,flexible_schedule,s9,response_accessibility,-0.006141187471663018,"[-0.008953416176527423, -0.0033347392083055913]","[-0.009795706441053695, -0.0026434051909158644]",332
Singapore,flexible_schedule,s9,response_weather,0.01677873306514987,"[0.010019976156483213, 0.02356292921460671]","[0.008028374543772584, 0.025725297467076153]",332
Singapore,flexible_schedule,s9,response_fare,0.009240580049444395,"[0.006286203367242882, 0.012294230328771813]","[0.005237492106305098, 0.013234737824356864]",332
Singapore,flexible_schedule,s9,response_transit_delay,0.02074795913130763,"[0.016557555433070983, 0.02489701124028785]","[0.014975470750878779, 0.026356392170285736]",332
Singapore,flexible_schedule,s9,response_roadworks,-0.0016818661018308386,"[-0.0041780895519867, 0.0006985738503196863]","[-0.00501852263730154, 0.0014760907225490297]",332
Singapore,flexible_schedule,mnl_s,accuracy,-0.0015060240963855425,"[-0.01114457831325301, 0.008132530120481929]","[-0.014457831325301202, 0.011144578313253013]",332
Singapore,flexible_schedule,mnl_s,brier,-0.0046879119984860156,"[-0.011319103143756549, 0.0017880514645888584]","[-0.013304469941030921, 0.003787318896351498]",332
Singapore,flexible_schedule,mnl_s,nll_clipped,-0.006883354047252101,"[-0.01679524650147598, 0.003005200915063876]","[-0.01994179568953279, 0.005940034674883861]",332
Singapore,flexible_schedule,mnl_s,pt_probability,0.04774497163445425,"[0.04218408851756604, 0.05347586703876015]","[0.04060168609016632, 0.05533320043064024]",332
Singapore,flexible_schedule,mnl_s,response_accessibility,-0.0015660957482318512,"[-0.004349196346226619, 0.0012045842757879997]","[-0.005083072674384518, 0.0021178559961282377]",332
Singapore,flexible_schedule,mnl_s,response_weather,0.010159683802688836,"[0.006657051367597436, 0.013603768825654124]","[0.005562926576031294, 0.01471982696598966]",332
Singapore,flexible_schedule,mnl_s,response_fare,-0.00032068225616480067,"[-0.00044076681608796873, -0.00020584016579940783]","[-0.0004797158630543184, -0.00016901389802129174]",332
Singapore,flexible_schedule,mnl_s,response_transit_delay,0.0011480841953423063,"[-0.0008393385056773663, 0.0030352434585992896]","[-0.001447815782386751, 0.003720557011718885]",332
Singapore,flexible_schedule,mnl_s,response_roadworks,-0.0011728974040210254,"[-0.001429971833170801, -0.0009241517545624697]","[-0.0015160989304304733, -0.0008463261327253013]",332
Singapore,flexible_schedule,soft_kl_seed42,accuracy,0.0021084337349397595,"[-0.0012048192771084338, 0.005421686746987952]","[-0.0024096385542168672, 0.006325301204819277]",332
Singapore,flexible_schedule,soft_kl_seed42,brier,-0.008123140841519261,"[-0.011348565267405497, -0.0049177885494904]","[-0.012306735709481525, -0.003988002955941459]",332
Singapore,flexible_schedule,soft_kl_seed42,nll_clipped,-0.015291161580257027,"[-0.019589105308083478, -0.010817633467529635]","[-0.02091626189216006, -0.009337019312799387]",332
Singapore,flexible_schedule,soft_kl_seed42,pt_probability,0.013783256167613238,"[0.010934023708694176, 0.01665170459912708]","[0.010018504575293241, 0.017585772670272434]",332
Singapore,flexible_schedule,soft_kl_seed42,response_accessibility,-0.0005572872146605009,"[-0.0023944875761215765, 0.0013172278320977841]","[-0.002961772267190537, 0.0018456209968797936]",332
Singapore,flexible_schedule,soft_kl_seed42,response_weather,0.0021573929060026108,"[-0.00045526379842804847, 0.0047413809501274246]","[-0.0012741699819845786, 0.005636383627894811]",332
Singapore,flexible_schedule,soft_kl_seed42,response_fare,-0.00014926883650113302,"[-0.0015270829514925737, 0.001210313402004091]","[-0.00197541666823069, 0.0016230227301144082]",332
Singapore,flexible_schedule,soft_kl_seed42,response_transit_delay,0.0011708164834473506,"[-0.00044856961951198344, 0.0027942167331341155]","[-0.0009904272693310337, 0.0033372055007571157]",332
Singapore,flexible_schedule,soft_kl_seed42,response_roadworks,-0.004717624061797039,"[-0.006568654837558069, -0.0029265770778419023]","[-0.007159128749226949, -0.0024156404596315847]",332
Singapore,flexible_schedule,soft_kl_seed2026,accuracy,0.004216867469879519,"[-0.006626506024096386, 0.015060240963855416]","[-0.010240963855421687, 0.01837349397590361]",332
Singapore,flexible_schedule,soft_kl_seed2026,brier,-0.016785159033921724,"[-0.02193126219055902, -0.011829326232470629]","[-0.023378850504551685, -0.01031742324242257]",332
Singapore,flexible_schedule,soft_kl_seed2026,nll_clipped,-0.02934054309535856,"[-0.03567505194853885, -0.023015435407567227]","[-0.03779041840193374, -0.02127943118895749]",332
Singapore,flexible_schedule,soft_kl_seed2026,pt_probability,0.04511309047117381,"[0.04046567108824357, 0.049774673656456686]","[0.03910064032435396, 0.05136002059056176]",332
Singapore,flexible_schedule,soft_kl_seed2026,response_accessibility,0.031507427080433414,"[0.026368387949551982, 0.036751496819330445]","[0.02476483974055982, 0.03834137065417458]",332
Singapore,flexible_schedule,soft_kl_seed2026,response_weather,0.023961016751197446,"[0.02112386992246092, 0.02681989760744015]","[0.020306495768410794, 0.027590329904468303]",332
Singapore,flexible_schedule,soft_kl_seed2026,response_fare,0.007273699616990894,"[0.0058988794011164865, 0.008641461849616592]","[0.005477429269756897, 0.009080806708030669]",332
Singapore,flexible_schedule,soft_kl_seed2026,response_transit_delay,-0.004634985228978008,"[-0.007193956908444504, -0.002104108779500407]","[-0.008005056144860405, -0.0013584582200722784]",332
Singapore,flexible_schedule,soft_kl_seed2026,response_roadworks,0.004976675183658141,"[0.0016333112807338497, 0.008494509684752268]","[0.0006537930187152093, 0.009455382600875492]",332
Singapore,flexible_schedule,soft_kl_seed7,accuracy,0.00030120481927710813,"[-0.003313253012048193, 0.00391566265060241]","[-0.004518072289156627, 0.004819277108433735]",332
Singapore,flexible_schedule,soft_kl_seed7,brier,-0.002100758345100019,"[-0.005049243708775379, 0.0008762123815498277]","[-0.005829770109987569, 0.0018367311809207529]",332
Singapore,flexible_schedule,soft_kl_seed7,nll_clipped,-0.0012782034649162124,"[-0.00547257740597767, 0.0031761876402193368]","[-0.006758676159888468, 0.004664325686536823]",332
Singapore,flexible_schedule,soft_kl_seed7,pt_probability,0.004747846347549145,"[0.002202467630310153, 0.007167843219218213]","[0.0013747037983743518, 0.00802022388964296]",332
Singapore,flexible_schedule,soft_kl_seed7,response_accessibility,-0.0060933568144598636,"[-0.007493215386968959, -0.0046892556288919175]","[-0.007946904229774442, -0.0042116623194551625]",332
Singapore,flexible_schedule,soft_kl_seed7,response_weather,-0.0064220889751990156,"[-0.009006137625000115, -0.0038026172617248396]","[-0.009771853834502848, -0.002975536231849219]",332
Singapore,flexible_schedule,soft_kl_seed7,response_fare,0.0014004801590758633,"[0.00014730630644473684, 0.0026931916430861834]","[-0.0002720294397952686, 0.0030911782819284]",332
Singapore,flexible_schedule,soft_kl_seed7,response_transit_delay,-0.0037831437117588447,"[-0.005526799288808356, -0.0020627072083775]","[-0.006082071904780298, -0.0015135921797776858]",332
Singapore,flexible_schedule,soft_kl_seed7,response_roadworks,0.010245787989662355,"[0.008073654865105468, 0.012541945278644563]","[0.007373877860246653, 0.013243733906602282]",332
Singapore,flexible_schedule,ce_kl_seed42,accuracy,0.00963855421686747,"[0.004216867469879518, 0.015060240963855425]","[0.002710843373493976, 0.01716867469879518]",332
Singapore,flexible_schedule,ce_kl_seed42,brier,-0.036538887768262675,"[-0.04392781177499738, -0.029361745207758208]","[-0.04637152762693956, -0.027101273064050746]",332
Singapore,flexible_schedule,ce_kl_seed42,nll_clipped,-0.0538487382229559,"[-0.06548862550265674, -0.042261839677511036]","[-0.06905802819459132, -0.03862596699855907]",332
Singapore,flexible_schedule,ce_kl_seed42,pt_probability,0.044988386963595105,"[0.03964113840008581, 0.050443771394556636]","[0.03814060908212455, 0.05228413112849069]",332
Singapore,flexible_schedule,ce_kl_seed42,response_accessibility,0.01773698919407844,"[0.011094523374487771, 0.024356611515781057]","[0.009107174651906967, 0.02648934850095438]",332
Singapore,flexible_schedule,ce_kl_seed42,response_weather,-0.019686717374519592,"[-0.024379470990199305, -0.01506606134766971]","[-0.025841378010648123, -0.013597287473202907]",332
Singapore,flexible_schedule,ce_kl_seed42,response_fare,0.008184573736535498,"[0.005615853571546186, 0.01077265730352107]","[0.004670184731584447, 0.011586549125207832]",332
Singapore,flexible_schedule,ce_kl_seed42,response_transit_delay,-0.015830486376085376,"[-0.01869876970910798, -0.013038312136518198]","[-0.019613806557910323, -0.012232485924334078]",332
Singapore,flexible_schedule,ce_kl_seed42,response_roadworks,-0.009041868329766285,"[-0.01121029584522707, -0.00695587582886219]","[-0.011941316107130912, -0.006343187985111432]",332
Singapore,flexible_schedule,ce_kl_seed2026,accuracy,0.03734939759036145,"[0.026204819277108438, 0.04849397590361446]","[0.022590361445783136, 0.05240963855421686]",332
Singapore,flexible_schedule,ce_kl_seed2026,brier,-0.0415606153700833,"[-0.04801657415418707, -0.03490817541736056]","[-0.05009869502661645, -0.03286277263096987]",332
Singapore,flexible_schedule,ce_kl_seed2026,nll_clipped,-0.07160378031020788,"[-0.07969954991386012, -0.06310882446263509]","[-0.08231873857747396, -0.060532015765379685]",332
Singapore,flexible_schedule,ce_kl_seed2026,pt_probability,0.05817851202410972,"[0.053501380139503195, 0.06286899428524312]","[0.05202359736507271, 0.06428449882372389]",332
Singapore,flexible_schedule,ce_kl_seed2026,response_accessibility,0.02902862701441599,"[0.021936770911533274, 0.036170464304923815]","[0.019728214329610725, 0.03854031896876473]",332
Singapore,flexible_schedule,ce_kl_seed2026,response_weather,-0.007638378321271704,"[-0.011395802390228688, -0.0038955631454093737]","[-0.012614247611645294, -0.0027096240480812056]",332
Singapore,flexible_schedule,ce_kl_seed2026,response_fare,-0.0016207524339657232,"[-0.002623632101409407, -0.000592182802474014]","[-0.0029250798734039604, -0.0002699266511004402]",332
Singapore,flexible_schedule,ce_kl_seed2026,response_transit_delay,-0.0121354629813009,"[-0.013711250357256911, -0.010625622931626593]","[-0.014220829518590437, -0.010185534583870328]",332
Singapore,flexible_schedule,ce_kl_seed2026,response_roadworks,-0.0016547376851001419,"[-0.004781228429581745, 0.0012828981705817813]","[-0.00583407344139484, 0.0022510378798806492]",332
Singapore,flexible_schedule,ce_kl_seed7,accuracy,0.006927710843373494,"[0.002108433734939759, 0.012048192771084338]","[0.0006024096385542167, 0.013855421686746987]",332
Singapore,flexible_schedule,ce_kl_seed7,brier,-0.005714852960989963,"[-0.009685657217429186, -0.0016658976572893154]","[-0.010860217320557756, -0.0004527715880419244]",332
Singapore,flexible_schedule,ce_kl_seed7,nll_clipped,-0.006115491281329409,"[-0.012374721936746646, 0.00043052582382960335]","[-0.01420729436276188, 0.0022187417196887485]",332
Singapore,flexible_schedule,ce_kl_seed7,pt_probability,0.007975484468098955,"[0.005315902156507069, 0.010520699727461192]","[0.0043782367994531935, 0.011295371150808307]",332
Singapore,flexible_schedule,ce_kl_seed7,response_accessibility,0.005596845102193485,"[0.004239251006518053, 0.0069656627484125985]","[0.0037887794598207686, 0.007386449866714966]",332
Singapore,flexible_schedule,ce_kl_seed7,response_weather,-0.006910637503557177,"[-0.010865127270710262, -0.0029922196331591045]","[-0.012217601244337857, -0.0018029609445134782]",332
Singapore,flexible_schedule,ce_kl_seed7,response_fare,-0.0001378564769963184,"[-0.0012637869132323617, 0.0009780273029401179]","[-0.0016240428414487514, 0.0013281056554202573]",332
Singapore,flexible_schedule,ce_kl_seed7,response_transit_delay,0.002205721660887441,"[0.0006536591882924045, 0.0037452844967392363]","[9.770638936378781e-05, 0.004219381814564476]",332
Singapore,flexible_schedule,ce_kl_seed7,response_roadworks,0.008589463555310145,"[0.006018928942236915, 0.011259940200406743]","[0.005230555413178651, 0.01217413129801132]",332
Singapore,flexible_schedule,signed_l1_seed42,accuracy,0.0009036144578313257,"[-0.0030120481927710845, 0.004819277108433735]","[-0.0045180722891566254, 0.006325301204819277]",332
Singapore,flexible_schedule,signed_l1_seed42,brier,-0.008977630936408439,"[-0.012308958873350555, -0.005598692884617332]","[-0.013337960740504202, -0.0045985642264517335]",332
Singapore,flexible_schedule,signed_l1_seed42,nll_clipped,-0.01649709761918226,"[-0.021105725661914185, -0.01174286166823672]","[-0.022436272151900038, -0.010217819232282599]",332
Singapore,flexible_schedule,signed_l1_seed42,pt_probability,0.016846160709588647,"[0.01384695059560935, 0.019878713689654708]","[0.01296820528149964, 0.020800234803122014]",332
Singapore,flexible_schedule,signed_l1_seed42,response_accessibility,-0.0025677103100411863,"[-0.0040637032959206275, -0.0010266476120036772]","[-0.004545425295055541, -0.0005672615817579717]",332
Singapore,flexible_schedule,signed_l1_seed42,response_weather,-0.007061526936714549,"[-0.00962333630487121, -0.004552254429878107]","[-0.010335103705278542, -0.0037200802888900926]",332
Singapore,flexible_schedule,signed_l1_seed42,response_fare,-0.0010205105799867447,"[-0.0024244627135480384, 0.00034014328203377226]","[-0.0028683767980525647, 0.0007194400596690449]",332
Singapore,flexible_schedule,signed_l1_seed42,response_transit_delay,-0.000892379107963608,"[-0.002561003375933113, 0.0007265148737681012]","[-0.00306846859320684, 0.0012181562626824062]",332
Singapore,flexible_schedule,signed_l1_seed42,response_roadworks,-0.002609027976013092,"[-0.004010373336004924, -0.0012445816052067723]","[-0.004488995052784322, -0.0008758670118558886]",332
Singapore,flexible_schedule,signed_l1_seed2026,accuracy,0.004216867469879519,"[-0.0066265060240963845, 0.014759036144578314]","[-0.00963855421686747, 0.018674698795180723]",332
Singapore,flexible_schedule,signed_l1_seed2026,brier,-0.01301888248529324,"[-0.018624483981352562, -0.007291510282679376]","[-0.020375313850077743, -0.005409550567945278]",332
Singapore,flexible_schedule,signed_l1_seed2026,nll_clipped,-0.027381557240172622,"[-0.03444478729132162, -0.02011479920163663]","[-0.03665823466535815, -0.017844709170245693]",332
Singapore,flexible_schedule,signed_l1_seed2026,pt_probability,0.04456730968240335,"[0.03905546124230688, 0.04995031919885785]","[0.03758429477354287, 0.05181539462088797]",332
Singapore,flexible_schedule,signed_l1_seed2026,response_accessibility,0.048921528799706196,"[0.04352936635287591, 0.054414464082254706]","[0.04189992034684373, 0.056199438187282465]",332
Singapore,flexible_schedule,signed_l1_seed2026,response_weather,0.004128123824316335,"[0.0008082561997180603, 0.007487938164015219]","[-0.00019692736049463223, 0.008414858447511194]",332
Singapore,flexible_schedule,signed_l1_seed2026,response_fare,0.006523503708731697,"[0.004890645755993494, 0.008170775119888495]","[0.0043786969734916845, 0.008714680025039846]",332
Singapore,flexible_schedule,signed_l1_seed2026,response_transit_delay,-0.002619474935513663,"[-0.00490662501058934, -0.0003403567263003759]","[-0.005660428063641022, 0.0003734226727364434]",332
Singapore,flexible_schedule,signed_l1_seed2026,response_roadworks,-0.0065016356936420305,"[-0.009955948640603616, -0.0033028677599616827]","[-0.011057243199502848, -0.0023543049352445656]",332
Singapore,flexible_schedule,signed_l1_seed7,accuracy,0.0015060240963855425,"[-0.0009036144578313254, 0.003915662650602411]","[-0.0018072289156626509, 0.004819277108433735]",332
Singapore,flexible_schedule,signed_l1_seed7,brier,0.00022166220384414704,"[-0.001989584571023045, 0.0025549331970063345]","[-0.0026862023806049477, 0.0032880697636454874]",332
Singapore,flexible_schedule,signed_l1_seed7,nll_clipped,0.0015789789162278245,"[-0.0017212601639981604, 0.005084394541036351]","[-0.002604197343984187, 0.0062413839244264396]",332
Singapore,flexible_schedule,signed_l1_seed7,pt_probability,0.003661600252647088,"[0.0016520064951661213, 0.0055930154974339515]","[0.0009619659117678265, 0.006221659521056132]",332
Singapore,flexible_schedule,signed_l1_seed7,response_accessibility,0.001312986207026315,"[-2.0707561353962104e-05, 0.0026936769193734032]","[-0.0004306208607123559, 0.0031261203361742465]",332
Singapore,flexible_schedule,signed_l1_seed7,response_weather,-0.004716552648109844,"[-0.00723402878937188, -0.002214035866725966]","[-0.007931587562324052, -0.0014525278408574244]",332
Singapore,flexible_schedule,signed_l1_seed7,response_fare,-0.00023447697510920376,"[-0.0013858764039644275, 0.0009613742670380924]","[-0.0017263510457453239, 0.001334953868806537]",332
Singapore,flexible_schedule,signed_l1_seed7,response_transit_delay,-0.004123708454847157,"[-0.005755701113607263, -0.002528424423920126]","[-0.006240861675132582, -0.002111920480089032]",332
Singapore,flexible_schedule,signed_l1_seed7,response_roadworks,0.00989648699760437,"[0.007746841354542467, 0.012144467481468097]","[0.007065263098352645, 0.012892410169882943]",332
Singapore,flexible_schedule,direction_magnitude_seed42,accuracy,0.005722891566265061,"[0.0012048192771084334, 0.010240963855421687]","[-0.0003012048192771087, 0.01174698795180723]",332
Singapore,flexible_schedule,direction_magnitude_seed42,brier,-0.00932275287540057,"[-0.013277961618203913, -0.005266806998552399]","[-0.014404861260083545, -0.003960586840677746]",332
Singapore,flexible_schedule,direction_magnitude_seed42,nll_clipped,-0.016849700709522058,"[-0.02238975401859838, -0.011162350585076607]","[-0.023941711325637913, -0.009237213889345074]",332
Singapore,flexible_schedule,direction_magnitude_seed42,pt_probability,0.01830328540786742,"[0.014642152015389091, 0.021930055212515624]","[0.013610227699486919, 0.023026865936770852]",332
Singapore,flexible_schedule,direction_magnitude_seed42,response_accessibility,-0.006192348616938275,"[-0.0081016877267779, -0.004329513234411736]","[-0.008623660601035926, -0.003766077301206899]",332
Singapore,flexible_schedule,direction_magnitude_seed42,response_weather,-0.0036903069388256014,"[-0.005960306944746345, -0.0014287646296041378]","[-0.006605003495947514, -0.0006839573252890073]",332
Singapore,flexible_schedule,direction_magnitude_seed42,response_fare,0.00047218252018273594,"[-0.0010805461886731614, 0.0019812915530280175]","[-0.001597880251728088, 0.002500290678903819]",332
Singapore,flexible_schedule,direction_magnitude_seed42,response_transit_delay,-0.0011316716491457928,"[-0.0031903569451925983, 0.0009538386670693023]","[-0.0038803293401128555, 0.0015882286083805808]",332
Singapore,flexible_schedule,direction_magnitude_seed42,response_roadworks,-0.0049666175282145125,"[-0.006704531562884888, -0.003314950303679489]","[-0.0071781351955899275, -0.0027617980512868933]",332
Singapore,flexible_schedule,direction_magnitude_seed2026,accuracy,-3.34404525489505e-19,"[-0.009036144578313254, 0.009036144578313253]","[-0.011746987951807229, 0.012048192771084338]",332
Singapore,flexible_schedule,direction_magnitude_seed2026,brier,-0.0014592984990165609,"[-0.007026476061802797, 0.004158652841875824]","[-0.008589526385572758, 0.005901609392900071]",332
Singapore,flexible_schedule,direction_magnitude_seed2026,nll_clipped,-0.013488849724593034,"[-0.02060619651323191, -0.00636320226713756]","[-0.022620603281293308, -0.004211813503634177]",332
Singapore,flexible_schedule,direction_magnitude_seed2026,pt_probability,0.046724165263529634,"[0.041487858823433255, 0.05206999256519647]","[0.03992978423624019, 0.05368351295249853]",332
Singapore,flexible_schedule,direction_magnitude_seed2026,response_accessibility,0.03536622346300317,"[0.031946659553235016, 0.038745898435857275]","[0.03093160648964884, 0.03983355806231587]",332
Singapore,flexible_schedule,direction_magnitude_seed2026,response_weather,0.02002429166606751,"[0.017547864651206477, 0.02251919305782361]","[0.01679709549073175, 0.02333463869613022]",332
Singapore,flexible_schedule,direction_magnitude_seed2026,response_fare,0.005915770554039852,"[0.0045713119545435325, 0.007273253511233502]","[0.004161546722682844, 0.007694730893428236]",332
Singapore,flexible_schedule,direction_magnitude_seed2026,response_transit_delay,-0.0034764568848782277,"[-0.00573032568769911, -0.0013309914478471132]","[-0.006478225482762398, -0.0006654183323080094]",332
Singapore,flexible_schedule,direction_magnitude_seed2026,response_roadworks,0.002751143133065787,"[3.9156346795070656e-05, 0.005570456367659281]","[-0.0008277406660189111, 0.006348789650273608]",332
Singapore,flexible_schedule,direction_magnitude_seed7,accuracy,-0.004819277108433735,"[-0.009036144578313253, -0.0009036144578313251]","[-0.010542168674698794, 0.0003012048192771085]",332
Singapore,flexible_schedule,direction_magnitude_seed7,brier,-0.0005556220226742484,"[-0.0026513697150380884, 0.0015684484978173514]","[-0.003306755826601996, 0.002228501399663119]",332
Singapore,flexible_schedule,direction_magnitude_seed7,nll_clipped,0.00031638617283718916,"[-0.0028616665294678824, 0.0035736735760437672]","[-0.0038012968453549558, 0.004514824076522943]",332
Singapore,flexible_schedule,direction_magnitude_seed7,pt_probability,0.002022790885390153,"[0.00027433406447652323, 0.003717453516576178]","[-0.000293661007304193, 0.004278171142243773]",332
Singapore,flexible_schedule,direction_magnitude_seed7,response_accessibility,-0.002141547378107726,"[-0.003332065592284303, -0.000955356907727848]","[-0.003687517119638891, -0.0006261534111417228]",332
Singapore,flexible_schedule,direction_magnitude_seed7,response_weather,-0.006900212727487087,"[-0.00944979363429663, -0.004276910166716181]","[-0.010261477629811201, -0.003491386231932666]",332
Singapore,flexible_schedule,direction_magnitude_seed7,response_fare,0.0010082761431673922,"[-0.00032780470876359795, 0.002361540910395153]","[-0.0007668049409087882, 0.002744296913944095]",332
Singapore,flexible_schedule,direction_magnitude_seed7,response_transit_delay,0.0006529382410380675,"[-0.000313381008566806, 0.001631345905129326]","[-0.0006200442786878312, 0.0019573280557706723]",332
Singapore,flexible_schedule,direction_magnitude_seed7,response_roadworks,0.007875579128782433,"[0.005961179380944695, 0.009820587434862032]","[0.005378383040787226, 0.010497268831514448]",332
Singapore,commute_morning,s9,accuracy,0.009036144578313253,"[0.005421686746987952, 0.012650602409638558]","[0.004516566265060242, 0.013855421686746989]",332
Singapore,commute_morning,s9,brier,-0.024928862189539724,"[-0.02884227958830784, -0.020966663043391093]","[-0.03004930882408333, -0.01980270570236344]",332
Singapore,commute_morning,s9,nll_clipped,-0.03852337377654327,"[-0.04398668860718351, -0.03292380846571565]","[-0.045756922790443515, -0.03141905461795611]",332
Singapore,commute_morning,s9,pt_probability,0.019490381670240538,"[0.017177680009984448, 0.021806737598402043]","[0.016465223097393896, 0.022484705379678786]",332
Singapore,commute_morning,s9,response_accessibility,-0.0020182637710977032,"[-0.003391795217182981, -0.0006207533859569265]","[-0.003906793964645231, -0.00019083467230806964]",332
Singapore,commute_morning,s9,response_weather,0.014187310418360922,"[0.01036138837085476, 0.018131782967563577]","[0.009099915600718414, 0.01936141609376947]",332
Singapore,commute_morning,s9,response_fare,-0.002396545227033546,"[-0.0035906198532713288, -0.0012271520701315573]","[-0.003983402136735708, -0.0008777279002277793]",332
Singapore,commute_morning,s9,response_transit_delay,0.007209935713649155,"[0.004387931129193853, 0.010004925129778054]","[0.003484559473160834, 0.010891991697128355]",332
Singapore,commute_morning,s9,response_roadworks,0.01040624387292977,"[0.0078158566604806, 0.01308602255219257]","[0.006992323065109282, 0.013908656688788549]",332
Singapore,commute_morning,mnl_s,accuracy,0.008734939759036145,"[0.0024096385542168672, 0.015060240963855427]","[0.0003012048192771087, 0.01716867469879518]",332
Singapore,commute_morning,mnl_s,brier,0.001548259505331272,"[-0.00072502786143027, 0.003838823575603296]","[-0.0014589875148073085, 0.004632943696670004]",332
Singapore,commute_morning,mnl_s,nll_clipped,0.003965420267056191,"[0.0005131846581354184, 0.007453739998441467]","[-0.0006359873106698715, 0.008777431506992499]",332
Singapore,commute_morning,mnl_s,pt_probability,-0.019360019910582706,"[-0.021538423245129, -0.01725818335561546]","[-0.02218401545822533, -0.01653898349782081]",332
Singapore,commute_morning,mnl_s,response_accessibility,0.0018983402020502397,"[0.000389591706635722, 0.0034602766090418152]","[-0.00010608918202670421, 0.003952315786342635]",332
Singapore,commute_morning,mnl_s,response_weather,-0.0030850836652073998,"[-0.003963681004831348, -0.0021783239983540798]","[-0.004249593703043879, -0.0018037817936063334]",332
Singapore,commute_morning,mnl_s,response_fare,0.0002855514156333206,"[0.00022364183683694212, 0.00034786086382652086]","[0.00020415417033365897, 0.000371206891579761]",332
Singapore,commute_morning,mnl_s,response_transit_delay,0.0010724624073183745,"[0.000546974222264374, 0.001579899581629239]","[0.00038861940585308106, 0.0017533165040886927]",332
Singapore,commute_morning,mnl_s,response_roadworks,0.00222297537988451,"[0.0017278191874286395, 0.0027289905911612343]","[0.0015689985299279165, 0.0029018151972839334]",332
Singapore,commute_morning,soft_kl_seed42,accuracy,-0.009337349397590363,"[-0.012951807228915665, -0.006024096385542169]","[-0.014156626506024096, -0.005118975903614698]",332
Singapore,commute_morning,soft_kl_seed42,brier,0.011656803372095225,"[0.009877704553600777, 0.013448461604491887]","[0.009256460896836086, 0.014039329212880742]",332
Singapore,commute_morning,soft_kl_seed42,nll_clipped,0.01892567582166335,"[0.016675979248745667, 0.02114367497716768]","[0.01596664700189493, 0.021830293568124066]",332
Singapore,commute_morning,soft_kl_seed42,pt_probability,-0.016249405760991285,"[-0.01751162272330979, -0.015012317613575117]","[-0.017937825566129655, -0.01458917627509975]",332
Singapore,commute_morning,soft_kl_seed42,response_accessibility,-0.005584868939077279,"[-0.0070648834092475205, -0.004165917674797666]","[-0.007503948666839805, -0.0037585244272240856]",332
Singapore,commute_morning,soft_kl_seed42,response_weather,0.003975047539156604,"[0.0024678274551518707, 0.005487133571821972]","[0.0020138638028987205, 0.005970314559133994]",332
Singapore,commute_morning,soft_kl_seed42,response_fare,0.002719055367521493,"[0.0018432634792862888, 0.003594644087176007]","[0.0015641951594636383, 0.003895919287958777]",332
Singapore,commute_morning,soft_kl_seed42,response_transit_delay,0.0020244265289371273,"[0.0006904210886884346, 0.0034028888250847]","[0.0002259904321238219, 0.0037888827186122703]",332
Singapore,commute_morning,soft_kl_seed42,response_roadworks,-0.00020993509924555398,"[-0.0012432373229818172, 0.0008409323821584862]","[-0.001558695458863155, 0.001192709214716072]",332
Singapore,commute_morning,soft_kl_seed2026,accuracy,0.009939759036144578,"[-0.0039156626506024065, 0.023795180722891565]","[-0.00783132530120482, 0.02740963855421687]",332
Singapore,commute_morning,soft_kl_seed2026,brier,-0.02788905197415427,"[-0.03474464476084661, -0.021085976611300072]","[-0.03690585828671646, -0.018933338617926232]",332
Singapore,commute_morning,soft_kl_seed2026,nll_clipped,-0.04505792134164589,"[-0.054040905780137705, -0.03612717002373437]","[-0.05686967384990664, -0.03333196778662913]",332
Singapore,commute_morning,soft_kl_seed2026,pt_probability,0.07822882504292192,"[0.07327075626082571, 0.08337994192649766]","[0.07166490279481161, 0.0849149725712886]",332
Singapore,commute_morning,soft_kl_seed2026,response_accessibility,-0.01542180091569043,"[-0.021032103386859083, -0.009794963045180384]","[-0.02277515323905566, -0.007954240889114565]",332
Singapore,commute_morning,soft_kl_seed2026,response_weather,-0.021788808640586323,"[-0.02383046659405332, -0.019757278015590216]","[-0.024566135252545397, -0.01906027291273048]",332
Singapore,commute_morning,soft_kl_seed2026,response_fare,-0.005693577656365302,"[-0.007411841879856874, -0.004035334687410709]","[-0.007944297131756881, -0.003508297018594602]",332
Singapore,commute_morning,soft_kl_seed2026,response_transit_delay,-0.017244250356522668,"[-0.02032477635138455, -0.014249227686044592]","[-0.021347363267755923, -0.013418659578941493]",332
Singapore,commute_morning,soft_kl_seed2026,response_roadworks,0.015862744481089604,"[0.012405171166791254, 0.01952298172603709]","[0.01136292121922934, 0.020795759667070136]",332
Singapore,commute_morning,soft_kl_seed7,accuracy,-0.0024096385542168677,"[-0.006927710843373494, 0.002409638554216867]","[-0.008734939759036144, 0.0036144578313253017]",332
Singapore,commute_morning,soft_kl_seed7,brier,-0.0072649992945054195,"[-0.014759213210003307, 0.000491160367918877]","[-0.01688210381080709, 0.0028851217476127955]",332
Singapore,commute_morning,soft_kl_seed7,nll_clipped,-0.00847598948079142,"[-0.019412429147497613, 0.0028964244340503884]","[-0.022445655556316356, 0.006577806240627245]",332
Singapore,commute_morning,soft_kl_seed7,pt_probability,0.019655183605928286,"[0.013602621096827324, 0.02561276851025556]","[0.011255880272896762, 0.027434082823268324]",332
Singapore,commute_morning,soft_kl_seed7,response_accessibility,-0.0075258410771388605,"[-0.009937092034336943, -0.005111686701336541]","[-0.010606366593155067, -0.00431795479522188]",332
Singapore,commute_morning,soft_kl_seed7,response_weather,0.01984687856432185,"[0.01766965099279376, 0.022036315488393406]","[0.01700703236291252, 0.022730840999318887]",332
Singapore,commute_morning,soft_kl_seed7,response_fare,0.002931737464415022,"[0.0009420566272035421, 0.004884864203070838]","[0.00029471736255449706, 0.0055451537162648935]",332
Singapore,commute_morning,soft_kl_seed7,response_transit_delay,0.007567249471321702,"[0.004157350414800066, 0.010970715262523167]","[0.0030614474235545752, 0.01202094003499248]",332
Singapore,commute_morning,soft_kl_seed7,response_roadworks,0.010211524295519633,"[0.007373143770698323, 0.013309288166283843]","[0.006560455043631864, 0.014291045242045287]",332
Singapore,commute_morning,ce_kl_seed42,accuracy,0.0012048192771084338,"[0.0, 0.0027108433734939763]","[0.0, 0.003614457831325301]",332
Singapore,commute_morning,ce_kl_seed42,brier,0.008073153641518385,"[0.005990021351888747, 0.010168405323092393]","[0.0053238025101047404, 0.010818113608888473]",332
Singapore,commute_morning,ce_kl_seed42,nll_clipped,0.015828306283207253,"[0.01226271242871729, 0.019357302991686053]","[0.011070075983517436, 0.020581194530598847]",332
Singapore,commute_morning,ce_kl_seed42,pt_probability,-0.008836024881520096,"[-0.010161862037821703, -0.0075186019100256535]","[-0.01064614128033106, -0.007041846124137999]",332
Singapore,commute_morning,ce_kl_seed42,response_accessibility,-0.0005669063377945897,"[-0.00203647448983554, 0.0009101427310982333]","[-0.002522643172390428, 0.001400912081130565]",332
Singapore,commute_morning,ce_kl_seed42,response_weather,-0.005723124395225601,"[-0.007374287892486451, -0.004100751794919552]","[-0.007861515418486108, -0.0036270593428361555]",332
Singapore,commute_morning,ce_kl_seed42,response_fare,-0.0006256105647568243,"[-0.0017757083205169582, 0.0005264558251498333]","[-0.002172188814336726, 0.0008827938586585586]",332
Singapore,commute_morning,ce_kl_seed42,response_transit_delay,-0.0044218074440597055,"[-0.005358259994480534, -0.0034817599205451697]","[-0.005674907445826243, -0.0031719484780802897]",332
Singapore,commute_morning,ce_kl_seed42,response_roadworks,0.0026864106935190865,"[0.0004900820306446179, 0.004949809523321778]","[-0.0001999962060566408, 0.005598702226507374]",332
Singapore,commute_morning,ce_kl_seed2026,accuracy,0.0027108433734939754,"[-0.011445783132530122, 0.016874999999999894]","[-0.016265060240963858, 0.02108433734939759]",332
Singapore,commute_morning,ce_kl_seed2026,brier,-0.026138280805297925,"[-0.032651345463734216, -0.01969335694432219]","[-0.03476631596630292, -0.01769790396627352]",332
Singapore,commute_morning,ce_kl_seed2026,nll_clipped,-0.03860204713251988,"[-0.0485975156388785, -0.028730120970665077]","[-0.05155083197573289, -0.026117590333444882]",332
Singapore,commute_morning,ce_kl_seed2026,pt_probability,0.044975557507588027,"[0.04009034521494857, 0.04997552884212436]","[0.038483150898930556, 0.05147951089495971]",332
Singapore,commute_morning,ce_kl_seed2026,response_accessibility,-0.0335796125659562,"[-0.03803215188223936, -0.0291588989225306]","[-0.039343091169770535, -0.027840815469600173]",332
Singapore,commute_morning,ce_kl_seed2026,response_weather,-0.0061982118423624215,"[-0.008306214021776904, -0.004036475665003331]","[-0.009025519576529603, -0.0034041061150807783]",332
Singapore,commute_morning,ce_kl_seed2026,response_fare,-0.0031582808054714316,"[-0.004406007922938969, -0.0019009435616702919]","[-0.004809037980746972, -0.0015087156950395174]",332
Singapore,commute_morning,ce_kl_seed2026,response_transit_delay,-0.01281566747901849,"[-0.014365061820647397, -0.011330273509844689]","[-0.01489341739475368, -0.010870819412822646]",332
Singapore,commute_morning,ce_kl_seed2026,response_roadworks,0.018279672746198725,"[0.01438233727387276, 0.02218962176197983]","[0.013095914955329463, 0.02357267046773648]",332
Singapore,commute_morning,ce_kl_seed7,accuracy,0.02108433734939759,"[0.013554216867469882, 0.028915662650602414]","[0.01144578313253012, 0.031325301204819286]",332
Singapore,commute_morning,ce_kl_seed7,brier,-0.028476186095125467,"[-0.03917072098137173, -0.017534260761881682]","[-0.04252845550010612, -0.013835551818280745]",332
Singapore,commute_morning,ce_kl_seed7,nll_clipped,-0.03570508863268976,"[-0.05242726469815757, -0.01849167739343789]","[-0.05756771230666082, -0.012822524190824912]",332
Singapore,commute_morning,ce_kl_seed7,pt_probability,0.040496655005726016,"[0.033533146403595275, 0.04746916317732312]","[0.031208819511344413, 0.04957719960285724]",332
Singapore,commute_morning,ce_kl_seed7,response_accessibility,0.012755847564079317,"[0.010279634050850993, 0.01524688512751698]","[0.009403723644833249, 0.016067872686277934]",332
Singapore,commute_morning,ce_kl_seed7,response_weather,0.04025719039905143,"[0.03345603810788794, 0.04713830350847713]","[0.0312805402694068, 0.049374220447014464]",332
Singapore,commute_morning,ce_kl_seed7,response_fare,0.00044730847634105795,"[-0.002035614858796618, 0.0029631389568683243]","[-0.002842165015649095, 0.0037052104346656065]",332
Singapore,commute_morning,ce_kl_seed7,response_transit_delay,0.004289167464699551,"[0.00023189587718442495, 0.008230751239784416]","[-0.0010369076685705053, 0.009539154467757785]",332
Singapore,commute_morning,ce_kl_seed7,response_roadworks,0.014183148472424013,"[0.009699878406273312, 0.018823914628206605]","[0.008433771067220404, 0.020398450144622698]",332
Singapore,commute_morning,signed_l1_seed42,accuracy,-0.0006024096385542169,"[-0.002108433734939759, 0.0009036144578313254]","[-0.002710843373493976, 0.0012048192771084338]",332
Singapore,commute_morning,signed_l1_seed42,brier,0.008120880576554232,"[0.006488633570939194, 0.009727261511602891]","[0.00594112775456911, 0.01030983453170027]",332
Singapore,commute_morning,signed_l1_seed42,nll_clipped,0.014158627008531564,"[0.012082583282690795, 0.016187310755732175]","[0.011392478838160741, 0.01694512638825765]",332
Singapore,commute_morning,signed_l1_seed42,pt_probability,-0.012858891240264996,"[-0.014078793462214386, -0.011663702070987951]","[-0.014505009629045535, -0.011289670410717519]",332
Singapore,commute_morning,signed_l1_seed42,response_accessibility,-0.0021717246980911277,"[-0.002983676492101906, -0.0013650743588131953]","[-0.0032429619938561536, -0.001141948058853399]",332
Singapore,commute_morning,signed_l1_seed42,response_weather,-0.0024391871439405233,"[-0.0037839865539200514, -0.0010973006307360641]","[-0.00422095888389656, -0.0006278434526512037]",332
Singapore,commute_morning,signed_l1_seed42,response_fare,0.0018043535346367273,"[0.0009305517110659416, 0.002670763212491769]","[0.0006593642089830105, 0.002963433610387595]",332
Singapore,commute_morning,signed_l1_seed42,response_transit_delay,0.0008964381483663995,"[-0.00010753265941089176, 0.0019229684328009563]","[-0.0004223645013947803, 0.0022344589410686327]",332
Singapore,commute_morning,signed_l1_seed42,response_roadworks,-0.0011293279478348881,"[-0.0023705516302262443, 7.571782692369149e-05]","[-0.002789805519383356, 0.0004446578106607264]",332
Singapore,commute_morning,signed_l1_seed2026,accuracy,0.0051204819277108436,"[-0.007530120481927711, 0.017771084337349398]","[-0.012048192771084338, 0.021987951807228914]",332
Singapore,commute_morning,signed_l1_seed2026,brier,-0.015241612859997592,"[-0.0215653196544645, -0.00892785164742766]","[-0.023615685751341247, -0.006914781948513259]",332
Singapore,commute_morning,signed_l1_seed2026,nll_clipped,-0.02500290777320453,"[-0.033127207108210696, -0.01679537792842146]","[-0.035645341549115736, -0.014309827365668196]",332
Singapore,commute_morning,signed_l1_seed2026,pt_probability,0.06541519825604845,"[0.06088950954461807, 0.06998370640063996]","[0.05941405986996749, 0.0714532282000228]",332
Singapore,commute_morning,signed_l1_seed2026,response_accessibility,-0.009836291546473303,"[-0.01432517455716853, -0.0053138477354680745]","[-0.015786505781607816, -0.003934954181201308]",332
Singapore,commute_morning,signed_l1_seed2026,response_weather,-0.022255879591207905,"[-0.024208838119541845, -0.020334580913747114]","[-0.024854271882943, -0.01975143723425467]",332
Singapore,commute_morning,signed_l1_seed2026,response_fare,-0.005506003522370235,"[-0.007434539862695228, -0.003654787716377213]","[-0.008055144203041332, -0.003070999543934355]",332
Singapore,commute_morning,signed_l1_seed2026,response_transit_delay,-0.013811495110213038,"[-0.016227825786301258, -0.011476548577389533]","[-0.016955123183048187, -0.01078521637492871]",332
Singapore,commute_morning,signed_l1_seed2026,response_roadworks,0.016346905963966644,"[0.013098123538341508, 0.019741825826735383]","[0.012078710283680134, 0.02089762189593839]",332
Singapore,commute_morning,signed_l1_seed7,accuracy,-0.0009036144578313254,"[-0.005421686746987953, 0.0036144578313253017]","[-0.007228915662650602, 0.0051204819277108436]",332
Singapore,commute_morning,signed_l1_seed7,brier,-0.001451202095567419,"[-0.008255542309879793, 0.005587492812952735]","[-0.010257458066143709, 0.007974180750757707]",332
Singapore,commute_morning,signed_l1_seed7,nll_clipped,-0.001645321608004592,"[-0.011627952627935348, 0.00870814187658445]","[-0.014398851052186636, 0.012288484661954898]",332
Singapore,commute_morning,signed_l1_seed7,pt_probability,0.01831488625051072,"[0.012520359314828044, 0.023992429595203583]","[0.010422410446966728, 0.025652169327711662]",332
Singapore,commute_morning,signed_l1_seed7,response_accessibility,0.0023489487301333843,"[0.00024063184111188337, 0.004524935690787093]","[-0.0004628259339089314, 0.005213719988241791]",332
Singapore,commute_morning,signed_l1_seed7,response_weather,0.03552789334207773,"[0.03270592802759619, 0.03843795488930745]","[0.0318136267050405, 0.03928334742593747]",332
Singapore,commute_morning,signed_l1_seed7,response_fare,0.004028370435607721,"[0.0017366752959787847, 0.006358748983524469]","[0.0009137167724926608, 0.00706616959293339]",332
Singapore,commute_morning,signed_l1_seed7,response_transit_delay,0.012659410376617887,"[0.00870847959675916, 0.016614771185650388]","[0.00745645084440798, 0.017804289330091563]",332
Singapore,commute_morning,signed_l1_seed7,response_roadworks,0.015322932277817324,"[0.012280690972973783, 0.01858767211123044]","[0.011368361024343106, 0.019705204238823378]",332
Singapore,commute_morning,direction_magnitude_seed42,accuracy,-0.0015060240963855422,"[-0.003614457831325301, 0.0003012048192771085]","[-0.004216867469879518, 0.0009036144578313254]",332
Singapore,commute_morning,direction_magnitude_seed42,brier,0.005423438005287181,"[0.004016141853049358, 0.0068124853750937565]","[0.0035296626598426474, 0.0073104694490282755]",332
Singapore,commute_morning,direction_magnitude_seed42,nll_clipped,0.009665841586716297,"[0.007880122272243016, 0.011434019084021689]","[0.007289822301843899, 0.01201195944749828]",332
Singapore,commute_morning,direction_magnitude_seed42,pt_probability,-0.008420207897896867,"[-0.009535100571306264, -0.007331500865311465]","[-0.009930921142309321, -0.006974915218943487]",332
Singapore,commute_morning,direction_magnitude_seed42,response_accessibility,-0.0008307091600025993,"[-0.0015788442065310946, -7.593935854867651e-05]","[-0.0018049282136833275, 0.00013283088197370537]",332
Singapore,commute_morning,direction_magnitude_seed42,response_weather,0.001220424771757729,"[-0.0003393031923235001, 0.002763003866883915]","[-0.0008441768310605042, 0.003285701246819929]",332
Singapore,commute_morning,direction_magnitude_seed42,response_fare,0.0006512927946196981,"[-0.00021935318293700735, 0.0015260802924139311]","[-0.0004655598476529121, 0.001790812219863375]",332
Singapore,commute_morning,direction_magnitude_seed42,response_transit_delay,0.0003104596567082118,"[-0.0006841325969715793, 0.001338833804994103]","[-0.000996421405776258, 0.001666411247149289]",332
Singapore,commute_morning,direction_magnitude_seed42,response_roadworks,-0.002182783850704331,"[-0.003377663781754224, -0.0010115577469030073]","[-0.0037771438995757734, -0.0006239547104720618]",332
Singapore,commute_morning,direction_magnitude_seed2026,accuracy,-0.000301204819277108,"[-0.012650602409638554, 0.01174698795180723]","[-0.016566265060240965, 0.015963855421686747]",332
Singapore,commute_morning,direction_magnitude_seed2026,brier,-0.009371964924887446,"[-0.01605815253968755, -0.0026794528431092887]","[-0.01803284515055462, -0.0006100903095083653]",332
Singapore,commute_morning,direction_magnitude_seed2026,nll_clipped,-0.01891564270697952,"[-0.027689870844069913, -0.010157773482084537]","[-0.03047050382985806, -0.0073332822508298855]",332
Singapore,commute_morning,direction_magnitude_seed2026,pt_probability,0.06527195570833354,"[0.0605371882218632, 0.07016695120725332]","[0.058834677836515505, 0.07162477509615695]",332
Singapore,commute_morning,direction_magnitude_seed2026,response_accessibility,-0.012082143316426909,"[-0.015343838413414287, -0.008770702170847682]","[-0.01643714273993644, -0.00783902454133853]",332
Singapore,commute_morning,direction_magnitude_seed2026,response_weather,-0.020557722491941537,"[-0.02262710814044463, -0.01848027191562466]","[-0.02332246085954269, -0.017884252569357682]",332
Singapore,commute_morning,direction_magnitude_seed2026,response_fare,-0.0038532928889056287,"[-0.005807946284065943, -0.0019877041942518523]","[-0.006477955244593771, -0.0013805968813733096]",332
Singapore,commute_morning,direction_magnitude_seed2026,response_transit_delay,-0.01058644864214472,"[-0.012759504514376083, -0.008453430636527847]","[-0.013516205195225325, -0.007859005984928776]",332
Singapore,commute_morning,direction_magnitude_seed2026,response_roadworks,0.01857024673596922,"[0.015005143130400096, 0.02221363959497357]","[0.013903888596827726, 0.02352758769439645]",332
Singapore,commute_morning,direction_magnitude_seed7,accuracy,-0.002108433734939759,"[-0.00783132530120482, 0.0036144578313253017]","[-0.009337349397590362, 0.00572289156626506]",332
Singapore,commute_morning,direction_magnitude_seed7,brier,-0.007864738936316725,"[-0.01505432100483295, -0.00048723576821686304]","[-0.017225337164508813, 0.0019437481821860433]",332
Singapore,commute_morning,direction_magnitude_seed7,nll_clipped,-0.008202664066646171,"[-0.018648549651291084, 0.002677894378570665]","[-0.021590367586402096, 0.0065336868681378]",332
Singapore,commute_morning,direction_magnitude_seed7,pt_probability,0.018906836534944273,"[0.013170656549949611, 0.024650951546517086]","[0.011067352125646631, 0.026315792204952063]",332
Singapore,commute_morning,direction_magnitude_seed7,response_accessibility,0.01847480564007917,"[0.016341282418053823, 0.02066449354183916]","[0.015773461846163475, 0.021345673585591092]",332
Singapore,commute_morning,direction_magnitude_seed7,response_weather,0.03506622334426067,"[0.03229898324051131, 0.037933253013831846]","[0.031395054494075654, 0.0386778646995908]",332
Singapore,commute_morning,direction_magnitude_seed7,response_fare,0.006193082106400685,"[0.004216580049146012, 0.008197751992483095]","[0.0035868262887808933, 0.008823350754353285]",332
Singapore,commute_morning,direction_magnitude_seed7,response_transit_delay,-0.000886023671896455,"[-0.0033449947273415507, 0.0015790958861215177]","[-0.004123373050425, 0.002370621081971469]",332
Singapore,commute_morning,direction_magnitude_seed7,response_roadworks,0.004883700555347535,"[0.0020868560815431986, 0.007824808606002702]","[0.0011967738834490259, 0.008743115309401445]",332
Singapore,other_midday,s9,accuracy,-0.009337349397590363,"[-0.015060240963855422, -0.003915662650602409]","[-0.016566265060240965, -0.0021084337349397586]",332
Singapore,other_midday,s9,brier,0.013732986404153493,"[0.00942904514744985, 0.018014250207047663]","[0.007921781328043236, 0.019271712715236873]",332
Singapore,other_midday,s9,nll_clipped,0.019002474196990134,"[0.012356464185665595, 0.025678879156470887]","[0.010417744198009535, 0.027746123911070574]",332
Singapore,other_midday,s9,pt_probability,-0.01118601089825921,"[-0.01365802185967598, -0.008675559489617506]","[-0.014402155682921454, -0.008021594105058375]",332
Singapore,other_midday,s9,response_accessibility,6.658697209085326e-05,"[-0.0020051156507288836, 0.002101279941320148]","[-0.0025962030709474294, 0.0027493906155206167]",332
Singapore,other_midday,s9,response_weather,-0.03770783783710865,"[-0.04241827747879932, -0.03322146829688944]","[-0.04401808070888496, -0.03191846611556116]",332
Singapore,other_midday,s9,response_fare,0.0019288904942482352,"[0.00022492580486080016, 0.003650378998290433]","[-0.00028273324089416537, 0.004185378336830127]",332
Singapore,other_midday,s9,response_transit_delay,0.016102383255464845,"[0.012248469612993165, 0.01989222029434427]","[0.01117561084557751, 0.021232995236522483]",332
Singapore,other_midday,s9,response_roadworks,0.005217615963823824,"[0.0024625257499156943, 0.008114821225943335]","[0.001621537214840751, 0.009023533639868306]",332
Singapore,other_midday,mnl_s,accuracy,0.010240963855421687,"[0.003313253012048193, 0.01716867469879518]","[0.0009036144578313258, 0.01957831325301205]",332
Singapore,other_midday,mnl_s,brier,0.006047749612353247,"[0.002382789128632504, 0.0099425770280146]","[0.001291426285146752, 0.011347051560391013]",332
Singapore,other_midday,mnl_s,nll_clipped,0.01941832106222325,"[0.012591052422569212, 0.026332773103788554]","[0.010314411478620764, 0.028523254110234313]",332
Singapore,other_midday,mnl_s,pt_probability,-0.043461261136433935,"[-0.046483590056339986, -0.04069962295934519]","[-0.047638196693606895, -0.03996876353003911]",332
Singapore,other_midday,mnl_s,response_accessibility,0.019339014930114737,"[0.015321443808524834, 0.023611385583615512]","[0.014182155123188413, 0.024987332599595295]",332
Singapore,other_midday,mnl_s,response_weather,-0.020111395309105703,"[-0.022858191549900424, -0.01736291339554431]","[-0.023844943293838895, -0.016464818856864488]",332
Singapore,other_midday,mnl_s,response_fare,0.00019805619592202397,"[9.253920207731138e-05, 0.00030111156055003376]","[6.093455561055569e-05, 0.0003339578328456475]",332
Singapore,other_midday,mnl_s,response_transit_delay,-0.0007754114338403917,"[-0.0018243418870783072, 0.00022642792901862436]","[-0.0021964159723203264, 0.0005088180288417911]",332
Singapore,other_midday,mnl_s,response_roadworks,0.001658467423304484,"[0.0013102557574046648, 0.0020190091766860725]","[0.0012083678690944068, 0.0021319875762462128]",332
Singapore,other_midday,soft_kl_seed42,accuracy,0.003313253012048193,"[-0.000602409638554216, 0.007530120481927711]","[-0.0015060240963855425, 0.008734939759036145]",332
Singapore,other_midday,soft_kl_seed42,brier,-0.014226643741259372,"[-0.01726159758773947, -0.011317413219147277]","[-0.01838032881466678, -0.010494914579876445]",332
Singapore,other_midday,soft_kl_seed42,nll_clipped,-0.01882453404082627,"[-0.022733222596550477, -0.01503634387455388]","[-0.02407885184525091, -0.013972221882849778]",332
Singapore,other_midday,soft_kl_seed42,pt_probability,0.018275757104786766,"[0.015718138557606297, 0.020848410236508956]","[0.015016865531947598, 0.02173136050408951]",332
Singapore,other_midday,soft_kl_seed42,response_accessibility,-0.004180299320134772,"[-0.006084644278870469, -0.0022709088018500662]","[-0.006702564283812711, -0.0016619197823421468]",332
Singapore,other_midday,soft_kl_seed42,response_weather,-0.0012389353016413838,"[-0.003780996116125081, 0.0012681081487112731]","[-0.004552944023274334, 0.002059922970225463]",332
Singapore,other_midday,soft_kl_seed42,response_fare,-0.003467585509979581,"[-0.004741160280396601, -0.002232450492545424]","[-0.005087350228778928, -0.0017760979224849193]",332
Singapore,other_midday,soft_kl_seed42,response_transit_delay,-0.0010934632765241415,"[-0.0028007312806839326, 0.0006307320402800491]","[-0.003330375311155635, 0.0010769392767113167]",332
Singapore,other_midday,soft_kl_seed42,response_roadworks,0.012689795300184962,"[0.01038469463048211, 0.015168167309588695]","[0.009675865203860295, 0.016021198264087537]",332
Singapore,other_midday,soft_kl_seed2026,accuracy,-0.009337349397590363,"[-0.015361445783132532, -0.0036144578313253004]","[-0.017469879518072287, -0.0015060240963855444]",332
Singapore,other_midday,soft_kl_seed2026,brier,0.009836949570885309,"[0.007644654216941864, 0.01205510057742603]","[0.007000517881046341, 0.012789697755482048]",332
Singapore,other_midday,soft_kl_seed2026,nll_clipped,0.013537735184396393,"[0.010270817015365996, 0.01685146389217749]","[0.009292487986774739, 0.017972688963566723]",332
Singapore,other_midday,soft_kl_seed2026,pt_probability,-0.013502949274268495,"[-0.015210715143363475, -0.011767245489593415]","[-0.01582259391887809, -0.011266106956167124]",332
Singapore,other_midday,soft_kl_seed2026,response_accessibility,-0.001922671885106219,"[-0.003635894075170698, -0.0002187793563871864]","[-0.004133448181449469, 0.000306751045948226]",332
Singapore,other_midday,soft_kl_seed2026,response_weather,-0.00990244663174612,"[-0.011460345641833293, -0.008344341022893787]","[-0.011965987784788011, -0.007892299331724643]",332
Singapore,other_midday,soft_kl_seed2026,response_fare,0.002716951565929206,"[0.0018468434596995273, 0.0035972602177321545]","[0.0015844195069049498, 0.003882873677368085]",332
Singapore,other_midday,soft_kl_seed2026,response_transit_delay,0.0027092331571571798,"[0.001442249913150108, 0.003972210195364363]","[0.0010500361234600465, 0.004311267684988039]",332
Singapore,other_midday,soft_kl_seed2026,response_roadworks,0.013485505189522204,"[0.011053394811250358, 0.016050894298108225]","[0.010301590051995702, 0.016874059187360554]",332
Singapore,other_midday,soft_kl_seed7,accuracy,0.004819277108433735,"[-0.001204819277108434, 0.010843373493975903]","[-0.003313253012048192, 0.012951807228915662]",332
Singapore,other_midday,soft_kl_seed7,brier,-0.036895330565760553,"[-0.04214870654685494, -0.03173317289520539]","[-0.04379237517307397, -0.03017919448810599]",332
Singapore,other_midday,soft_kl_seed7,nll_clipped,-0.05295060623284673,"[-0.06051348352684278, -0.045642154881677596]","[-0.06272387962702, -0.043231424696989436]",332
Singapore,other_midday,soft_kl_seed7,pt_probability,0.04475542361208473,"[0.041442738608078455, 0.04804288707512252]","[0.0405272647560159, 0.049006469298086795]",332
Singapore,other_midday,soft_kl_seed7,response_accessibility,-0.03550665440733533,"[-0.03809291164991053, -0.032933717887534436]","[-0.03891951373952205, -0.03211319084621473]",332
Singapore,other_midday,soft_kl_seed7,response_weather,8.85277762111411e-05,"[-0.0024994143963712884, 0.0027138303149020276]","[-0.003252624374286956, 0.003425810805645332]",332
Singapore,other_midday,soft_kl_seed7,response_fare,0.010127456252833447,"[0.008556274732529939, 0.011745406104341508]","[0.008048804349501629, 0.012309720223006528]",332
Singapore,other_midday,soft_kl_seed7,response_transit_delay,0.00394316611205598,"[0.001786749055384692, 0.006159539333774696]","[0.0010173935259703592, 0.006852484251939162]",332
Singapore,other_midday,soft_kl_seed7,response_roadworks,0.009989895106080067,"[0.006345983356776008, 0.01373117225446615]","[0.0052261308113853615, 0.01503878688462168]",332
Singapore,other_midday,ce_kl_seed42,accuracy,0.0036144578313253017,"[-0.00030120481927710835, 0.00783132530120482]","[-0.0018072289156626502, 0.009036144578313256]",332
Singapore,other_midday,ce_kl_seed42,brier,-0.030004191431130207,"[-0.03482074299100481, -0.025433519532008085]","[-0.036344293365583105, -0.02413544558921388]",332
Singapore,other_midday,ce_kl_seed42,nll_clipped,-0.056356735595323434,"[-0.06398434323768325, -0.04902922945812778]","[-0.06666193004964405, -0.046673133583241516]",332
Singapore,other_midday,ce_kl_seed42,pt_probability,0.027176890133652855,"[0.024116322384082643, 0.030321000920459966]","[0.023267781132317072, 0.031397598934470285]",332
Singapore,other_midday,ce_kl_seed42,response_accessibility,-0.013116584171355894,"[-0.017361827139305765, -0.00882442992840507]","[-0.018750860655395572, -0.007519625984861656]",332
Singapore,other_midday,ce_kl_seed42,response_weather,-0.019295605303472782,"[-0.023922331625432988, -0.014781900905900222]","[-0.025410358435656675, -0.013482287290130172]",332
Singapore,other_midday,ce_kl_seed42,response_fare,-0.0009753427367253476,"[-0.0031489664974835626, 0.0011541600849658963]","[-0.0037900655070342215, 0.001773549481126734]",332
Singapore,other_midday,ce_kl_seed42,response_transit_delay,0.0042899675212845385,"[0.0021029314479274475, 0.00648465175749678]","[0.0013898115971754024, 0.007083626489718835]",332
Singapore,other_midday,ce_kl_seed42,response_roadworks,0.017676728317536503,"[0.014277154519166573, 0.021203049218439192]","[0.01328106933553894, 0.022440226957291715]",332
Singapore,other_midday,ce_kl_seed2026,accuracy,0.0018072289156626509,"[-0.0036144578313253017, 0.007530120481927711]","[-0.005421686746987951, 0.009337349397590362]",332
Singapore,other_midday,ce_kl_seed2026,brier,0.0041278218531739935,"[0.000863820914459202, 0.007492857499716263]","[-2.058726435346736e-05, 0.008565508540040923]",332
Singapore,other_midday,ce_kl_seed2026,nll_clipped,0.008471822526241679,"[0.00292381347976563, 0.014148059073279868]","[0.0015025071739119497, 0.016160977464588305]",332
Singapore,other_midday,ce_kl_seed2026,pt_probability,-0.0024253063293802274,"[-0.004545628221962231, -0.0003034772658412042]","[-0.005273272791167676, 0.0003778518879272654]",332
Singapore,other_midday,ce_kl_seed2026,response_accessibility,0.009659694690055337,"[0.008224517450364958, 0.011088850894586619]","[0.007768201639171667, 0.011550272509388353]",332
Singapore,other_midday,ce_kl_seed2026,response_weather,-0.008654009758393807,"[-0.010187314210336163, -0.007073091466613788]","[-0.01066083269171327, -0.006637860260825295]",332
Singapore,other_midday,ce_kl_seed2026,response_fare,-0.0011393111423555627,"[-0.0017961159567292555, -0.00048159654364438704]","[-0.002022560367315828, -0.00023697563548045043]",332
Singapore,other_midday,ce_kl_seed2026,response_transit_delay,-0.0011782592207372907,"[-0.0019599542303672846, -0.00041453774726714]","[-0.0021995604471079107, -0.00019659757201773208]",332
Singapore,other_midday,ce_kl_seed2026,response_roadworks,0.012323504381151084,"[0.010026933322380105, 0.01471899759966925]","[0.009340766982500812, 0.015538851297404387]",332
Singapore,other_midday,ce_kl_seed7,accuracy,0.01566265060240964,"[0.009036144578313253, 0.022590361445783132]","[0.0069277108433734936, 0.025]",332
Singapore,other_midday,ce_kl_seed7,brier,-0.037193418800156995,"[-0.04275947842950861, -0.03186498140824183]","[-0.04456615620615503, -0.030042650981515286]",332
Singapore,other_midday,ce_kl_seed7,nll_clipped,-0.06204579050409197,"[-0.07096623634891526, -0.05360761396396959]","[-0.07389607904470363, -0.050715430722189946]",332
Singapore,other_midday,ce_kl_seed7,pt_probability,0.03503408467857145,"[0.03185958616700618, 0.03824552715984622]","[0.03089202804363569, 0.039203955825571124]",332
Singapore,other_midday,ce_kl_seed7,response_accessibility,-0.02325312247926212,"[-0.025361884572874218, -0.021231789660993514]","[-0.025948221484389918, -0.020629140662663366]",332
Singapore,other_midday,ce_kl_seed7,response_weather,-0.01979721188320812,"[-0.026735552785362687, -0.012999628254083403]","[-0.028903175430731422, -0.010817724628604008]",332
Singapore,other_midday,ce_kl_seed7,response_fare,0.005844206751200808,"[0.004197774209777813, 0.007486754272368747]","[0.0037008787456518375, 0.008006070741699131]",332
Singapore,other_midday,ce_kl_seed7,response_transit_delay,-0.0019909360513360387,"[-0.00433995242950125, 0.00033172993171758075]","[-0.005132858902342191, 0.0010001243540248542]",332
Singapore,other_midday,ce_kl_seed7,response_roadworks,0.00041359999632260884,"[-0.0031933522839323585, 0.004003344644534301]","[-0.004329527698412358, 0.0051242745595883096]",332
Singapore,other_midday,signed_l1_seed42,accuracy,0.006626506024096386,"[0.0021084337349397595, 0.01144578313253012]","[0.0009036144578313254, 0.012652108433734703]",332
Singapore,other_midday,signed_l1_seed42,brier,-0.010629903974545296,"[-0.013373959657891732, -0.007987645642374799]","[-0.01424774530383586, -0.007249164794815204]",332
Singapore,other_midday,signed_l1_seed42,nll_clipped,-0.014375169585549536,"[-0.017955170802719023, -0.010816325122694207]","[-0.019134295190586813, -0.009892450721757727]",332
Singapore,other_midday,signed_l1_seed42,pt_probability,0.013201585247080368,"[0.010810309975458511, 0.015682563467865746]","[0.010067502870577867, 0.016552020767316534]",332
Singapore,other_midday,signed_l1_seed42,response_accessibility,-0.005390335267117943,"[-0.0065301457635991, -0.004258649689089284]","[-0.006834343965165317, -0.003932268286224863]",332
Singapore,other_midday,signed_l1_seed42,response_weather,-0.0010291345484824065,"[-0.003428888731041407, 0.001293020111968718]","[-0.004206488600045622, 0.002075875453729486]",332
Singapore,other_midday,signed_l1_seed42,response_fare,-0.0024550929216735334,"[-0.003683040879038443, -0.001260836464521217]","[-0.004068260732701565, -0.0008644715505820462]",332
Singapore,other_midday,signed_l1_seed42,response_transit_delay,-0.001151698046779058,"[-0.002727646814345057, 0.00042286357415997086]","[-0.0032935691493597014, 0.0008389310172972185]",332
Singapore,other_midday,signed_l1_seed42,response_roadworks,0.013415767665368965,"[0.011038483048688217, 0.01595629707921341]","[0.01029693333723818, 0.01678989496530896]",332
Singapore,other_midday,signed_l1_seed2026,accuracy,-0.0006024096385542167,"[-0.0069277108433734936, 0.005722891566265062]","[-0.008734939759036145, 0.00783132530120482]",332
Singapore,other_midday,signed_l1_seed2026,brier,0.005412351591890777,"[0.003337881671026004, 0.007577147276453212]","[0.00277481587505036, 0.00838552751796234]",332
Singapore,other_midday,signed_l1_seed2026,nll_clipped,0.007504563168209836,"[0.004576155317226771, 0.010534704510126783]","[0.0037523566017817773, 0.011650105789421277]",332
Singapore,other_midday,signed_l1_seed2026,pt_probability,-0.010634055665234125,"[-0.012550204305163393, -0.008735372864904938]","[-0.013208767954209617, -0.008169198204578093]",332
Singapore,other_midday,signed_l1_seed2026,response_accessibility,0.004668474735983883,"[0.003314003151145775, 0.00602485010574336]","[0.0028816858013665458, 0.006469896771743084]",332
Singapore,other_midday,signed_l1_seed2026,response_weather,-0.009887570582599524,"[-0.01147596910820309, -0.008271199916433318]","[-0.0119820737926267, -0.007819722740495782]",332
Singapore,other_midday,signed_l1_seed2026,response_fare,-0.001073937346956816,"[-0.002111978421593646, -1.920079868511302e-05]","[-0.002431577470108687, 0.0003085244265216635]",332
Singapore,other_midday,signed_l1_seed2026,response_transit_delay,-0.0007078858002661223,"[-0.002032692592972553, 0.0005971877619691461]","[-0.002452049042288977, 0.0010066461979961357]",332
Singapore,other_midday,signed_l1_seed2026,response_roadworks,0.01017887463950249,"[0.008009714242744157, 0.012392422427838466]","[0.007276946440653269, 0.013095909888485807]",332
Singapore,other_midday,signed_l1_seed7,accuracy,0.008734939759036145,"[0.0033132530120481922, 0.014457831325301207]","[0.0015060240963855422, 0.016265060240963858]",332
Singapore,other_midday,signed_l1_seed7,brier,-0.03039328839636082,"[-0.03498348973477164, -0.025996820188528672]","[-0.03652489062387829, -0.024447818542317812]",332
Singapore,other_midday,signed_l1_seed7,nll_clipped,-0.04462159439786232,"[-0.05107487455674078, -0.03842869372139422]","[-0.05295065570853474, -0.03630823399899227]",332
Singapore,other_midday,signed_l1_seed7,pt_probability,0.03650875300062394,"[0.033517865074696084, 0.03953452623595136]","[0.03248593183413306, 0.040431211391857985]",332
Singapore,other_midday,signed_l1_seed7,response_accessibility,-0.025429419275507868,"[-0.027276450512279945, -0.023606380918455953]","[-0.02780034745415022, -0.02303728590528649]",332
Singapore,other_midday,signed_l1_seed7,response_weather,0.005641626945909965,"[0.0030225402813023297, 0.008288660348415465]","[0.002291452846074679, 0.00908018155477896]",332
Singapore,other_midday,signed_l1_seed7,response_fare,0.009633056909204966,"[0.008166115019605102, 0.01109711303577635]","[0.0077030050440366005, 0.011577315910618346]",332
Singapore,other_midday,signed_l1_seed7,response_transit_delay,0.002493506120742265,"[-3.380418645711724e-05, 0.005068384813206516]","[-0.0007247703662142157, 0.005830333580260147]",332
Singapore,other_midday,signed_l1_seed7,response_roadworks,0.005480716027409197,"[0.0021363220278577634, 0.008955265303333121]","[0.0010605526199362364, 0.010081722983215212]",332
Singapore,other_midday,direction_magnitude_seed42,accuracy,0.005421686746987952,"[0.001506024096385542, 0.009337349397590362]","[0.00030120481927710835, 0.010542168674698794]",332
Singapore,other_midday,direction_magnitude_seed42,brier,-0.014123600666433417,"[-0.017103441900080465, -0.011262318542188642]","[-0.018020518075732038, -0.010491710893269428]",332
Singapore,other_midday,direction_magnitude_seed42,nll_clipped,-0.019270243331633602,"[-0.023290667352277514, -0.015319781959896733]","[-0.02461009304802072, -0.014287944286152689]",332
Singapore,other_midday,direction_magnitude_seed42,pt_probability,0.01848146260817008,"[0.016146414908047496, 0.02092120093565591]","[0.01538669553310442, 0.021809744899553882]",332
Singapore,other_midday,direction_magnitude_seed42,response_accessibility,-0.010900486238211035,"[-0.01223006281855864, -0.009574137956004994]","[-0.012664974739393556, -0.009172576431701164]",332
Singapore,other_midday,direction_magnitude_seed42,response_weather,-0.0029450067689260804,"[-0.004987356500105416, -0.0009088886295815551]","[-0.005691204141791775, -0.00022460662417609517]",332
Singapore,other_midday,direction_magnitude_seed42,response_fare,-0.0034835967852408626,"[-0.005068487920293427, -0.0019204075807279133]","[-0.0055643232908458955, -0.001344613130372691]",332
Singapore,other_midday,direction_magnitude_seed42,response_transit_delay,-0.0035013468285281972,"[-0.0054701357109315065, -0.0014999874721629085]","[-0.006063344453809311, -0.0008928247892398893]",332
Singapore,other_midday,direction_magnitude_seed42,response_roadworks,0.014089773487613862,"[0.01173452853887196, 0.01658792690519827]","[0.011023734990193183, 0.017406488641288614]",332
Singapore,other_midday,direction_magnitude_seed2026,accuracy,-0.004216867469879519,"[-0.010843373493975902, 0.0024096385542168677]","[-0.012650602409638554, 0.004518072289156626]",332
Singapore,other_midday,direction_magnitude_seed2026,brier,0.0075658190040090055,"[0.005248286111305726, 0.00996732079597058]","[0.004522996326620088, 0.010731819873983108]",332
Singapore,other_midday,direction_magnitude_seed2026,nll_clipped,0.011132237958443817,"[0.007715988394775421, 0.014659414194925235]","[0.006651267162392759, 0.015767253784797288]",332
Singapore,other_midday,direction_magnitude_seed2026,pt_probability,-0.01365174362996975,"[-0.015529443366194974, -0.011787070989782688]","[-0.016142363074286112, -0.011204031284713386]",332
Singapore,other_midday,direction_magnitude_seed2026,response_accessibility,0.002023945113711328,"[0.00103430524692837, 0.0029877022034993555]","[0.0007415624263034348, 0.0032961402500766407]",332
Singapore,other_midday,direction_magnitude_seed2026,response_weather,-0.005786311453634716,"[-0.00731260969909469, -0.004284766424694155]","[-0.007846016605463193, -0.0037470076272421234]",332
Singapore,other_midday,direction_magnitude_seed2026,response_fare,0.0031844124153076886,"[0.0022411783540015476, 0.004163494461541434]","[0.001965178042223834, 0.004481155733993073]",332
Singapore,other_midday,direction_magnitude_seed2026,response_transit_delay,0.0006932700277272478,"[-0.0005002707731068493, 0.0018738158148186032]","[-0.0008712412165590078, 0.00230512118415839]",332
Singapore,other_midday,direction_magnitude_seed2026,response_roadworks,0.019259190613246827,"[0.015983593645673918, 0.022607354151017695]","[0.01486369151622057, 0.02372553162905105]",332
Singapore,other_midday,direction_magnitude_seed7,accuracy,0.0006024096385542169,"[-0.006626506024096386, 0.007831325301204818]","[-0.009036144578313253, 0.00993975903614458]",332
Singapore,other_midday,direction_magnitude_seed7,brier,-0.03963732300084249,"[-0.04528867152118183, -0.034171435310096594]","[-0.04701511132615709, -0.03231571703960722]",332
Singapore,other_midday,direction_magnitude_seed7,nll_clipped,-0.06147345813408478,"[-0.06946870411635003, -0.05374989991005434]","[-0.07186144628284657, -0.05106051953180843]",332
Singapore,other_midday,direction_magnitude_seed7,pt_probability,0.046956889786131974,"[0.04375146769966892, 0.05018894292398935]","[0.04274624026429711, 0.05111665110164518]",332
Singapore,other_midday,direction_magnitude_seed7,response_accessibility,-0.021199463361717134,"[-0.02350720289746771, -0.0187979688278837]","[-0.024287613175966474, -0.01805891445501294]",332
Singapore,other_midday,direction_magnitude_seed7,response_weather,0.01557013024407697,"[0.012361491236454213, 0.018824552032670163]","[0.011506540021208305, 0.019784276648424564]",332
Singapore,other_midday,direction_magnitude_seed7,response_fare,0.00803435943930982,"[0.006369222366778427, 0.009743190893387219]","[0.005811782223901834, 0.010205561429800756]",332
Singapore,other_midday,direction_magnitude_seed7,response_transit_delay,-0.0014328542074289576,"[-0.004515145739932482, 0.0016460313911427706]","[-0.005585808552410986, 0.0026921545597268764]",332
Singapore,other_midday,direction_magnitude_seed7,response_roadworks,0.013030413403568497,"[0.009579274863992111, 0.01653374847114445]","[0.008526159571147109, 0.017703406690025184]",332
Singapore,accessibility_lower,s9,accuracy,0.00030120481927710846,"[-0.000602409638554217, 0.0015060240963855422]","[-0.0009036144578313254, 0.0018072289156626509]",332
Singapore,accessibility_lower,s9,brier,0.006737129498658535,"[0.006255750843840051, 0.007199885852587959]","[0.006104832215660038, 0.007334094534002211]",332
Singapore,accessibility_lower,s9,nll_clipped,0.011279879732490401,"[0.010566221797958906, 0.011985822570777587]","[0.010342661942145722, 0.012206029158309172]",332
Singapore,accessibility_lower,s9,pt_probability,-0.005248666043584066,"[-0.005464466549245732, -0.00503849428844167]","[-0.005524039430790637, -0.004975005839412741]",332
Singapore,accessibility_lower,s9,response_accessibility,0.0060926487007324235,"[0.005806928032627666, 0.006383515463676303]","[0.0057208859915171845, 0.006468835975610123]",332
Singapore,accessibility_lower,s9,response_weather,-0.00024554761777441185,"[-0.000507584985076304, 1.4600174849381461e-05]","[-0.0005943629082786031, 9.966241128473368e-05]",332
Singapore,accessibility_lower,s9,response_fare,0.0005678983674530523,"[0.00039156483968787165, 0.0007402466029400027]","[0.0003347677838461227, 0.0007964744363877787]",332
Singapore,accessibility_lower,s9,response_transit_delay,0.001414508727121066,"[0.0013261735851663242, 0.001506402048546013]","[0.001302737646444465, 0.0015384169621112565]",332
Singapore,accessibility_lower,s9,response_roadworks,0.00022947478545717447,"[0.00012157747791294592, 0.0003396886973136878]","[8.790421131325055e-05, 0.00037459670913865756]",332
Singapore,accessibility_lower,mnl_s,accuracy,0.000602409638554217,"[-0.008433734939759036, 0.00993975903614458]","[-0.011144578313253009, 0.012951807228915662]",332
Singapore,accessibility_lower,mnl_s,brier,0.014510421055078358,"[0.00933732419844123, 0.01995374987802501]","[0.007626746186713464, 0.021611968376197017]",332
Singapore,accessibility_lower,mnl_s,nll_clipped,0.03147540189420947,"[0.022791076335253596, 0.040257490942004495]","[0.02013002470682268, 0.0429614779901181]",332
Singapore,accessibility_lower,mnl_s,pt_probability,-0.05625003350833178,"[-0.0597668499316086, -0.05279818822990577]","[-0.060748611570175276, -0.05174762587052715]",332
Singapore,accessibility_lower,mnl_s,response_accessibility,0.012007286026116048,"[0.007878393301447196, 0.016407305215874614]","[0.006735294649942206, 0.017697684349193086]",332
Singapore,accessibility_lower,mnl_s,response_weather,-0.0148305450192813,"[-0.018066985867525184, -0.01147550436297977]","[-0.019145661460658228, -0.010452118544363573]",332
Singapore,accessibility_lower,mnl_s,response_fare,0.0005296204634146389,"[0.0003958928474564217, 0.0006598723705697419]","[0.00035996397458997067, 0.0006974971088831115]",332
Singapore,accessibility_lower,mnl_s,response_transit_delay,0.0023834816918189114,"[0.0009181140324560632, 0.0038392458142082046]","[0.0004371204304971405, 0.0042390292821652825]",332
Singapore,accessibility_lower,mnl_s,response_roadworks,0.002740884607005721,"[0.0022047145302738977, 0.0032927277029956336]","[0.0020513524443763645, 0.003479001287626077]",332
Singapore,accessibility_lower,soft_kl_seed42,accuracy,-0.0006024096385542167,"[-0.0051204819277108436, 0.0030120481927710845]","[-0.006626506024096386, 0.004216867469879518]",332
Singapore,accessibility_lower,soft_kl_seed42,brier,-0.012783296916204633,"[-0.015393221864320917, -0.010078428105196983]","[-0.01619348054482624, -0.009248850200882277]",332
Singapore,accessibility_lower,soft_kl_seed42,nll_clipped,-0.019807798679632567,"[-0.023369067068622004, -0.016142754722174104]","[-0.024418894359334538, -0.015006283622904088]",332
Singapore,accessibility_lower,soft_kl_seed42,pt_probability,0.022353912608316505,"[0.021696012889018214, 0.022999664460230305]","[0.02148012610850856, 0.023231623932601413]",332
Singapore,accessibility_lower,soft_kl_seed42,response_accessibility,-0.03761713333562555,"[-0.04018079979844526, -0.03505451076338629]","[-0.040883097997978776, -0.034206852518549435]",332
Singapore,accessibility_lower,soft_kl_seed42,response_weather,7.4033300022044815e-06,"[-0.0003844260333487427, 0.00041730485026197217]","[-0.000501511061328452, 0.0005338997200288498]",332
Singapore,accessibility_lower,soft_kl_seed42,response_fare,-0.0030688294041228584,"[-0.0035292380365980675, -0.0026040955581309567]","[-0.0036689805170992415, -0.0024617579561400124]",332
Singapore,accessibility_lower,soft_kl_seed42,response_transit_delay,0.02903183670826705,"[0.026720763413594608, 0.03132947621648256]","[0.026037442499760494, 0.0319614224080894]",332
Singapore,accessibility_lower,soft_kl_seed42,response_roadworks,-0.001958433583558324,"[-0.0024457278605326113, -0.0014807164758802898]","[-0.0026258048495973445, -0.0013421769022762123]",332
Singapore,accessibility_lower,soft_kl_seed2026,accuracy,-0.025,"[-0.0346460843373494, -0.015956325301204926]","[-0.03855421686746988, -0.012951807228915665]",332
Singapore,accessibility_lower,soft_kl_seed2026,brier,0.040774538857668706,"[0.03724821108917829, 0.04428047977005843]","[0.03599077746186771, 0.0454387307507836]",332
Singapore,accessibility_lower,soft_kl_seed2026,nll_clipped,0.06759183857001894,"[0.06207777326863209, 0.07321447088728535]","[0.06035024373197936, 0.07489783907926295]",332
Singapore,accessibility_lower,soft_kl_seed2026,pt_probability,-0.054368430140978065,"[-0.05581846800392932, -0.05288927439953682]","[-0.056252378369689944, -0.0524207615837264]",332
Singapore,accessibility_lower,soft_kl_seed2026,response_accessibility,0.013377948692180666,"[0.010748733891909158, 0.01592401434886213]","[0.010044445520300553, 0.016736039769336446]",332
Singapore,accessibility_lower,soft_kl_seed2026,response_weather,0.001987705366259598,"[0.0010011799498853913, 0.0029860846731946406]","[0.0006709751505853542, 0.0032907490572521825]",332
Singapore,accessibility_lower,soft_kl_seed2026,response_fare,-0.0029285093657223575,"[-0.003202299133549074, -0.002652411846758192]","[-0.0032795567632125443, -0.0025610988453614067]",332
Singapore,accessibility_lower,soft_kl_seed2026,response_transit_delay,0.025129632126674593,"[0.0230087044974228, 0.02723897582127612]","[0.02228324108510222, 0.02789982965676091]",332
Singapore,accessibility_lower,soft_kl_seed2026,response_roadworks,0.001692051988050162,"[0.0007406227896551052, 0.002652285979634308]","[0.00043459897658911097, 0.0029497928612203473]",332
Singapore,accessibility_lower,soft_kl_seed7,accuracy,-0.021686746987951807,"[-0.028313253012048192, -0.01565512048192782]","[-0.030421686746987957, -0.01355421686746988]",332
Singapore,accessibility_lower,soft_kl_seed7,brier,0.023300839410560183,"[0.0202539223174411, 0.026327311344114968]","[0.01937989023211534, 0.027287995942907393]",332
Singapore,accessibility_lower,soft_kl_seed7,nll_clipped,0.029582357151398366,"[0.0253999237419605, 0.033630099935108904]","[0.024083694755038087, 0.03485838167236002]",332
Singapore,accessibility_lower,soft_kl_seed7,pt_probability,-0.0193283574133887,"[-0.02025351706101189, -0.018410879617391424]","[-0.020566663912146815, -0.01814576543112432]",332
Singapore,accessibility_lower,soft_kl_seed7,response_accessibility,0.02010357533637659,"[0.019271562902638352, 0.020968975643459033]","[0.01897664957068277, 0.021240621896696284]",332
Singapore,accessibility_lower,soft_kl_seed7,response_weather,-0.0033113906070230954,"[-0.0043002407512549, -0.0023768569454999575]","[-0.004612118166602071, -0.0021144903380513626]",332
Singapore,accessibility_lower,soft_kl_seed7,response_fare,-0.00650984953236149,"[-0.007339337513030293, -0.005713915094419058]","[-0.007593295854594873, -0.005471629950116917]",332
Singapore,accessibility_lower,soft_kl_seed7,response_transit_delay,0.005955050570374152,"[0.0017991823227010131, 0.010184438808271322]","[0.0005950388937055257, 0.011558954630002167]",332
Singapore,accessibility_lower,soft_kl_seed7,response_roadworks,0.004408586276582925,"[0.0036701246063752346, 0.005159889042646771]","[0.00342852495655597, 0.005411528443625892]",332
Singapore,accessibility_lower,ce_kl_seed42,accuracy,0.003313253012048193,"[0.0009036144578313252, 0.006024096385542169]","[0.0, 0.006626506024096386]",332
Singapore,accessibility_lower,ce_kl_seed42,brier,-0.02056326735830034,"[-0.02248553217414272, -0.01855402505919803]","[-0.023101221229239178, -0.017885152422410466]",332
Singapore,accessibility_lower,ce_kl_seed42,nll_clipped,-0.03465093319514383,"[-0.03786435200742168, -0.031368243975954654]","[-0.038695134226361526, -0.030308362793147723]",332
Singapore,accessibility_lower,ce_kl_seed42,pt_probability,0.020593495674484624,"[0.01989487809032981, 0.021297185338899658]","[0.019667698195410324, 0.021513328108978977]",332
Singapore,accessibility_lower,ce_kl_seed42,response_accessibility,0.009001734149670341,"[0.004436533274732148, 0.013729835916692754]","[0.0030631315675690345, 0.01509373314574526]",332
Singapore,accessibility_lower,ce_kl_seed42,response_weather,-0.0034989081940288284,"[-0.004162676426924272, -0.002847359694767721]","[-0.004357459858685441, -0.0026665777656255337]",332
Singapore,accessibility_lower,ce_kl_seed42,response_fare,-0.0023593423237283544,"[-0.0028276014758879878, -0.0018873844957764615]","[-0.002971980759582247, -0.0017426325168729906]",332
Singapore,accessibility_lower,ce_kl_seed42,response_transit_delay,0.008361359202605953,"[0.007740507318627045, 0.009013572542266134]","[0.007552904192966981, 0.009246422206654756]",332
Singapore,accessibility_lower,ce_kl_seed42,response_roadworks,-0.006139127874230764,"[-0.00725088472511754, -0.0050895664100366915]","[-0.007630582119237227, -0.0047956557419285735]",332
Singapore,accessibility_lower,ce_kl_seed2026,accuracy,-0.03855421686746988,"[-0.04487951807228916, -0.03222891566265061]","[-0.04668674698795181, -0.03042168674698796]",332
Singapore,accessibility_lower,ce_kl_seed2026,brier,0.045852571186524964,"[0.04248469232903933, 0.049152583327119345]","[0.0414564779167412, 0.050266851103856564]",332
Singapore,accessibility_lower,ce_kl_seed2026,nll_clipped,0.07824177480250688,"[0.0727106033161696, 0.08389329230900629]","[0.07094657478623485, 0.08568492910323482]",332
Singapore,accessibility_lower,ce_kl_seed2026,pt_probability,-0.04679537225452936,"[-0.04830304446196778, -0.045229594192793036]","[-0.04871357074874055, -0.04476255788285067]",332
Singapore,accessibility_lower,ce_kl_seed2026,response_accessibility,0.03200858747530504,"[0.030229583094022742, 0.03380107312149043]","[0.02967410059020215, 0.03435955070277552]",332
Singapore,accessibility_lower,ce_kl_seed2026,response_weather,-0.0037099736103092334,"[-0.005287117648768766, -0.0021487349722848605]","[-0.005793180647306144, -0.001677661040090927]",332
Singapore,accessibility_lower,ce_kl_seed2026,response_fare,-0.003352154091180089,"[-0.0035996050021263313, -0.0031039204852408675]","[-0.003674430217459259, -0.003030337909045798]",332
Singapore,accessibility_lower,ce_kl_seed2026,response_transit_delay,0.017368983432471036,"[0.016195798008450227, 0.018575381119847748]","[0.015853857461037676, 0.018974106265063642]",332
Singapore,accessibility_lower,ce_kl_seed2026,response_roadworks,0.0038408419813018247,"[0.002898081614220717, 0.004813705308430166]","[0.0026272929042398213, 0.0051327440833829965]",332
Singapore,accessibility_lower,ce_kl_seed7,accuracy,-0.02379518072289157,"[-0.030722891566265068, -0.016867469879518072]","[-0.032831325301204826, -0.014759036144578314]",332
Singapore,accessibility_lower,ce_kl_seed7,brier,0.04686383254655115,"[0.043222259645551764, 0.05053531912115331]","[0.042119386915943496, 0.05158486851976979]",332
Singapore,accessibility_lower,ce_kl_seed7,nll_clipped,0.08482283177440932,"[0.0781608622300897, 0.09145914782864832]","[0.07611146818915482, 0.09361167799403718]",332
Singapore,accessibility_lower,ce_kl_seed7,pt_probability,-0.036790029638929356,"[-0.03818502236820382, -0.03541378420372269]","[-0.038626597503156695, -0.03498013915331243]",332
Singapore,accessibility_lower,ce_kl_seed7,response_accessibility,0.07285434042990029,"[0.06874219298963043, 0.07712140076328068]","[0.0675601428468622, 0.07839317076769374]",332
Singapore,accessibility_lower,ce_kl_seed7,response_weather,-0.004357944994446743,"[-0.00688998308790152, -0.001810060910240983]","[-0.007653029063346245, -0.0011477538877929863]",332
Singapore,accessibility_lower,ce_kl_seed7,response_fare,-0.008641409811126181,"[-0.009399716341755834, -0.00788712912962873]","[-0.009636520489051668, -0.007679966245834012]",332
Singapore,accessibility_lower,ce_kl_seed7,response_transit_delay,0.03967700547437711,"[0.03697425050034008, 0.042440048041150355]","[0.036217500361423176, 0.043223868471399196]",332
Singapore,accessibility_lower,ce_kl_seed7,response_roadworks,0.00561846509934908,"[0.004426795391208795, 0.006843793552638177]","[0.004022377398403653, 0.007229650918708506]",332
Singapore,accessibility_lower,signed_l1_seed42,accuracy,-0.00030120481927710846,"[-0.0015060240963855425, 0.0009036144578313254]","[-0.002108433734939759, 0.0015060240963855422]",332
Singapore,accessibility_lower,signed_l1_seed42,brier,-0.008302405471344374,"[-0.01010683611329037, -0.006427463429680213]","[-0.010699124816693112, -0.0058870442775785705]",332
Singapore,accessibility_lower,signed_l1_seed42,nll_clipped,-0.01357408579094648,"[-0.016150320120555266, -0.010940269376588107]","[-0.016986741847053354, -0.010162805631499993]",332
Singapore,accessibility_lower,signed_l1_seed42,pt_probability,0.01380442810660026,"[0.013282643104174053, 0.014327035965538215]","[0.013148422768361954, 0.014481534235437498]",332
Singapore,accessibility_lower,signed_l1_seed42,response_accessibility,-0.02617252666323659,"[-0.027856150231357797, -0.02448211579965091]","[-0.02834117708867977, -0.023945395855165752]",332
Singapore,accessibility_lower,signed_l1_seed42,response_weather,-0.004158605944858976,"[-0.004772574737308973, -0.0035469629383836705]","[-0.004967496644716755, -0.003355559068563653]",332
Singapore,accessibility_lower,signed_l1_seed42,response_fare,-0.0031937799943857884,"[-0.0035450209167797167, -0.0028336318495896565]","[-0.0036610602691814482, -0.0027243113459413317]",332
Singapore,accessibility_lower,signed_l1_seed42,response_transit_delay,0.026520479773451764,"[0.024554568346791778, 0.02846193671176008]","[0.023980040323572704, 0.028977363374286202]",332
Singapore,accessibility_lower,signed_l1_seed42,response_roadworks,-0.00220416755561369,"[-0.0026416571362011406, -0.0017893141786377116]","[-0.0027728576451001396, -0.0016792766525443783]",332
Singapore,accessibility_lower,signed_l1_seed2026,accuracy,-0.012349397590361447,"[-0.02108433734939759, -0.0036144578313253017]","[-0.023495481927710844, -0.000903614457831326]",332
Singapore,accessibility_lower,signed_l1_seed2026,brier,0.031381181791452155,"[0.02775665578989825, 0.03497799618112583]","[0.026521002090404398, 0.03619275005294483]",332
Singapore,accessibility_lower,signed_l1_seed2026,nll_clipped,0.0533897552121466,"[0.047918062777051115, 0.05887871618357794]","[0.046088635698793456, 0.06076509328711867]",332
Singapore,accessibility_lower,signed_l1_seed2026,pt_probability,-0.052199737778135455,"[-0.05380995931486734, -0.05057207564702706]","[-0.05436310859115974, -0.05003291209786009]",332
Singapore,accessibility_lower,signed_l1_seed2026,response_accessibility,0.02231341224522835,"[0.019904725252459926, 0.024675437238022502]","[0.01914213355911155, 0.02544770348242046]",332
Singapore,accessibility_lower,signed_l1_seed2026,response_weather,0.001218830515821296,"[9.158277794359678e-05, 0.002318068155570023]","[-0.00026340323679867274, 0.002681167986445932]",332
Singapore,accessibility_lower,signed_l1_seed2026,response_fare,-0.004563950271491545,"[-0.004885187402861305, -0.004240510620019702]","[-0.004987004833318383, -0.00415073546558529]",332
Singapore,accessibility_lower,signed_l1_seed2026,response_transit_delay,0.02066650461540165,"[0.018848277830114835, 0.02248448411911636]","[0.01818008800688009, 0.02305132193311331]",332
Singapore,accessibility_lower,signed_l1_seed2026,response_roadworks,0.00013913546341011324,"[-0.0006473277280309113, 0.0008926462640155505]","[-0.0008898068363048944, 0.0011034641210663008]",332
Singapore,accessibility_lower,signed_l1_seed7,accuracy,-0.014759036144578314,"[-0.020180722891566267, -0.00963855421686747]","[-0.02168674698795181, -0.008132530120481929]",332
Singapore,accessibility_lower,signed_l1_seed7,brier,0.02391062108801317,"[0.02096911768402153, 0.026831174559510736]","[0.020074450520094638, 0.027609435626084013]",332
Singapore,accessibility_lower,signed_l1_seed7,nll_clipped,0.03173481284707663,"[0.027459987093532034, 0.03605728652214121]","[0.02609326384355807, 0.03718629687296688]",332
Singapore,accessibility_lower,signed_l1_seed7,pt_probability,-0.023099546218908064,"[-0.023954489495751095, -0.02225288356464294]","[-0.024192868746373893, -0.022009422751560145]",332
Singapore,accessibility_lower,signed_l1_seed7,response_accessibility,0.026370457496987767,"[0.024453421581132583, 0.028309837457196542]","[0.02386021899362375, 0.028887454239786208]",332
Singapore,accessibility_lower,signed_l1_seed7,response_weather,-0.010101477997040892,"[-0.011681097394966308, -0.008587301448155869]","[-0.012150737201368594, -0.008135196043077452]",332
Singapore,accessibility_lower,signed_l1_seed7,response_fare,-0.00841458599610501,"[-0.009220743426177874, -0.007639468759186118]","[-0.009486893704834293, -0.0074089846485126095]",332
Singapore,accessibility_lower,signed_l1_seed7,response_transit_delay,0.042692139483876075,"[0.038755283434103886, 0.04672474946015997]","[0.03764542572350376, 0.04792118890659816]",332
Singapore,accessibility_lower,signed_l1_seed7,response_roadworks,0.006302568298506449,"[0.005166913784412017, 0.007466454691736095]","[0.0048167715607637385, 0.007885370418339609]",332
Singapore,accessibility_lower,direction_magnitude_seed42,accuracy,-0.0015060240963855422,"[-0.0036144578313253017, 0.0006024096385542168]","[-0.004518072289156626, 0.0012048192771084338]",332
Singapore,accessibility_lower,direction_magnitude_seed42,brier,-0.013786450504241607,"[-0.01619015039168713, -0.011332982798620965]","[-0.016871029049442376, -0.010493034786493735]",332
Singapore,accessibility_lower,direction_magnitude_seed42,nll_clipped,-0.022770012276601536,"[-0.026227124078633944, -0.01918613772590556]","[-0.02732112351132369, -0.01805117809983897]",332
Singapore,accessibility_lower,direction_magnitude_seed42,pt_probability,0.020444511451635016,"[0.019944969129900125, 0.02092246419988595]","[0.01979964856505506, 0.021085276898479152]",332
Singapore,accessibility_lower,direction_magnitude_seed42,response_accessibility,-0.02699164763452059,"[-0.02929407209859241, -0.024690308771937727]","[-0.029879739740863442, -0.023908341833928898]",332
Singapore,accessibility_lower,direction_magnitude_seed42,response_weather,-0.00039043788046362886,"[-0.0008114721696173032, 4.586363099066593e-05]","[-0.0009505931207214493, 0.0001749431537127611]",332
Singapore,accessibility_lower,direction_magnitude_seed42,response_fare,-0.002097453787384263,"[-0.0025654368972158935, -0.0016127198940165436]","[-0.002697388717276325, -0.0014726205999368313]",332
Singapore,accessibility_lower,direction_magnitude_seed42,response_transit_delay,0.028607195849160116,"[0.026242739404271166, 0.030959252499784512]","[0.025518279002799866, 0.03157199219026299]",332
Singapore,accessibility_lower,direction_magnitude_seed42,response_roadworks,-0.0012522981647985528,"[-0.0016375094091138206, -0.0008766182305583036]","[-0.0017691055698746659, -0.0007688266914113464]",332
Singapore,accessibility_lower,direction_magnitude_seed2026,accuracy,-0.00963855421686747,"[-0.01807228915662651, -0.0012048192771084334]","[-0.02108433734939759, 0.0015060240963855416]",332
Singapore,accessibility_lower,direction_magnitude_seed2026,brier,0.03866534827510027,"[0.034173276912229295, 0.04309529156198578]","[0.032553761392009425, 0.0445903720331381]",332
Singapore,accessibility_lower,direction_magnitude_seed2026,nll_clipped,0.06867207347844853,"[0.06149694712980894, 0.0759398982265025]","[0.05902089639406227, 0.0783988709575439]",332
Singapore,accessibility_lower,direction_magnitude_seed2026,pt_probability,-0.0636391829093357,"[-0.06556083621277688, -0.061662860128114075]","[-0.0662138487676731, -0.06106478300410133]",332
Singapore,accessibility_lower,direction_magnitude_seed2026,response_accessibility,0.025640672330845552,"[0.02343106389533818, 0.027794815526422427]","[0.02280423308767558, 0.028448054182500276]",332
Singapore,accessibility_lower,direction_magnitude_seed2026,response_weather,0.005376252401844564,"[0.004041213451895908, 0.006752373809163201]","[0.0036592608377763844, 0.007156839955553227]",332
Singapore,accessibility_lower,direction_magnitude_seed2026,response_fare,-0.002219103411378631,"[-0.0025329806696040083, -0.001894571354994214]","[-0.0026414017916758016, -0.0017906863075198545]",332
Singapore,accessibility_lower,direction_magnitude_seed2026,response_transit_delay,0.017221612418182642,"[0.01576328362697309, 0.018684793994986418]","[0.015323441613532872, 0.019087633958355665]",332
Singapore,accessibility_lower,direction_magnitude_seed2026,response_roadworks,0.0035483548978725112,"[0.0023452127083058816, 0.004794053183531904]","[0.001995475104594805, 0.0051871707263481176]",332
Singapore,accessibility_lower,direction_magnitude_seed7,accuracy,0.021686746987951807,"[0.013855421686746992, 0.029216867469879528]","[0.011144578313253014, 0.03162650602409638]",332
Singapore,accessibility_lower,direction_magnitude_seed7,brier,-0.014277242628802103,"[-0.018481394872938615, -0.010013167561647569]","[-0.019915215127474194, -0.008618934594183517]",332
Singapore,accessibility_lower,direction_magnitude_seed7,nll_clipped,-0.031974578024630614,"[-0.039163134244433365, -0.02472248463622067]","[-0.04123963373271265, -0.022487692091694534]",332
Singapore,accessibility_lower,direction_magnitude_seed7,pt_probability,-0.0012062520419208176,"[-0.0028843794642219663, 0.000467442840966114]","[-0.0033881146617041587, 0.0010272966783317732]",332
Singapore,accessibility_lower,direction_magnitude_seed7,response_accessibility,0.03944533318281174,"[0.03710569561885513, 0.04186263440782765]","[0.0363978713138186, 0.04256904103916632]",332
Singapore,accessibility_lower,direction_magnitude_seed7,response_weather,-0.006068911369755326,"[-0.007303846958486072, -0.004873322393655418]","[-0.007724939153462379, -0.004483282080604642]",332
Singapore,accessibility_lower,direction_magnitude_seed7,response_fare,-0.008052855595407716,"[-0.008698259282812296, -0.007406346246330853]","[-0.008911739604053908, -0.007200218071622483]",332
Singapore,accessibility_lower,direction_magnitude_seed7,response_transit_delay,0.06978947308871064,"[0.05297421116856311, 0.08683772196071726]","[0.04831821200142949, 0.09258052958635588]",332
Singapore,accessibility_lower,direction_magnitude_seed7,response_roadworks,0.005924070994537997,"[0.004877435822174492, 0.007026009414210376]","[0.004542972281664969, 0.0073754554174571135]",332
Singapore,accessibility_upper,s9,accuracy,0.0018072289156626509,"[0.00030120481927710846, 0.0036144578313253017]","[-0.00030120481927710835, 0.004216867469879518]",332
Singapore,accessibility_upper,s9,brier,-0.004704116065901206,"[-0.005027452576659439, -0.00436543335393032]","[-0.005123579604842846, -0.004263418486915992]",332
Singapore,accessibility_upper,s9,nll_clipped,-0.007877406944283863,"[-0.00838088707718652, -0.00736788401119723]","[-0.008538818424866123, -0.007212099257742172]",332
Singapore,accessibility_upper,s9,pt_probability,0.0037259473616863235,"[0.003582125305933093, 0.003874279165581565]","[0.003535910218634295, 0.0039142050125905445]",332
Singapore,accessibility_upper,s9,response_accessibility,-0.0043767544452145875,"[-0.00458620576586305, -0.004174205906835036]","[-0.0046502583053984105, -0.004113024460931634]",332
Singapore,accessibility_upper,s9,response_weather,0.000396637077701379,"[0.0002072352043588657, 0.000591444270965834]","[0.00013394288752362673, 0.0006590598652767655]",332
Singapore,accessibility_upper,s9,response_fare,-0.0007554721984877644,"[-0.0008707157296902803, -0.0006387350564620582]","[-0.0009072651027937431, -0.000602836599349079]",332
Singapore,accessibility_upper,s9,response_transit_delay,-0.0010392194871891693,"[-0.0011059545491070273, -0.0009750479396084795]","[-0.0011294713518470076, -0.0009577714404685942]",332
Singapore,accessibility_upper,s9,response_roadworks,-0.00019062786217195442,"[-0.00027427844344133354, -0.00010770331754023775]","[-0.0003013896746897554, -8.21482264492889e-05]",332
Singapore,accessibility_upper,mnl_s,accuracy,-0.0012048192771084338,"[-0.009638554216867472, 0.007228915662650602]","[-0.012048192771084338, 0.009939759036144576]",332
Singapore,accessibility_upper,mnl_s,brier,-0.0030698434032884756,"[-0.007281897899016661, 0.0010772823820356776]","[-0.008517513742736982, 0.0024053901631240476]",332
Singapore,accessibility_upper,mnl_s,nll_clipped,-0.0033132087190329835,"[-0.010422813087877361, 0.0039059865633749276]","[-0.012371345451196895, 0.006111941530863976]",332
Singapore,accessibility_upper,mnl_s,pt_probability,0.04020196966946366,"[0.03721104431049086, 0.04316359737882895]","[0.03623956069176956, 0.044049246379193954]",332
Singapore,accessibility_upper,mnl_s,response_accessibility,-0.005060720636947231,"[-0.007513224577143344, -0.0027926699216288316]","[-0.008341335176196769, -0.0020977236232061084]",332
Singapore,accessibility_upper,mnl_s,response_weather,0.008380760756920203,"[0.006374952311104865, 0.010367949355277593]","[0.005644344930332065, 0.011017055464915434]",332
Singapore,accessibility_upper,mnl_s,response_fare,-0.00038856398565267485,"[-0.00047790719770050973, -0.0002980193519749998]","[-0.000507054127340256, -0.0002697142433444684]",332
Singapore,accessibility_upper,mnl_s,response_transit_delay,2.2705747142277554e-05,"[-0.001052149085088823, 0.0010681355965217797]","[-0.0014345681253354165, 0.0013770509678656447]",332
Singapore,accessibility_upper,mnl_s,response_roadworks,-0.0015983381950432864,"[-0.0020235393912856254, -0.0011841537594568857]","[-0.0021560876308066123, -0.0010536837105572783]",332
Singapore,accessibility_upper,soft_kl_seed42,accuracy,-0.0018072289156626504,"[-0.003915662650602411, 0.0]","[-0.004819277108433735, 0.000602409638554217]",332
Singapore,accessibility_upper,soft_kl_seed42,brier,0.0119625819768517,"[0.010573305863298839, 0.013342146148174104]","[0.01012323472504055, 0.01378342393776173]",332
Singapore,accessibility_upper,soft_kl_seed42,nll_clipped,0.020154877298704254,"[0.0180713946383811, 0.022243433176445348]","[0.01737965262403032, 0.022843528840739445]",332
Singapore,accessibility_upper,soft_kl_seed42,pt_probability,-0.018488595319395684,"[-0.019134192387545372, -0.017844612867520926]","[-0.019321734262815488, -0.017639077851935907]",332
Singapore,accessibility_upper,soft_kl_seed42,response_accessibility,0.01460751731801464,"[0.013743061115909144, 0.015480909741719263]","[0.013451788714436074, 0.015700055289598384]",332
Singapore,accessibility_upper,soft_kl_seed42,response_weather,0.004658917324191116,"[0.00409983779101756, 0.0052444700272305]","[0.00393063530853265, 0.005439003758659822]",332
Singapore,accessibility_upper,soft_kl_seed42,response_fare,0.003135357007204768,"[0.002873781887836844, 0.0033969970520989724]","[0.0027970808022936065, 0.0034791737500892345]",332
Singapore,accessibility_upper,soft_kl_seed42,response_transit_delay,-0.023278938370745583,"[-0.02427413523819926, -0.02234798719298588]","[-0.02457992507728288, -0.022118430088375184]",332
Singapore,accessibility_upper,soft_kl_seed42,response_roadworks,0.0022985968424613216,"[0.0018714917958321342, 0.002748913766748934]","[0.00174953359212861, 0.002899299811078122]",332
Singapore,accessibility_upper,soft_kl_seed2026,accuracy,0.005421686746987953,"[0.0006024096385542165, 0.010240963855421687]","[-0.0009036144578313258, 0.012048192771084338]",332
Singapore,accessibility_upper,soft_kl_seed2026,brier,-0.016181084896961174,"[-0.018462289161626174, -0.013863730009928762]","[-0.01915240834549574, -0.01314993599649125]",332
Singapore,accessibility_upper,soft_kl_seed2026,nll_clipped,-0.026901926466895678,"[-0.03034646756554079, -0.023466530375197473]","[-0.03146280094395689, -0.02235959795466577]",332
Singapore,accessibility_upper,soft_kl_seed2026,pt_probability,0.030859708890924785,"[0.03002755049642748, 0.03168130075946136]","[0.029765421087637613, 0.03195108678055287]",332
Singapore,accessibility_upper,soft_kl_seed2026,response_accessibility,0.054731150466320384,"[0.050786577509744205, 0.05876342527896548]","[0.049570939191112134, 0.05989292425240939]",332
Singapore,accessibility_upper,soft_kl_seed2026,response_weather,-0.0014858844140207912,"[-0.0019246514420956373, -0.0010574599952403324]","[-0.0020590185002614574, -0.0009147587030318141]",332
Singapore,accessibility_upper,soft_kl_seed2026,response_fare,0.00021013278648795853,"[8.603248475904925e-05, 0.0003314600253185953]","[4.630291565175517e-05, 0.00037508981324822056]",332
Singapore,accessibility_upper,soft_kl_seed2026,response_transit_delay,-0.020961670552840435,"[-0.023747879036993953, -0.01811940685498068]","[-0.024643155423621367, -0.017235421820723237]",332
Singapore,accessibility_upper,soft_kl_seed2026,response_roadworks,0.000483850847525769,"[0.00010748473500990007, 0.0008776497701743997]","[-1.2377137879291201e-05, 0.001013331586966313]",332
Singapore,accessibility_upper,soft_kl_seed7,accuracy,-0.033734939759036145,"[-0.043975903614457836, -0.024096385542168672]","[-0.04759186746987952, -0.02108433734939759]",332
Singapore,accessibility_upper,soft_kl_seed7,brier,0.06921459546171171,"[0.06415897005223233, 0.07426302282784707]","[0.06272619865339364, 0.07583093572165366]",332
Singapore,accessibility_upper,soft_kl_seed7,nll_clipped,0.11098925277945225,"[0.104040331584643, 0.11782331111890668]","[0.10188361922293948, 0.12018014890676887]",332
Singapore,accessibility_upper,soft_kl_seed7,pt_probability,-0.06651302644693999,"[-0.06859953450692637, -0.06445139046643401]","[-0.06925416891441573, -0.06383669618461266]",332
Singapore,accessibility_upper,soft_kl_seed7,response_accessibility,0.033871150384825396,"[0.03111815009159541, 0.03662928503023528]","[0.030340349735321858, 0.03747975268844425]",332
Singapore,accessibility_upper,soft_kl_seed7,response_weather,0.0013612266966556929,"[0.0006675794569169541, 0.0020791408673198103]","[0.0004611929842686079, 0.0023031206238812887]",332
Singapore,accessibility_upper,soft_kl_seed7,response_fare,-0.0009755530024328863,"[-0.0017840675726330964, -0.00017360292812697143]","[-0.0020604704948231937, 9.255878907819093e-05]",332
Singapore,accessibility_upper,soft_kl_seed7,response_transit_delay,-0.11199680672739688,"[-0.12224427592815798, -0.10206528138299192]","[-0.125191188704949, -0.09921275618498031]",332
Singapore,accessibility_upper,soft_kl_seed7,response_roadworks,0.004291028322943722,"[0.0034138555200882706, 0.005195832705820899]","[0.003128374539405466, 0.005486862043210533]",332
Singapore,accessibility_upper,ce_kl_seed42,accuracy,0.000602409638554217,"[-0.0006024096385542169, 0.002108433734939759]","[-0.0009036144578313254, 0.0030120481927710845]",332
Singapore,accessibility_upper,ce_kl_seed42,brier,0.02708526188248358,"[0.02500096155603006, 0.029081588229807942]","[0.024326191021796326, 0.029782868112365784]",332
Singapore,accessibility_upper,ce_kl_seed42,nll_clipped,0.05666801361616928,"[0.05223867799590062, 0.06103169931759375]","[0.050927942733366816, 0.06236710827444059]",332
Singapore,accessibility_upper,ce_kl_seed42,pt_probability,-0.02732819115374159,"[-0.02844317017881907, -0.026209778113473713]","[-0.028776983721989995, -0.02586405812995614]",332
Singapore,accessibility_upper,ce_kl_seed42,response_accessibility,0.0004739985073333135,"[-0.002724736770762254, 0.0035290528070574326]","[-0.003720219578016802, 0.004447518274870402]",332
Singapore,accessibility_upper,ce_kl_seed42,response_weather,0.0010070558861795679,"[0.0005639992350661926, 0.001470741582753877]","[0.0004502331129280873, 0.0016482426577909678]",332
Singapore,accessibility_upper,ce_kl_seed42,response_fare,-9.978707341185536e-05,"[-0.0006038988853456924, 0.0003895647750875675]","[-0.0007518681994336377, 0.0005672258647517773]",332
Singapore,accessibility_upper,ce_kl_seed42,response_transit_delay,-0.048882592599895074,"[-0.05364757825452862, -0.044249393993529985]","[-0.05506284952568345, -0.042837373750524196]",332
Singapore,accessibility_upper,ce_kl_seed42,response_roadworks,0.004139469958931567,"[0.0034534087225076664, 0.004867932023143911]","[0.0032276507197733385, 0.0051514272580304695]",332
Singapore,accessibility_upper,ce_kl_seed2026,accuracy,0.011445783132530122,"[0.004216867469879517, 0.018674698795180723]","[0.0015060240963855435, 0.02078313253012048]",332
Singapore,accessibility_upper,ce_kl_seed2026,brier,-0.02383701380995573,"[-0.026003991993697222, -0.02162726493179085]","[-0.026724021949041644, -0.020903392427348975]",332
Singapore,accessibility_upper,ce_kl_seed2026,nll_clipped,-0.04060827572355722,"[-0.04433923586919334, -0.036929421517743796]","[-0.0455351369261851, -0.035768236734519676]",332
Singapore,accessibility_upper,ce_kl_seed2026,pt_probability,0.02936757710756712,"[0.02854833698753655, 0.030205617687091266]","[0.028278592222401065, 0.03045458485366333]",332
Singapore,accessibility_upper,ce_kl_seed2026,response_accessibility,-0.019001339834340544,"[-0.021052823324003316, -0.01690845819876013]","[-0.02165432219076565, -0.016315790344989062]",332
Singapore,accessibility_upper,ce_kl_seed2026,response_weather,-0.0009322284597409777,"[-0.0018306803418300956, -2.7054155537162992e-05]","[-0.002118649870628513, 0.00027906442408909764]",332
Singapore,accessibility_upper,ce_kl_seed2026,response_fare,2.58373567856938e-06,"[-0.00017576837093086846, 0.00018220659827880814]","[-0.00023165095754596124, 0.00024805583441293334]",332
Singapore,accessibility_upper,ce_kl_seed2026,response_transit_delay,-0.025546036105243915,"[-0.027361920006511484, -0.023769436031439713]","[-0.02795651579685285, -0.02322868281237624]",332
Singapore,accessibility_upper,ce_kl_seed2026,response_roadworks,-0.0012444573712636188,"[-0.0019157339066985142, -0.0005717875682804959]","[-0.0021196607491338107, -0.00036601609494312794]",332
Singapore,accessibility_upper,ce_kl_seed7,accuracy,-0.021987951807228918,"[-0.02740963855421687, -0.016566265060240965]","[-0.028915662650602414, -0.014759036144578314]",332
Singapore,accessibility_upper,ce_kl_seed7,brier,0.04637676958829612,"[0.04248358955485398, 0.05037158465777329]","[0.041321493450062245, 0.051569987785939846]",332
Singapore,accessibility_upper,ce_kl_seed7,nll_clipped,0.07654364857434152,"[0.07164407446015376, 0.08150829421484837]","[0.07014862763473512, 0.08301060249714341]",332
Singapore,accessibility_upper,ce_kl_seed7,pt_probability,-0.03837282011560333,"[-0.04034159083705513, -0.03643998201773783]","[-0.04090844383719797, -0.035875504331389745]",332
Singapore,accessibility_upper,ce_kl_seed7,response_accessibility,0.00983963553311236,"[0.008725048833896956, 0.010967896099437971]","[0.008412482567911363, 0.011343018703684435]",332
Singapore,accessibility_upper,ce_kl_seed7,response_weather,0.003279793485774692,"[0.0020608749832531593, 0.004505602987651454]","[0.001728200946334211, 0.004884645899488441]",332
Singapore,accessibility_upper,ce_kl_seed7,response_fare,0.0009421340066445879,"[0.0005963253592286842, 0.0012937974734568453]","[0.00047433530322713664, 0.0014087101610108126]",332
Singapore,accessibility_upper,ce_kl_seed7,response_transit_delay,-0.033944774152576386,"[-0.036266093041554245, -0.03169770931778756]","[-0.03695377844816399, -0.031036709561573724]",332
Singapore,accessibility_upper,ce_kl_seed7,response_roadworks,0.00696531912109938,"[0.005648019550794579, 0.00834677180230438]","[0.005226210377526929, 0.008794644068118676]",332
Singapore,accessibility_upper,signed_l1_seed42,accuracy,-0.0006024096385542167,"[-0.0030120481927710845, 0.0018072289156626509]","[-0.00391566265060241, 0.002710843373493976]",332
Singapore,accessibility_upper,signed_l1_seed42,brier,0.024241052521870376,"[0.02172039552521453, 0.02677890476398803]","[0.020874989426361682, 0.02761926364464449]",332
Singapore,accessibility_upper,signed_l1_seed42,nll_clipped,0.04139072787880168,"[0.037474056420302444, 0.04533295928598132]","[0.03614828195473028, 0.04652553985430802]",332
Singapore,accessibility_upper,signed_l1_seed42,pt_probability,-0.032815774483045186,"[-0.03365643368312999, -0.03195052260182326]","[-0.03391683260399107, -0.031702160102915565]",332
Singapore,accessibility_upper,signed_l1_seed42,response_accessibility,0.037611556811684585,"[0.03653443470535553, 0.038671085827265785]","[0.036212503718750844, 0.03894810152537448]",332
Singapore,accessibility_upper,signed_l1_seed42,response_weather,0.0014046248362725039,"[0.0007983682189046978, 0.002017106325365603]","[0.0006092299206788282, 0.0022081250504938396]",332
Singapore,accessibility_upper,signed_l1_seed42,response_fare,0.0027681263724723495,"[0.0024348119380378937, 0.0030952655738331826]","[0.002349897404930678, 0.003187525791778083]",332
Singapore,accessibility_upper,signed_l1_seed42,response_transit_delay,-0.016550050420035798,"[-0.01730508515078305, -0.015832795997722502]","[-0.017557925771955533, -0.01562978683376169]",332
Singapore,accessibility_upper,signed_l1_seed42,response_roadworks,0.0018039797264409352,"[0.0014706375234457383, 0.0021557030930037953]","[0.0013671069852558965, 0.002266363631260682]",332
Singapore,accessibility_upper,signed_l1_seed2026,accuracy,0.0003012048192771077,"[-0.0069277108433734936, 0.0072289156626506035]","[-0.00933734939759036, 0.009638554216867469]",332
Singapore,accessibility_upper,signed_l1_seed2026,brier,-0.010161635590869014,"[-0.012246244128227142, -0.008079294487369914]","[-0.012863910332690204, -0.007482297054158117]",332
Singapore,accessibility_upper,signed_l1_seed2026,nll_clipped,-0.017831306448644578,"[-0.020809195637527356, -0.014914418473830082]","[-0.02168859743905936, -0.014039350027198742]",332
Singapore,accessibility_upper,signed_l1_seed2026,pt_probability,0.026739912050361015,"[0.025768820043142706, 0.02770787824122011]","[0.025492547542165345, 0.028035890746715832]",332
Singapore,accessibility_upper,signed_l1_seed2026,response_accessibility,0.03605226248906678,"[0.03293359169052039, 0.03924979094741305]","[0.03185162475938538, 0.04018099697974386]",332
Singapore,accessibility_upper,signed_l1_seed2026,response_weather,-0.0019232417310935904,"[-0.0022518875447651706, -0.0016022523898765984]","[-0.0023507858641131454, -0.0014963877176394668]",332
Singapore,accessibility_upper,signed_l1_seed2026,response_fare,0.0005721141954502428,"[0.00042472671863275123, 0.0007207389326249979]","[0.0003798767867082932, 0.0007684098653136246]",332
Singapore,accessibility_upper,signed_l1_seed2026,response_transit_delay,-0.010405125612594995,"[-0.011897739664797324, -0.008895527989693345]","[-0.012347868554944914, -0.008461692644765673]",332
Singapore,accessibility_upper,signed_l1_seed2026,response_roadworks,0.0012752265635743198,"[0.0008766500683254506, 0.0017050484677844015]","[0.0007631700342319097, 0.001825756780040188]",332
Singapore,accessibility_upper,signed_l1_seed7,accuracy,-0.017771084337349398,"[-0.02409638554216868, -0.012048192771084338]","[-0.026506024096385545, -0.010240963855421687]",332
Singapore,accessibility_upper,signed_l1_seed7,brier,0.06327931059925149,"[0.0589707756308725, 0.06750438363830101]","[0.057620313299278546, 0.06883374738025198]",332
Singapore,accessibility_upper,signed_l1_seed7,nll_clipped,0.10600380035280281,"[0.09895864370413211, 0.11302172620005835]","[0.09680393747920504, 0.115170708701624]",332
Singapore,accessibility_upper,signed_l1_seed7,pt_probability,-0.06333233629036357,"[-0.06517893168373252, -0.06154856410661238]","[-0.06574997210862953, -0.06099008877648054]",332
Singapore,accessibility_upper,signed_l1_seed7,response_accessibility,0.05400541186871299,"[0.05107277207755405, 0.05703247402239232]","[0.05019799036293639, 0.05806256764327142]",332
Singapore,accessibility_upper,signed_l1_seed7,response_weather,0.00636239509176777,"[0.005450230850052672, 0.007296816180516258]","[0.005175757307267512, 0.0076160064075950044]",332
Singapore,accessibility_upper,signed_l1_seed7,response_fare,0.006675541793635811,"[0.005722094657662583, 0.007649530867024897]","[0.005366780080843762, 0.007948108041569231]",332
Singapore,accessibility_upper,signed_l1_seed7,response_transit_delay,-0.10147265240364899,"[-0.11244769306030793, -0.09079997539625459]","[-0.11534819889237898, -0.08762764015316357]",332
Singapore,accessibility_upper,signed_l1_seed7,response_roadworks,0.0024945423545607603,"[0.001739093811666391, 0.003248894811574235]","[0.001453720507133438, 0.0034848431241979077]",332
Singapore,accessibility_upper,direction_magnitude_seed42,accuracy,-0.0003012048192771085,"[-0.002710843373493976, 0.002108433734939759]","[-0.003313253012048193, 0.0027108433734939763]",332
Singapore,accessibility_upper,direction_magnitude_seed42,brier,0.01256245832864271,"[0.011134897771734733, 0.013980358329367825]","[0.010623251314598183, 0.01446557460034551]",332
Singapore,accessibility_upper,direction_magnitude_seed42,nll_clipped,0.021036841355421082,"[0.018847242772532427, 0.02322123848118913]","[0.018115593552715324, 0.023887701389854608]",332
Singapore,accessibility_upper,direction_magnitude_seed42,pt_probability,-0.019018561054155766,"[-0.019577650731592164, -0.018454279711565387]","[-0.019748165099971356, -0.018270963469593147]",332
Singapore,accessibility_upper,direction_magnitude_seed42,response_accessibility,0.005928367712950132,"[0.00516057081200766, 0.0066641087604529525]","[0.004895987626086606, 0.006904379238251102]",332
Singapore,accessibility_upper,direction_magnitude_seed42,response_weather,-2.9236010937805636e-06,"[-0.00047940752856119205, 0.00047817932166922144]","[-0.000647015589940171, 0.0006338653701682927]",332
Singapore,accessibility_upper,direction_magnitude_seed42,response_fare,0.003294688570930297,"[0.0030020878476326365, 0.003586784397330449]","[0.0029079954684094853, 0.0036905927296323935]",332
Singapore,accessibility_upper,direction_magnitude_seed42,response_transit_delay,-0.02146666961531323,"[-0.02250502974226936, -0.02050946144757411]","[-0.022817609510665016, -0.020172400789683215]",332
Singapore,accessibility_upper,direction_magnitude_seed42,response_roadworks,0.0012640082333461348,"[0.0010126074641404381, 0.001528678286865533]","[0.0009358999581940203, 0.0016115674915083917]",332
Singapore,accessibility_upper,direction_magnitude_seed2026,accuracy,-0.002108433734939759,"[-0.0075301204819277125, 0.0036144578313253004]","[-0.009337349397590362, 0.005120481927710843]",332
Singapore,accessibility_upper,direction_magnitude_seed2026,brier,-0.005420019918763128,"[-0.007626250745064937, -0.0032297359651992873]","[-0.008262109604383287, -0.002572046112244527]",332
Singapore,accessibility_upper,direction_magnitude_seed2026,nll_clipped,-0.012596946899323712,"[-0.015816658244927694, -0.009408536793624139]","[-0.016758929377623973, -0.008455212027686928]",332
Singapore,accessibility_upper,direction_magnitude_seed2026,pt_probability,0.02659685819982046,"[0.02549434717803498, 0.027699517072346733]","[0.025143886490769866, 0.028057540162679667]",332
Singapore,accessibility_upper,direction_magnitude_seed2026,response_accessibility,0.04767129114683134,"[0.04549004786440272, 0.049854267080853054]","[0.04478279835780162, 0.050474163082495596]",332
Singapore,accessibility_upper,direction_magnitude_seed2026,response_weather,-0.0015230102419673678,"[-0.0017531423021601626, -0.0012976256300167865]","[-0.001828812646275633, -0.0012307819152385549]",332
Singapore,accessibility_upper,direction_magnitude_seed2026,response_fare,0.000902600474206798,"[0.0007856811469712531, 0.0010231547859912535]","[0.0007507621796509947, 0.001059995582776077]",332
Singapore,accessibility_upper,direction_magnitude_seed2026,response_transit_delay,-0.005193442667284644,"[-0.006122599007472036, -0.004243608377873898]","[-0.006421121872669781, -0.003938685789457466]",332
Singapore,accessibility_upper,direction_magnitude_seed2026,response_roadworks,0.0007112790123525873,"[0.0002562381933072963, 0.0011934560847031064]","[0.00013787409672176982, 0.0013606783720743216]",332
Singapore,accessibility_upper,direction_magnitude_seed7,accuracy,-0.02951807228915663,"[-0.037349397590361454, -0.021987951807228918]","[-0.040060240963855416, -0.01957831325301205]",332
Singapore,accessibility_upper,direction_magnitude_seed7,brier,0.0878280799384604,"[0.08160106836999147, 0.0939969320757219]","[0.07972359202129908, 0.09581945267198291]",332
Singapore,accessibility_upper,direction_magnitude_seed7,nll_clipped,0.15582482170077383,"[0.14725801389049478, 0.16440121881319575]","[0.14469525841588507, 0.1669534838826709]",332
Singapore,accessibility_upper,direction_magnitude_seed7,pt_probability,-0.07505586156814432,"[-0.07750076597020417, -0.07271572277550367]","[-0.07829063565330843, -0.07192261859311032]",332
Singapore,accessibility_upper,direction_magnitude_seed7,response_accessibility,0.06644312912845109,"[0.06340452198343104, 0.06954635175938033]","[0.0625300949298586, 0.07067265078055122]",332
Singapore,accessibility_upper,direction_magnitude_seed7,response_weather,0.006950123112155013,"[0.005943750430470759, 0.007998948710330998]","[0.005620696950221367, 0.008351048653642362]",332
Singapore,accessibility_upper,direction_magnitude_seed7,response_fare,0.014245158386787018,"[0.013121624155452543, 0.015346730975097561]","[0.012803485199124609, 0.015720468616920957]",332
Singapore,accessibility_upper,direction_magnitude_seed7,response_transit_delay,-0.037588218852235226,"[-0.044945374554049795, -0.030365183792134515]","[-0.04746510444032253, -0.028272764872975618]",332
Singapore,accessibility_upper,direction_magnitude_seed7,response_roadworks,0.0008076391665332289,"[-6.989940596991272e-05, 0.0016689101234078404]","[-0.0003590255028691636, 0.00196442396346345]",332
Singapore,delay_in_vehicle,s9,accuracy,0.0,"[0.0, 0.0]","[0.0, 0.0]",332
Singapore,delay_in_vehicle,s9,brier,-6.332020565817918e-05,"[-7.137430832678489e-05, -5.522767270150632e-05]","[-7.371852206468066e-05, -5.273821544324322e-05]",332
Singapore,delay_in_vehicle,s9,nll_clipped,-0.00012841350266500236,"[-0.00014753764820306007, -0.00010933694576521008]","[-0.00015421819104313747, -0.00010415840940089266]",332
Singapore,delay_in_vehicle,s9,pt_probability,5.193457276706237e-05,"[4.78599663453558e-05, 5.607612512399812e-05]","[4.667270674751734e-05, 5.7399039288578776e-05]",332
Singapore,delay_in_vehicle,s9,response_accessibility,0.0,"[0.0, 0.0]","[0.0, 0.0]",332
Singapore,delay_in_vehicle,s9,response_weather,0.0,"[0.0, 0.0]","[0.0, 0.0]",332
Singapore,delay_in_vehicle,s9,response_fare,0.0,"[0.0, 0.0]","[0.0, 0.0]",332
Singapore,delay_in_vehicle,s9,response_transit_delay,0.0005193457276706236,"[0.0004785996634535581, 0.0005607612512399813]","[0.0004667270674751735, 0.000573990392885788]",332
Singapore,delay_in_vehicle,s9,response_roadworks,0.0,"[0.0, 0.0]","[0.0, 0.0]",332
Singapore,delay_in_vehicle,mnl_s,accuracy,0.0003012048192771085,"[-0.003614457831325301, 0.004216867469879518]","[-0.004819277108433735, 0.005421686746987953]",332
Singapore,delay_in_vehicle,mnl_s,brier,-0.0022514814815218463,"[-0.0037154859773107446, -0.0007758064957793468]","[-0.004132972236684151, -0.0003180282314139225]",332
Singapore,delay_in_vehicle,mnl_s,nll_clipped,-0.0030537601397083772,"[-0.005029752112818991, -0.0010175844850995618]","[-0.005534484093296143, -0.0003596112627745144]",332
Singapore,delay_in_vehicle,mnl_s,pt_probability,-0.0002004430776122508,"[-0.0008969661172334491, 0.0004958331351222405]","[-0.0011081073056874694, 0.0007167112080131797]",332
Singapore,delay_in_vehicle,mnl_s,response_accessibility,0.0,"[0.0, 0.0]","[0.0, 0.0]",332
Singapore,delay_in_vehicle,mnl_s,response_weather,0.0,"[0.0, 0.0]","[0.0, 0.0]",332
Singapore,delay_in_vehicle,mnl_s,response_fare,0.0,"[0.0, 0.0]","[0.0, 0.0]",332
Singapore,delay_in_vehicle,mnl_s,response_transit_delay,-0.0020044307761225076,"[-0.008969661172334487, 0.004958331351222406]","[-0.011081073056874696, 0.007167112080131795]",332
Singapore,delay_in_vehicle,mnl_s,response_roadworks,0.0,"[0.0, 0.0]","[0.0, 0.0]",332
Singapore,delay_in_vehicle,soft_kl_seed42,accuracy,0.00030120481927710846,"[0.0, 0.0009036144578313254]","[0.0, 0.0012048192771084338]",332
Singapore,delay_in_vehicle,soft_kl_seed42,brier,0.00019902397260973938,"[1.748184087956654e-05, 0.0003866515577428134]","[-3.6082196336395083e-05, 0.00044264743169042224]",332
Singapore,delay_in_vehicle,soft_kl_seed42,nll_clipped,0.00033969721659000653,"[-1.2098567538338696e-05, 0.0006789323859964506]","[-0.0001246480812930324, 0.0007795145041540663]",332
Singapore,delay_in_vehicle,soft_kl_seed42,pt_probability,-0.0004029809665608119,"[-0.0005058989198373474, -0.0003025266820430217]","[-0.0005368349006545383, -0.00027005789101303346]",332
Singapore,delay_in_vehicle,soft_kl_seed42,response_accessibility,0.0,"[0.0, 0.0]","[0.0, 0.0]",332
Singapore,delay_in_vehicle,soft_kl_seed42,response_weather,0.0,"[0.0, 0.0]","[0.0, 0.0]",332
Singapore,delay_in_vehicle,soft_kl_seed42,response_fare,0.0,"[0.0, 0.0]","[0.0, 0.0]",332
Singapore,delay_in_vehicle,soft_kl_seed42,response_transit_delay,-0.004029809665608119,"[-0.005058989198373473, -0.0030252668204302172]","[-0.005368349006545382, -0.002700578910130335]",332
Singapore,delay_in_vehicle,soft_kl_seed42,response_roadworks,0.0,"[0.0, 0.0]","[0.0, 0.0]",332
Singapore,delay_in_vehicle,soft_kl_seed2026,accuracy,0.0,"[0.0, 0.0]","[0.0, 0.0]",332
Singapore,delay_in_vehicle,soft_kl_seed2026,brier,-0.0006706991380948279,"[-0.0011023673606580808, -0.00024049545434253687]","[-0.0012490344172060564, -0.00011376128335405479]",332
Singapore,delay_in_vehicle,soft_kl_seed2026,nll_clipped,-0.0019740748398423004,"[-0.0027374870981621085, -0.0012181739614738867]","[-0.0030122670857327116, -0.001017955056793387]",332
Singapore,delay_in_vehicle,soft_kl_seed2026,pt_probability,0.0021046712377434038,"[0.0019624623388657903, 0.002251950937508415]","[0.001920018457252173, 0.0023000332967108893]",332
Singapore,delay_in_vehicle,soft_kl_seed2026,response_accessibility,0.0,"[0.0, 0.0]","[0.0, 0.0]",332
Singapore,delay_in_vehicle,soft_kl_seed2026,response_weather,0.0,"[0.0, 0.0]","[0.0, 0.0]",332
Singapore,delay_in_vehicle,soft_kl_seed2026,response_fare,0.0,"[0.0, 0.0]","[0.0, 0.0]",332
Singapore,delay_in_vehicle,soft_kl_seed2026,response_transit_delay,0.021046712377434034,"[0.01962462338865791, 0.022519509375084148]","[0.019200184572521733, 0.023000332967108895]",332
Singapore,delay_in_vehicle,soft_kl_seed2026,response_roadworks,0.0,"[0.0, 0.0]","[0.0, 0.0]",332
Singapore,delay_in_vehicle,soft_kl_seed7,accuracy,0.0,"[0.0, 0.0]","[0.0, 0.0]",332
Singapore,delay_in_vehicle,soft_kl_seed7,brier,0.009546860700267334,"[0.00845391619047374, 0.010636940414182474]","[0.008129618218896389, 0.011007105988343728]",332
Singapore,delay_in_vehicle,soft_kl_seed7,nll_clipped,0.017317042124815236,"[0.014864286389467038, 0.019762480703942015]","[0.01423785299538142, 0.02061445730140936]",332
Singapore,delay_in_vehicle,soft_kl_seed7,pt_probability,-0.008228156389107547,"[-0.008837703416244609, -0.007627945603229138]","[-0.009016596935703475, -0.0074671247623487765]",332
Singapore,delay_in_vehicle,soft_kl_seed7,response_accessibility,0.0,"[0.0, 0.0]","[0.0, 0.0]",332
Singapore,delay_in_vehicle,soft_kl_seed7,response_weather,0.0,"[0.0, 0.0]","[0.0, 0.0]",332
Singapore,delay_in_vehicle,soft_kl_seed7,response_fare,0.0,"[0.0, 0.0]","[0.0, 0.0]",332
Singapore,delay_in_vehicle,soft_kl_seed7,response_transit_delay,-0.08228156389107547,"[-0.08837703416244609, -0.0762794560322914]","[-0.09016596935703476, -0.07467124762348776]",332
Singapore,delay_in_vehicle,soft_kl_seed7,response_roadworks,0.0,"[0.0, 0.0]","[0.0, 0.0]",332
Singapore,delay_in_vehicle,ce_kl_seed42,accuracy,0.0,"[0.0, 0.0]","[0.0, 0.0]",332
Singapore,delay_in_vehicle,ce_kl_seed42,brier,-0.00012321519854913466,"[-0.00020341832474361475, -3.480801910094599e-05]","[-0.00022713958378340948, 7.414294228491836e-08]",332
Singapore,delay_in_vehicle,ce_kl_seed42,nll_clipped,-0.0005249565905554169,"[-0.0007393590185043871, -0.0003188486243761826]","[-0.0008165145163840463, -0.000251426273446498]",332
Singapore,delay_in_vehicle,ce_kl_seed42,pt_probability,0.00012994896906641233,"[7.018500009091594e-05, 0.00018580803954805508]","[5.099627849679575e-05, 0.00020241196625529347]",332
Singapore,delay_in_vehicle,ce_kl_seed42,response_accessibility,0.0,"[0.0, 0.0]","[0.0, 0.0]",332
Singapore,delay_in_vehicle,ce_kl_seed42,response_weather,0.0,"[0.0, 0.0]","[0.0, 0.0]",332
Singapore,delay_in_vehicle,ce_kl_seed42,response_fare,0.0,"[0.0, 0.0]","[0.0, 0.0]",332
Singapore,delay_in_vehicle,ce_kl_seed42,response_transit_delay,0.0012994896906641234,"[0.0007018500009091593, 0.0018580803954805502]","[0.0005099627849679575, 0.0020241196625529344]",332
Singapore,delay_in_vehicle,ce_kl_seed42,response_roadworks,0.0,"[0.0, 0.0]","[0.0, 0.0]",332
Singapore,delay_in_vehicle,ce_kl_seed2026,accuracy,0.0,"[0.0, 0.0]","[0.0, 0.0]",332
Singapore,delay_in_vehicle,ce_kl_seed2026,brier,0.0011953388181717385,"[0.0005969750661924437, 0.0018102078680569678]","[0.0004280832131429442, 0.0020042084049690383]",332
Singapore,delay_in_vehicle,ce_kl_seed2026,nll_clipped,0.003735321516634507,"[0.002508595177807527, 0.004966916677708262]","[0.0021942682939004414, 0.005377729753331116]",332
Singapore,delay_in_vehicle,ce_kl_seed2026,pt_probability,-0.0029061096364138535,"[-0.0031131091366693128, -0.002706750604199212]","[-0.0031788920153687002, -0.0026476008821340537]",332
Singapore,delay_in_vehicle,ce_kl_seed2026,response_accessibility,0.0,"[0.0, 0.0]","[0.0, 0.0]",332
Singapore,delay_in_vehicle,ce_kl_seed2026,response_weather,0.0,"[0.0, 0.0]","[0.0, 0.0]",332
Singapore,delay_in_vehicle,ce_kl_seed2026,response_fare,0.0,"[0.0, 0.0]","[0.0, 0.0]",332
Singapore,delay_in_vehicle,ce_kl_seed2026,response_transit_delay,-0.029061096364138537,"[-0.03113109136669313, -0.02706750604199212]","[-0.031788920153687, -0.026476008821340533]",332
Singapore,delay_in_vehicle,ce_kl_seed2026,response_roadworks,0.0,"[0.0, 0.0]","[0.0, 0.0]",332
Singapore,delay_in_vehicle,ce_kl_seed7,accuracy,0.0,"[0.0, 0.0]","[0.0, 0.0]",332
Singapore,delay_in_vehicle,ce_kl_seed7,brier,-0.00028951350524836645,"[-0.00035300712525324003, -0.00022654055226614434]","[-0.00037240652390789736, -0.00020712722659621064]",332
Singapore,delay_in_vehicle,ce_kl_seed7,nll_clipped,-0.0009947587491202896,"[-0.0012599565241967284, -0.0007351622730597607]","[-0.0013639614128884137, -0.0006618660488704381]",332
Singapore,delay_in_vehicle,ce_kl_seed7,pt_probability,0.0002832558791500976,"[0.00023983194481536565, 0.00032830833826993905]","[0.00022594857734841212, 0.0003425273320606785]",332
Singapore,delay_in_vehicle,ce_kl_seed7,response_accessibility,0.0,"[0.0, 0.0]","[0.0, 0.0]",332
Singapore,delay_in_vehicle,ce_kl_seed7,response_weather,0.0,"[0.0, 0.0]","[0.0, 0.0]",332
Singapore,delay_in_vehicle,ce_kl_seed7,response_fare,0.0,"[0.0, 0.0]","[0.0, 0.0]",332
Singapore,delay_in_vehicle,ce_kl_seed7,response_transit_delay,0.002832558791500976,"[0.0023983194481536564, 0.0032830833826993917]","[0.0022594857734841217, 0.003425273320606785]",332
Singapore,delay_in_vehicle,ce_kl_seed7,response_roadworks,0.0,"[0.0, 0.0]","[0.0, 0.0]",332
Singapore,delay_in_vehicle,signed_l1_seed42,accuracy,-0.00030120481927710846,"[-0.0009036144578313254, 0.0]","[-0.0012048192771084338, 0.0]",332
Singapore,delay_in_vehicle,signed_l1_seed42,brier,0.00044175185188115675,"[0.00015800099989854102, 0.0007315604152105241]","[8.942352123164541e-05, 0.0008255731821116106]",332
Singapore,delay_in_vehicle,signed_l1_seed42,nll_clipped,0.0008817140537561483,"[0.0003761917636542516, 0.0013907836207121616]","[0.0002146734928198148, 0.0015370211460418403]",332
Singapore,delay_in_vehicle,signed_l1_seed42,pt_probability,-0.0009832768914211226,"[-0.0011229887353368553, -0.000845114482533052]","[-0.0011664433879889997, -0.0008013850657650877]",332
Singapore,delay_in_vehicle,signed_l1_seed42,response_accessibility,0.0,"[0.0, 0.0]","[0.0, 0.0]",332
Singapore,delay_in_vehicle,signed_l1_seed42,response_weather,0.0,"[0.0, 0.0]","[0.0, 0.0]",332
Singapore,delay_in_vehicle,signed_l1_seed42,response_fare,0.0,"[0.0, 0.0]","[0.0, 0.0]",332
Singapore,delay_in_vehicle,signed_l1_seed42,response_transit_delay,-0.009832768914211228,"[-0.011229887353368552, -0.00845114482533052]","[-0.011664433879889996, -0.008013850657650878]",332
Singapore,delay_in_vehicle,signed_l1_seed42,response_roadworks,0.0,"[0.0, 0.0]","[0.0, 0.0]",332
Singapore,delay_in_vehicle,signed_l1_seed2026,accuracy,0.0,"[-0.0009036144578313254, 0.0009036144578313254]","[-0.0012048192771084338, 0.0012048192771084338]",332
Singapore,delay_in_vehicle,signed_l1_seed2026,brier,0.0003031694075618507,"[1.3851673964620291e-05, 0.0005889539826580038]","[-6.90009533909509e-05, 0.0006836500284784338]",332
Singapore,delay_in_vehicle,signed_l1_seed2026,nll_clipped,0.0009488428689393681,"[0.0004563900478869445, 0.0014534364406914853]","[0.00031958690395826546, 0.001619562810176593]",332
Singapore,delay_in_vehicle,signed_l1_seed2026,pt_probability,-0.0013619604217539351,"[-0.001448725302961756, -0.00127654934503946]","[-0.0014752402421513414, -0.0012496367441770812]",332
Singapore,delay_in_vehicle,signed_l1_seed2026,response_accessibility,0.0,"[0.0, 0.0]","[0.0, 0.0]",332
Singapore,delay_in_vehicle,signed_l1_seed2026,response_weather,0.0,"[0.0, 0.0]","[0.0, 0.0]",332
Singapore,delay_in_vehicle,signed_l1_seed2026,response_fare,0.0,"[0.0, 0.0]","[0.0, 0.0]",332
Singapore,delay_in_vehicle,signed_l1_seed2026,response_transit_delay,-0.01361960421753935,"[-0.014487253029617559, -0.012765493450394598]","[-0.014752402421513416, -0.012496367441770812]",332
Singapore,delay_in_vehicle,signed_l1_seed2026,response_roadworks,0.0,"[0.0, 0.0]","[0.0, 0.0]",332
Singapore,delay_in_vehicle,signed_l1_seed7,accuracy,0.0,"[0.0, 0.0]","[0.0, 0.0]",332
Singapore,delay_in_vehicle,signed_l1_seed7,brier,0.009841757305518966,"[0.0087476865282297, 0.01094529716489043]","[0.00841017206502842, 0.011277177306336584]",332
Singapore,delay_in_vehicle,signed_l1_seed7,nll_clipped,0.01762714000649614,"[0.015294439138824063, 0.019950113677009038]","[0.014664916339068268, 0.02075221317475382]",332
Singapore,delay_in_vehicle,signed_l1_seed7,pt_probability,-0.007966066636874464,"[-0.008616987078370672, -0.007334570494425732]","[-0.008801841883169745, -0.007149699499578139]",332
Singapore,delay_in_vehicle,signed_l1_seed7,response_accessibility,0.0,"[0.0, 0.0]","[0.0, 0.0]",332
Singapore,delay_in_vehicle,signed_l1_seed7,response_weather,0.0,"[0.0, 0.0]","[0.0, 0.0]",332
Singapore,delay_in_vehicle,signed_l1_seed7,response_fare,0.0,"[0.0, 0.0]","[0.0, 0.0]",332
Singapore,delay_in_vehicle,signed_l1_seed7,response_transit_delay,-0.07966066636874464,"[-0.08616987078370672, -0.07334570494425731]","[-0.08801841883169745, -0.07149699499578137]",332
Singapore,delay_in_vehicle,signed_l1_seed7,response_roadworks,0.0,"[0.0, 0.0]","[0.0, 0.0]",332
Singapore,delay_in_vehicle,direction_magnitude_seed42,accuracy,-0.00030120481927710846,"[-0.0009036144578313254, 0.0]","[-0.0012048192771084338, 0.0]",332
Singapore,delay_in_vehicle,direction_magnitude_seed42,brier,0.0005532750258937411,"[0.0001613479096822639, 0.0009575893033411706]","[5.5784111951585026e-05, 0.0010997555177569656]",332
Singapore,delay_in_vehicle,direction_magnitude_seed42,nll_clipped,0.001255401454606981,"[0.0006509081793228777, 0.001859434556981483]","[0.000504251145509921, 0.002054152262748149]",332
Singapore,delay_in_vehicle,direction_magnitude_seed42,pt_probability,-0.0017986131562705498,"[-0.0019418467047164238, -0.0016593105343720284]","[-0.0019837864188656934, -0.0016159488858363362]",332
Singapore,delay_in_vehicle,direction_magnitude_seed42,response_accessibility,0.0,"[0.0, 0.0]","[0.0, 0.0]",332
Singapore,delay_in_vehicle,direction_magnitude_seed42,response_weather,0.0,"[0.0, 0.0]","[0.0, 0.0]",332
Singapore,delay_in_vehicle,direction_magnitude_seed42,response_fare,0.0,"[0.0, 0.0]","[0.0, 0.0]",332
Singapore,delay_in_vehicle,direction_magnitude_seed42,response_transit_delay,-0.0179861315627055,"[-0.019418467047164236, -0.016593105343720282]","[-0.01983786418865693, -0.01615948885836336]",332
Singapore,delay_in_vehicle,direction_magnitude_seed42,response_roadworks,0.0,"[0.0, 0.0]","[0.0, 0.0]",332
Singapore,delay_in_vehicle,direction_magnitude_seed2026,accuracy,0.0009036144578313254,"[-0.0015060240963855422, 0.003313253012048193]","[-0.0024096385542168677, 0.004216867469879518]",332
Singapore,delay_in_vehicle,direction_magnitude_seed2026,brier,0.0004067913140968234,"[-0.0006420375729433769, 0.0014374193394084242]","[-0.0009536557338851915, 0.0017853376379377449]",332
Singapore,delay_in_vehicle,direction_magnitude_seed2026,nll_clipped,0.002473533012026324,"[0.0007978748260775134, 0.0041500112942154405]","[0.0003550021541305407, 0.0047166688925262094]",332
Singapore,delay_in_vehicle,direction_magnitude_seed2026,pt_probability,-0.004537982679903507,"[-0.004866219209843731, -0.0042153928916149564]","[-0.004965167112603604, -0.0041143327959902954]",332
Singapore,delay_in_vehicle,direction_magnitude_seed2026,response_accessibility,0.0,"[0.0, 0.0]","[0.0, 0.0]",332
Singapore,delay_in_vehicle,direction_magnitude_seed2026,response_weather,0.0,"[0.0, 0.0]","[0.0, 0.0]",332
Singapore,delay_in_vehicle,direction_magnitude_seed2026,response_fare,0.0,"[0.0, 0.0]","[0.0, 0.0]",332
Singapore,delay_in_vehicle,direction_magnitude_seed2026,response_transit_delay,-0.04537982679903507,"[-0.0486621920984373, -0.042153928916149566]","[-0.049651671126036044, -0.04114332795990295]",332
Singapore,delay_in_vehicle,direction_magnitude_seed2026,response_roadworks,0.0,"[0.0, 0.0]","[0.0, 0.0]",332
Singapore,delay_in_vehicle,direction_magnitude_seed7,accuracy,0.0,"[0.0, 0.0]","[0.0, 0.0]",332
Singapore,delay_in_vehicle,direction_magnitude_seed7,brier,0.008980965355469453,"[0.007944291148632075, 0.010044809971267365]","[0.00765111377402344, 0.010375959545937822]",332
Singapore,delay_in_vehicle,direction_magnitude_seed7,nll_clipped,0.015269865362505871,"[0.01384189391198267, 0.016707381267788028]","[0.013406031423214339, 0.017121470424631302]",332
Singapore,delay_in_vehicle,direction_magnitude_seed7,pt_probability,-0.0033530582901769236,"[-0.003721493486210168, -0.0029957592978383444]","[-0.00382853015519767, -0.002895960550904991]",332
Singapore,delay_in_vehicle,direction_magnitude_seed7,response_accessibility,0.0,"[0.0, 0.0]","[0.0, 0.0]",332
Singapore,delay_in_vehicle,direction_magnitude_seed7,response_weather,0.0,"[0.0, 0.0]","[0.0, 0.0]",332
Singapore,delay_in_vehicle,direction_magnitude_seed7,response_fare,0.0,"[0.0, 0.0]","[0.0, 0.0]",332
Singapore,delay_in_vehicle,direction_magnitude_seed7,response_transit_delay,-0.03353058290176924,"[-0.03721493486210168, -0.02995759297838345]","[-0.038285301551976694, -0.02895960550904991]",332
Singapore,delay_in_vehicle,direction_magnitude_seed7,response_roadworks,0.0,"[0.0, 0.0]","[0.0, 0.0]",332
Singapore,heavier_rain,s9,accuracy,0.0069277108433734936,"[0.004216867469879518, 0.009939759036144578]","[0.003313253012048193, 0.010843373493975903]",332
Singapore,heavier_rain,s9,brier,-0.005411545946234832,"[-0.006318967222198461, -0.004534401374625345]","[-0.006572510607449495, -0.00425329065709831]",332
Singapore,heavier_rain,s9,nll_clipped,-0.006709869118290681,"[-0.007915491054948634, -0.005525763418093655]","[-0.008275071313192653, -0.0051924717495698556]",332
Singapore,heavier_rain,s9,pt_probability,0.0030622590333223344,"[0.002637688435434577, 0.0034898571003542603]","[0.002517557058214064, 0.0036109568937513306]",332
Singapore,heavier_rain,s9,response_accessibility,0.0,"[0.0, 0.0]","[0.0, 0.0]",332
Singapore,heavier_rain,s9,response_weather,-0.040469586781888126,"[-0.04385090474577912, -0.03718924773043493]","[-0.04491675487236984, -0.03633032956542112]",332
Singapore,heavier_rain,s9,response_fare,0.0,"[0.0, 0.0]","[0.0, 0.0]",332
Singapore,heavier_rain,s9,response_transit_delay,0.0,"[0.0, 0.0]","[0.0, 0.0]",332
Singapore,heavier_rain,s9,response_roadworks,0.0,"[0.0, 0.0]","[0.0, 0.0]",332
Singapore,heavier_rain,mnl_s,accuracy,0.0018072289156626504,"[0.0006024096385542169, 0.003313253012048193]","[0.00030120481927710846, 0.00391566265060241]",332
Singapore,heavier_rain,mnl_s,brier,-0.0026553093543974964,"[-0.0033826783868193136, -0.0019441492035905939]","[-0.003614046290295181, -0.0017096628088930253]",332
Singapore,heavier_rain,mnl_s,nll_clipped,-0.003970813456303325,"[-0.004923527814221281, -0.0030222213573277254]","[-0.005286546767895788, -0.002767554505411686]",332
Singapore,heavier_rain,mnl_s,pt_probability,0.0019358149542960568,"[0.0015877346388105625, 0.0023003110526600874]","[0.001482993031876228, 0.002404527643701495]",332
Singapore,heavier_rain,mnl_s,response_accessibility,0.0,"[0.0, 0.0]","[0.0, 0.0]",332
Singapore,heavier_rain,mnl_s,response_weather,-0.0245019362107173,"[-0.028039826546454375, -0.02113196181194482]","[-0.029073454690033897, -0.020066201890444463]",332
Singapore,heavier_rain,mnl_s,response_fare,0.0,"[0.0, 0.0]","[0.0, 0.0]",332
Singapore,heavier_rain,mnl_s,response_transit_delay,0.0,"[0.0, 0.0]","[0.0, 0.0]",332
Singapore,heavier_rain,mnl_s,response_roadworks,0.0,"[0.0, 0.0]","[0.0, 0.0]",332
Singapore,heavier_rain,soft_kl_seed42,accuracy,-0.0015060240963855422,"[-0.0030120481927710845, 0.0]","[-0.0036144578313253017, 0.0003012048192771085]",332
Singapore,heavier_rain,soft_kl_seed42,brier,0.0007322960643000104,"[0.0005128016819598549, 0.0009458335469593126]","[0.0004447269691837923, 0.0010135865043983542]",332
Singapore,heavier_rain,soft_kl_seed42,nll_clipped,0.0009435558855740316,"[0.0006561979071481622, 0.001224314511696032]","[0.0005570409488386255, 0.0013157380227452166]",332
Singapore,heavier_rain,soft_kl_seed42,pt_probability,-9.56339694290276e-05,"[-0.0002226206104843372, 3.0431187857525875e-05]","[-0.00026039097271859647, 7.274649435856253e-05]",332
Singapore,heavier_rain,soft_kl_seed42,response_accessibility,0.0,"[0.0, 0.0]","[0.0, 0.0]",332
Singapore,heavier_rain,soft_kl_seed42,response_weather,0.004755928270877844,"[0.003943303504016206, 0.005574390281788466]","[0.0037085543704746537, 0.005816740309482954]",332
Singapore,heavier_rain,soft_kl_seed42,response_fare,0.0,"[0.0, 0.0]","[0.0, 0.0]",332
Singapore,heavier_rain,soft_kl_seed42,response_transit_delay,0.0,"[0.0, 0.0]","[0.0, 0.0]",332
Singapore,heavier_rain,soft_kl_seed42,response_roadworks,0.0,"[0.0, 0.0]","[0.0, 0.0]",332
Singapore,heavier_rain,soft_kl_seed2026,accuracy,0.0006024096385542169,"[0.0, 0.0015060240963855422]","[0.0, 0.0018087349397587953]",332
Singapore,heavier_rain,soft_kl_seed2026,brier,-0.0016473704789158822,"[-0.0018619912256865412, -0.0014263614124116815]","[-0.001931450247577283, -0.0013650968161536602]",332
Singapore,heavier_rain,soft_kl_seed2026,nll_clipped,-0.0023976202500064618,"[-0.0026965641710800735, -0.002094142429413496]","[-0.0027911232648729126, -0.0020079531959315043]",332
Singapore,heavier_rain,soft_kl_seed2026,pt_probability,0.0012229082140936907,"[0.0011375630350155107, 0.001305594427892602]","[0.0011128156740128636, 0.0013346723028267898]",332
Singapore,heavier_rain,soft_kl_seed2026,response_accessibility,0.0,"[0.0, 0.0]","[0.0, 0.0]",332
Singapore,heavier_rain,soft_kl_seed2026,response_weather,-0.01221142549920513,"[-0.013041523083236563, -0.011362539340618504]","[-0.013323017637054605, -0.011092005025326129]",332
Singapore,heavier_rain,soft_kl_seed2026,response_fare,0.0,"[0.0, 0.0]","[0.0, 0.0]",332
Singapore,heavier_rain,soft_kl_seed2026,response_transit_delay,0.0,"[0.0, 0.0]","[0.0, 0.0]",332
Singapore,heavier_rain,soft_kl_seed2026,response_roadworks,0.0,"[0.0, 0.0]","[0.0, 0.0]",332
Singapore,heavier_rain,soft_kl_seed7,accuracy,0.0,"[0.0, 0.0]","[0.0, 0.0]",332
Singapore,heavier_rain,soft_kl_seed7,brier,0.00014053077389353342,"[-8.400167027328587e-06, 0.0002963116719243616]","[-5.575229090965422e-05, 0.0003410241793150043]",332
Singapore,heavier_rain,soft_kl_seed7,nll_clipped,0.00015913891172474103,"[-4.813261324549885e-05, 0.0003733403845424144]","[-0.00010717107818406773, 0.00044396184517324117]",332
Singapore,heavier_rain,soft_kl_seed7,pt_probability,-0.0002820010420428701,"[-0.0003439265324633165, -0.00021932584424334839]","[-0.00036295285446187814, -0.00019722156051591222]",332
Singapore,heavier_rain,soft_kl_seed7,response_accessibility,0.0,"[0.0, 0.0]","[0.0, 0.0]",332
Singapore,heavier_rain,soft_kl_seed7,response_weather,-0.00019867052829050156,"[-0.0008381289427157446, 0.00044645496548703265]","[-0.0010216690276760652, 0.0006579989071441701]",332
Singapore,heavier_rain,soft_kl_seed7,response_fare,0.0,"[0.0, 0.0]","[0.0, 0.0]",332
Singapore,heavier_rain,soft_kl_seed7,response_transit_delay,0.0,"[0.0, 0.0]","[0.0, 0.0]",332
Singapore,heavier_rain,soft_kl_seed7,response_roadworks,0.0,"[0.0, 0.0]","[0.0, 0.0]",332
Singapore,heavier_rain,ce_kl_seed42,accuracy,-0.00030120481927710846,"[-0.0009036144578313254, 0.0]","[-0.0012048192771084338, 0.0]",332
Singapore,heavier_rain,ce_kl_seed42,brier,0.00018518059441502755,"[1.3099544107612305e-05, 0.0003591443110021889]","[-4.718603686508864e-05, 0.00041433547143957813]",332
Singapore,heavier_rain,ce_kl_seed42,nll_clipped,0.00013505445618048774,"[-0.00011142113137499301, 0.000380679475387534]","[-0.00019091840238210484, 0.00044971524470013646]",332
Singapore,heavier_rain,ce_kl_seed42,pt_probability,-4.631594855742282e-05,"[-0.00013796373466815217, 4.6834479905216016e-05]","[-0.0001679432580404612, 7.45355308572027e-05]",332
Singapore,heavier_rain,ce_kl_seed42,response_accessibility,0.0,"[0.0, 0.0]","[0.0, 0.0]",332
Singapore,heavier_rain,ce_kl_seed42,response_weather,0.0006433609278356455,"[-3.35314872124827e-05, 0.0013145874160431685]","[-0.00026866964690095503, 0.001503228924955318]",332
Singapore,heavier_rain,ce_kl_seed42,response_fare,0.0,"[0.0, 0.0]","[0.0, 0.0]",332
Singapore,heavier_rain,ce_kl_seed42,response_transit_delay,0.0,"[0.0, 0.0]","[0.0, 0.0]",332
Singapore,heavier_rain,ce_kl_seed42,response_roadworks,0.0,"[0.0, 0.0]","[0.0, 0.0]",332
Singapore,heavier_rain,ce_kl_seed2026,accuracy,0.0,"[0.0, 0.0]","[0.0, 0.0]",332
Singapore,heavier_rain,ce_kl_seed2026,brier,-0.000520856897674463,"[-0.0007076552689084082, -0.00033914021625379523]","[-0.0007694848385269013, -0.0002832793870216786]",332
Singapore,heavier_rain,ce_kl_seed2026,nll_clipped,-0.0009440593744681737,"[-0.0012489891246439246, -0.000646078678212249]","[-0.001352864029465487, -0.0005628365511199836]",332
Singapore,heavier_rain,ce_kl_seed2026,pt_probability,0.00036383771550763084,"[0.00030867343114868525, 0.0004189917534107275]","[0.0002912041308717376, 0.00043656890318134284]",332
Singapore,heavier_rain,ce_kl_seed2026,response_accessibility,0.0,"[0.0, 0.0]","[0.0, 0.0]",332
Singapore,heavier_rain,ce_kl_seed2026,response_weather,-0.00039678825491882235,"[-0.0010247713810461294, 0.00026926302367888627]","[-0.001213182430568499, 0.00044075561945427605]",332
Singapore,heavier_rain,ce_kl_seed2026,response_fare,0.0,"[0.0, 0.0]","[0.0, 0.0]",332
Singapore,heavier_rain,ce_kl_seed2026,response_transit_delay,0.0,"[0.0, 0.0]","[0.0, 0.0]",332
Singapore,heavier_rain,ce_kl_seed2026,response_roadworks,0.0,"[0.0, 0.0]","[0.0, 0.0]",332
Singapore,heavier_rain,ce_kl_seed7,accuracy,0.0006024096385542169,"[0.0, 0.0015060240963855422]","[0.0, 0.0018072289156626509]",332
Singapore,heavier_rain,ce_kl_seed7,brier,-0.0006964282014835904,"[-0.0009321940988591777, -0.0004564358709685858]","[-0.001005637703067116, -0.00038692988632949894]",332
Singapore,heavier_rain,ce_kl_seed7,nll_clipped,-0.0009375678774566434,"[-0.00132275889706771, -0.0005387644018837721]","[-0.0014399691776414724, -0.00041950047379047593]",332
Singapore,heavier_rain,ce_kl_seed7,pt_probability,0.00023168110883379557,"[0.00011877088353082718, 0.0003428777197869607]","[8.23955886986062e-05, 0.0003781103141358997]",332
Singapore,heavier_rain,ce_kl_seed7,response_accessibility,0.0,"[0.0, 0.0]","[0.0, 0.0]",332
Singapore,heavier_rain,ce_kl_seed7,response_weather,-0.008631522408181644,"[-0.009559698211146989, -0.007712812881063984]","[-0.009877475084658397, -0.0074476590780372985]",332
Singapore,heavier_rain,ce_kl_seed7,response_fare,0.0,"[0.0, 0.0]","[0.0, 0.0]",332
Singapore,heavier_rain,ce_kl_seed7,response_transit_delay,0.0,"[0.0, 0.0]","[0.0, 0.0]",332
Singapore,heavier_rain,ce_kl_seed7,response_roadworks,0.0,"[0.0, 0.0]","[0.0, 0.0]",332
Singapore,heavier_rain,signed_l1_seed42,accuracy,0.0,"[0.0, 0.0]","[0.0, 0.0]",332
Singapore,heavier_rain,signed_l1_seed42,brier,0.00011213783922970576,"[-7.677210811194258e-05, 0.00029911386306624406]","[-0.00013369892751321512, 0.0003591454125575793]",332
Singapore,heavier_rain,signed_l1_seed42,nll_clipped,5.398866944903942e-05,"[-0.00020116445498944772, 0.0003024178731000037]","[-0.0002785810615927113, 0.0003881798638528895]",332
Singapore,heavier_rain,signed_l1_seed42,pt_probability,0.0002722642463014786,"[0.00016381013139813068, 0.00037788982200155776]","[0.00012804817525019122, 0.00041445347895643794]",332
Singapore,heavier_rain,signed_l1_seed42,response_accessibility,0.0,"[0.0, 0.0]","[0.0, 0.0]",332
Singapore,heavier_rain,signed_l1_seed42,response_weather,0.00023328143744224525,"[-0.0005000869073085937, 0.0009845966223560002]","[-0.0007240947070026613, 0.001250755760695291]",332
Singapore,heavier_rain,signed_l1_seed42,response_fare,0.0,"[0.0, 0.0]","[0.0, 0.0]",332
Singapore,heavier_rain,signed_l1_seed42,response_transit_delay,0.0,"[0.0, 0.0]","[0.0, 0.0]",332
Singapore,heavier_rain,signed_l1_seed42,response_roadworks,0.0,"[0.0, 0.0]","[0.0, 0.0]",332
Singapore,heavier_rain,signed_l1_seed2026,accuracy,0.0009036144578313254,"[-0.0012048192771084338, 0.0030120481927710845]","[-0.0018072289156626509, 0.00391566265060241]",332
Singapore,heavier_rain,signed_l1_seed2026,brier,-0.0007404723881617885,"[-0.0009142015648515361, -0.0005610172238735548]","[-0.0009662674535482562, -0.0005030094091482047]",332
Singapore,heavier_rain,signed_l1_seed2026,nll_clipped,-0.0011501121881034478,"[-0.0013963144052664283, -0.0009008629711272951]","[-0.0014710158372075908, -0.000825046213208832]",332
Singapore,heavier_rain,signed_l1_seed2026,pt_probability,0.000732015360550708,"[0.0006684810917330793, 0.0007941714784197777]","[0.0006488201359219581, 0.0008141630699476563]",332
Singapore,heavier_rain,signed_l1_seed2026,response_accessibility,0.0,"[0.0, 0.0]","[0.0, 0.0]",332
Singapore,heavier_rain,signed_l1_seed2026,response_weather,-0.006206226456596191,"[-0.006793373431000544, -0.005633053138672587]","[-0.006965123307274049, -0.005449826351804548]",332
Singapore,heavier_rain,signed_l1_seed2026,response_fare,0.0,"[0.0, 0.0]","[0.0, 0.0]",332
Singapore,heavier_rain,signed_l1_seed2026,response_transit_delay,0.0,"[0.0, 0.0]","[0.0, 0.0]",332
Singapore,heavier_rain,signed_l1_seed2026,response_roadworks,0.0,"[0.0, 0.0]","[0.0, 0.0]",332
Singapore,heavier_rain,signed_l1_seed7,accuracy,0.00030120481927710846,"[0.0, 0.0009036144578313254]","[0.0, 0.0012048192771084338]",332
Singapore,heavier_rain,signed_l1_seed7,brier,-3.840991481926354e-05,"[-0.00018628949726036664, 0.00011508465634106057]","[-0.00022971156340968973, 0.00016211141052080492]",332
Singapore,heavier_rain,signed_l1_seed7,nll_clipped,-6.752776262181594e-05,"[-0.00026645538649565625, 0.00013678933522030256]","[-0.00032378821250947685, 0.0002007360011851229]",332
Singapore,heavier_rain,signed_l1_seed7,pt_probability,-0.00024387426674365997,"[-0.0003090087048350329, -0.00017890605581812112]","[-0.00032873750982963175, -0.00015907316250973454]",332
Singapore,heavier_rain,signed_l1_seed7,response_accessibility,0.0,"[0.0, 0.0]","[0.0, 0.0]",332
Singapore,heavier_rain,signed_l1_seed7,response_weather,-0.0014216918273862586,"[-0.0019606414077107804, -0.0008783371356057841]","[-0.0021258265378671774, -0.0007101450193426515]",332
Singapore,heavier_rain,signed_l1_seed7,response_fare,0.0,"[0.0, 0.0]","[0.0, 0.0]",332
Singapore,heavier_rain,signed_l1_seed7,response_transit_delay,0.0,"[0.0, 0.0]","[0.0, 0.0]",332
Singapore,heavier_rain,signed_l1_seed7,response_roadworks,0.0,"[0.0, 0.0]","[0.0, 0.0]",332
Singapore,heavier_rain,direction_magnitude_seed42,accuracy,0.00030120481927710846,"[0.0, 0.0009036144578313254]","[0.0, 0.0012048192771084338]",332
Singapore,heavier_rain,direction_magnitude_seed42,brier,-0.00014790196050562464,"[-0.00030526677535782444, 4.284831334442662e-06]","[-0.00035202934424615465, 4.752714025605716e-05]",332
Singapore,heavier_rain,direction_magnitude_seed42,nll_clipped,-0.00032820276446340457,"[-0.000546461001432389, -0.00011288516955019519]","[-0.0006184756992864309, -5.031601706025771e-05]",332
Singapore,heavier_rain,direction_magnitude_seed42,pt_probability,0.0003704617136573217,"[0.00028891703282224847, 0.00045240601143205005]","[0.00026333263278546115, 0.0004812981320028922]",332
Singapore,heavier_rain,direction_magnitude_seed42,response_accessibility,0.0,"[0.0, 0.0]","[0.0, 0.0]",332
Singapore,heavier_rain,direction_magnitude_seed42,response_weather,-0.001898629703076489,"[-0.0025786986409024482, -0.0012264894560001884]","[-0.0028076629229563184, -0.0010016700944650103]",332
Singapore,heavier_rain,direction_magnitude_seed42,response_fare,0.0,"[0.0, 0.0]","[0.0, 0.0]",332
Singapore,heavier_rain,direction_magnitude_seed42,response_transit_delay,0.0,"[0.0, 0.0]","[0.0, 0.0]",332
Singapore,heavier_rain,direction_magnitude_seed42,response_roadworks,0.0,"[0.0, 0.0]","[0.0, 0.0]",332
Singapore,heavier_rain,direction_magnitude_seed2026,accuracy,0.0009036144578313254,"[0.0, 0.002108433734939759]","[0.0, 0.0024096385542168677]",332
Singapore,heavier_rain,direction_magnitude_seed2026,brier,-0.0009808167161593345,"[-0.0011818526205689074, -0.000772658852046765]","[-0.001245568975386274, -0.000711837264710871]",332
Singapore,heavier_rain,direction_magnitude_seed2026,nll_clipped,-0.0015372615612623793,"[-0.0018365156322632038, -0.0012339661411495061]","[-0.0019394031644644428, -0.0011455928279824992]",332
Singapore,heavier_rain,direction_magnitude_seed2026,pt_probability,0.001043083684810673,"[0.0009727236084325845, 0.0011139460837087]","[0.000949578486988882, 0.0011378177949283497]",332
Singapore,heavier_rain,direction_magnitude_seed2026,response_accessibility,0.0,"[0.0, 0.0]","[0.0, 0.0]",332
Singapore,heavier_rain,direction_magnitude_seed2026,response_weather,-0.007873362020017153,"[-0.008589637920776584, -0.007143204249105001]","[-0.008777799717969744, -0.006933671951697896]",332
Singapore,heavier_rain,direction_magnitude_seed2026,response_fare,0.0,"[0.0, 0.0]","[0.0, 0.0]",332
Singapore,heavier_rain,direction_magnitude_seed2026,response_transit_delay,0.0,"[0.0, 0.0]","[0.0, 0.0]",332
Singapore,heavier_rain,direction_magnitude_seed2026,response_roadworks,0.0,"[0.0, 0.0]","[0.0, 0.0]",332
Singapore,heavier_rain,direction_magnitude_seed7,accuracy,0.00030120481927710846,"[-0.000602409638554217, 0.001212349397590252]","[-0.0009036144578313254, 0.0018072289156626509]",332
Singapore,heavier_rain,direction_magnitude_seed7,brier,-0.0002891006153212662,"[-0.00043910672279572836, -0.00013424671409123975]","[-0.00048793525807106376, -8.734861931899636e-05]",332
Singapore,heavier_rain,direction_magnitude_seed7,nll_clipped,-0.00044334895626034753,"[-0.0006396622714118662, -0.00024357206240797582]","[-0.0007065150227170016, -0.00018565437122448498]",332
Singapore,heavier_rain,direction_magnitude_seed7,pt_probability,-9.609827973756443e-05,"[-0.00016816419010690182, -2.433950070246877e-05]","[-0.00018747743091220598, -1.709209732621853e-06]",332
Singapore,heavier_rain,direction_magnitude_seed7,response_accessibility,0.0,"[0.0, 0.0]","[0.0, 0.0]",332
Singapore,heavier_rain,direction_magnitude_seed7,response_weather,-0.002815227910696742,"[-0.003393559650439455, -0.0022458550980292177]","[-0.0035573442111981202, -0.002055727239720614]",332
Singapore,heavier_rain,direction_magnitude_seed7,response_fare,0.0,"[0.0, 0.0]","[0.0, 0.0]",332
Singapore,heavier_rain,direction_magnitude_seed7,response_transit_delay,0.0,"[0.0, 0.0]","[0.0, 0.0]",332
Singapore,heavier_rain,direction_magnitude_seed7,response_roadworks,0.0,"[0.0, 0.0]","[0.0, 0.0]",332
Shanghai,household_1,s9,accuracy,-0.0009345794392523366,"[-0.003115264797507789, 0.001557632398753894]","[-0.004049844236760126, 0.0024153037383175305]",321
Shanghai,household_1,s9,brier,-0.001506748572459429,"[-0.0021983167332670552, -0.0008186572209870456]","[-0.002462925185025132, -0.000592278937455036]",321
Shanghai,household_1,s9,nll_clipped,-0.0020766609909822,"[-0.002986564147723021, -0.0011662585609211122]","[-0.003315173310843077, -0.0008526999022750181]",321
Shanghai,household_1,s9,pt_probability,0.0021887015871924127,"[0.0016907350042315542, 0.0026854615299918934]","[0.001460419597860438, 0.002865914714243316]",321
Shanghai,household_1,s9,response_rain,0.0012608717929722736,"[0.0003691049150519096, 0.0021720262308172716]","[2.954164421986616e-05, 0.0025288997169778415]",321
Shanghai,household_1,s9,response_delay,0.0036096914941183876,"[0.0023862896464994275, 0.004828465410734517]","[0.0018826663163677365, 0.005298779399342381]",321
Shanghai,household_1,s9,response_rain_delay_interaction,-0.008213543181773275,"[-0.00989828313790568, -0.006516790310699911]","[-0.01056315307042125, -0.005865512239599406]",320
Shanghai,household_1,s9,response_fare,0.0015377330469008175,"[0.0009432473176411379, 0.002150962393255063]","[0.0007119115134498041, 0.0024125830868383822]",321
Shanghai,household_1,s9,response_parking,-8.401482415347828e-05,"[-0.0005838895750426428, 0.0004316803857080661]","[-0.0007915332002022718, 0.0006295336839435418]",321
Shanghai,household_1,s9,response_road,8.358614304541055e-05,"[-0.00043982283801211747, 0.0006026892574660689]","[-0.0006675384355370953, 0.0008018038675879519]",321
Shanghai,household_1,s9,response_walk_vs_wait,-0.0006568538839928806,"[-0.0009622889861106469, -0.0003636921949090318]","[-0.001086047463666255, -0.0002435864693143241]",320
Shanghai,household_1,s9,response_transfer_vs_wait,0.0005469869973132172,"[0.0003503016378974246, 0.0007393930571565745]","[0.00027808443461095107, 0.0008190403461769632]",321
Shanghai,household_1,mnl_s,accuracy,-0.0006230529595015574,"[-0.004672897196261684, 0.0034267912772585674]","[-0.0071651090342679125, 0.004672897196261682]",321
Shanghai,household_1,mnl_s,brier,0.004395222163745813,"[0.0025377603363537305, 0.006299854997883674]","[0.0018628393990412328, 0.007010708693088868]",321
Shanghai,household_1,mnl_s,nll_clipped,0.006316106121818497,"[0.003675528108289652, 0.00899115531300684]","[0.0026773387089305658, 0.010070184713557853]",321
Shanghai,household_1,mnl_s,pt_probability,-0.012972902273850626,"[-0.013937275235543237, -0.012080213010445758]","[-0.014282506909509744, -0.011731960120258325]",321
Shanghai,household_1,mnl_s,response_rain,0.0028921249303470327,"[0.0024358245128957667, 0.0033390913668388806]","[0.0022717436564537816, 0.003485025148030279]",321
Shanghai,household_1,mnl_s,response_delay,-0.0018573120099665157,"[-0.002426637588274156, -0.0012667735425516084]","[-0.0026188335919912643, -0.001017250004366414]",321
Shanghai,household_1,mnl_s,response_rain_delay_interaction,-0.00025310997714611755,"[-0.0006468226323887513, 0.000107100771109819]","[-0.0008196186509267221, 0.00023355145668766465]",320
Shanghai,household_1,mnl_s,response_fare,9.350126259996337e-05,"[6.667873337250748e-05, 0.00012087154708275455]","[5.6713862237480854e-05, 0.00013256533343754883]",321
Shanghai,household_1,mnl_s,response_parking,5.4318328935588034e-05,"[-0.00017280351240163015, 0.0002806240627457188]","[-0.00026976040426284186, 0.0003760349720006102]",321
Shanghai,household_1,mnl_s,response_road,0.0001469114388207408,"[-9.184901303059373e-05, 0.00038741410349583635]","[-0.00019804308513517253, 0.0004898042763531588]",321
Shanghai,household_1,mnl_s,response_walk_vs_wait,-0.0017196596513555057,"[-0.0021579047319872113, -0.00127700326455797]","[-0.002306306931914075, -0.0010907360242705941]",320
Shanghai,household_1,mnl_s,response_transfer_vs_wait,0.0059686680337235655,"[0.005555833131760219, 0.00637812263048006]","[0.0053802532377701445, 0.006543246548508525]",321
Shanghai,household_1,soft_kl_seed42,accuracy,0.004049844236760125,"[0.001557632398753894, 0.006853582554517135]","[0.0006230529595015578, 0.00778816199376947]",321
Shanghai,household_1,soft_kl_seed42,brier,-0.0020473325322012095,"[-0.0029185373407121526, -0.0011631038128249302]","[-0.0032848340443979284, -0.0007926527874696922]",321
Shanghai,household_1,soft_kl_seed42,nll_clipped,-0.002874320303090304,"[-0.004019777469211082, -0.0016701548293761512]","[-0.00453181050823406, -0.001193893365366442]",321
Shanghai,household_1,soft_kl_seed42,pt_probability,-0.001403264660457863,"[-0.0022160574163794743, -0.0005955087380974076]","[-0.002543927586729554, -0.0002769020605144016]",321
Shanghai,household_1,soft_kl_seed42,response_rain,0.0030673879236447106,"[0.00243632464185125, 0.0037171311572054837]","[0.0022034464109503315, 0.003991800783973803]",321
Shanghai,household_1,soft_kl_seed42,response_delay,-0.00011545644835148273,"[-0.0007506387627384745, 0.0005183913840729498]","[-0.0010443985261997886, 0.0008152363648510447]",321
Shanghai,household_1,soft_kl_seed42,response_rain_delay_interaction,-0.0002088298322632909,"[-0.0009488010351789887, 0.0005307816352960172]","[-0.0012441458173270805, 0.0008313903950642194]",320
Shanghai,household_1,soft_kl_seed42,response_fare,0.00020585067546998972,"[-0.00024975872833595095, 0.0006775058005179197]","[-0.0004463882542380663, 0.0008475647319537621]",321
Shanghai,household_1,soft_kl_seed42,response_parking,-0.003478977864033708,"[-0.004358827882095289, -0.002644466802570679]","[-0.004715797082140949, -0.002326022685473537]",321
Shanghai,household_1,soft_kl_seed42,response_road,-0.0024400735012838773,"[-0.0030183839800294685, -0.001881207618572259]","[-0.003262873008307592, -0.0016566943262654405]",321
Shanghai,household_1,soft_kl_seed42,response_walk_vs_wait,0.0006144768092781305,"[0.000483861061099181, 0.0007456872705299022]","[0.0004369568134835019, 0.0008028721729591933]",320
Shanghai,household_1,soft_kl_seed42,response_transfer_vs_wait,0.0009798199472211974,"[0.00028497096313587233, 0.0016957354589693266]","[5.307506042390459e-05, 0.0020023320570176054]",321
Shanghai,household_1,soft_kl_seed2026,accuracy,0.0034267912772585674,"[-3.4586387059973723e-19, 0.0071651090342679125]","[-0.0017922507788161984, 0.008411214953271028]",321
Shanghai,household_1,soft_kl_seed2026,brier,-0.004709673600007166,"[-0.006213344109769145, -0.003259147340326248]","[-0.006775528827396917, -0.0026544710949882745]",321
Shanghai,household_1,soft_kl_seed2026,nll_clipped,-0.006889424215489597,"[-0.008971759850354026, -0.004880945860674813]","[-0.009759502948499739, -0.0039920931064678184]",321
Shanghai,household_1,soft_kl_seed2026,pt_probability,0.009881969262784887,"[0.008901915573369933, 0.010844458980192763]","[0.00854336315881123, 0.011215097546828414]",321
Shanghai,household_1,soft_kl_seed2026,response_rain,-0.003943049021042025,"[-0.004927823289857475, -0.002968793056000059]","[-0.005327668180979348, -0.002578762052450165]",321
Shanghai,household_1,soft_kl_seed2026,response_delay,-0.0005463298085229791,"[-0.002029664014144061, 0.000881861946240903]","[-0.0025614563397652647, 0.001517958457602003]",321
Shanghai,household_1,soft_kl_seed2026,response_rain_delay_interaction,-0.004633265972370282,"[-0.005805192362409951, -0.0034793667579991814]","[-0.006250660886402581, -0.003047697948139411]",320
Shanghai,household_1,soft_kl_seed2026,response_fare,-0.0006770476048980547,"[-0.0011877833752431603, -0.0001914503064435962]","[-0.0014176002560717248, 1.4051813356616108e-05]",321
Shanghai,household_1,soft_kl_seed2026,response_parking,0.000378164639725492,"[-0.00035279985993079307, 0.0011482944926740225]","[-0.0006404989680443597, 0.0014875370066183558]",321
Shanghai,household_1,soft_kl_seed2026,response_road,0.0021165888814539922,"[0.0012683978310069563, 0.0030307765260942257]","[0.000919130508210568, 0.0034329573435250447]",321
Shanghai,household_1,soft_kl_seed2026,response_walk_vs_wait,-0.00015250513097271324,"[-0.0008960300302071027, 0.0005472867464729403]","[-0.0012053660459558548, 0.0008340614970074893]",320
Shanghai,household_1,soft_kl_seed2026,response_transfer_vs_wait,-0.0014932630032393791,"[-0.001851857295172794, -0.0011325263183250608]","[-0.0019995482312080183, -0.0009878880054199676]",321
Shanghai,household_1,soft_kl_seed7,accuracy,0.003115264797507788,"[-2.593979029498029e-19, 0.0065420560747663555]","[-0.0012461059190031155, 0.00809968847352025]",321
Shanghai,household_1,soft_kl_seed7,brier,-0.002568865507227019,"[-0.0036834542965711, -0.0014710297628725362]","[-0.004116477984559081, -0.0010164324982430072]",321
Shanghai,household_1,soft_kl_seed7,nll_clipped,-0.0028563306505685147,"[-0.004138919419152233, -0.0015789007946084206]","[-0.004672114312606899, -0.0010412526485889864]",321
Shanghai,household_1,soft_kl_seed7,pt_probability,0.004893151358512703,"[0.004244366298078608, 0.005537880540410539]","[0.004000955607645603, 0.005784811729183011]",321
Shanghai,household_1,soft_kl_seed7,response_rain,-0.004237286769712454,"[-0.00481833630354605, -0.003667116348524331]","[-0.005094680336892976, -0.003424539601262023]",321
Shanghai,household_1,soft_kl_seed7,response_delay,-0.0010826194026388484,"[-0.0016727764542414762, -0.0004976527814715637]","[-0.0019117076208849794, -0.00027934137207377734]",321
Shanghai,household_1,soft_kl_seed7,response_rain_delay_interaction,0.00015845459420233966,"[-0.0005273436460159096, 0.0008375318330945446]","[-0.0007937274293452697, 0.0011193006872446017]",320
Shanghai,household_1,soft_kl_seed7,response_fare,0.002124621767864049,"[0.0016350260137861763, 0.00261867995202727]","[0.0014599022394585833, 0.0028454419096345723]",321
Shanghai,household_1,soft_kl_seed7,response_parking,-0.0004869939010834025,"[-0.001002421804538397, 1.6269506741535424e-05]","[-0.0011787821653348356, 0.0001967077298710743]",321
Shanghai,household_1,soft_kl_seed7,response_road,0.0008238149441291239,"[0.00031235850883235813, 0.0013523811416416153]","[0.00014654696981402293, 0.001575462862695464]",321
Shanghai,household_1,soft_kl_seed7,response_walk_vs_wait,0.0009386464953422546,"[0.0006361681792383641, 0.0012311792482000929]","[0.0005174194445794669, 0.001352220057742667]",320
Shanghai,household_1,soft_kl_seed7,response_transfer_vs_wait,-0.0039644299127231135,"[-0.004706321934650063, -0.0032319110954569137]","[-0.005001395847865981, -0.002955308382550252]",321
Shanghai,household_1,ce_kl_seed42,accuracy,-0.00031152647975077883,"[-0.0034267912772585674, 0.0028037383177570096]","[-0.004672897196261683, 0.004049844236760125]",321
Shanghai,household_1,ce_kl_seed42,brier,0.001440122210413305,"[0.0002518245690258769, 0.002665810020899208]","[-0.00022794076952760883, 0.003151204141244164]",321
Shanghai,household_1,ce_kl_seed42,nll_clipped,0.0023425446126536438,"[0.0005182692239439547, 0.0042914024504151806]","[-0.0002032129745647216, 0.005015548673141513]",321
Shanghai,household_1,ce_kl_seed42,pt_probability,-0.005774597685734779,"[-0.0066183803228003525, -0.004941886132388998]","[-0.007000384997683734, -0.004586483563401082]",321
Shanghai,household_1,ce_kl_seed42,response_rain,0.009949999817899454,"[0.008707387391419798, 0.01125027691086644]","[0.008234316820272961, 0.011815418965818584]",321
Shanghai,household_1,ce_kl_seed42,response_delay,0.0014519431393280207,"[0.0005143022431623527, 0.002399850802966089]","[0.00015430946191018476, 0.0027587326593491047]",321
Shanghai,household_1,ce_kl_seed42,response_rain_delay_interaction,-0.0008073632954619825,"[-0.0019050047388387884, 0.00026708652361113317]","[-0.0024099903543509616, 0.0006778872126633441]",320
Shanghai,household_1,ce_kl_seed42,response_fare,0.0009792428289618447,"[0.0002647875541258267, 0.0017089220080118493]","[-6.0964976887093897e-05, 0.0020073312933475487]",321
Shanghai,household_1,ce_kl_seed42,response_parking,-0.0043438096005597214,"[-0.005555858540804215, -0.003209083500634473]","[-0.006123960149732659, -0.0027740206241584466]",321
Shanghai,household_1,ce_kl_seed42,response_road,-0.0030523212249405286,"[-0.003999970526060211, -0.002159711040231485]","[-0.004422410967690156, -0.0018145309492794848]",321
Shanghai,household_1,ce_kl_seed42,response_walk_vs_wait,-0.000800204451661557,"[-0.000992438415821009, -0.0006115002675401555]","[-0.00106792634062536, -0.000530443819613216]",320
Shanghai,household_1,ce_kl_seed42,response_transfer_vs_wait,0.0017448897557652257,"[0.0005177655428099646, 0.0029906395826752754]","[2.8827154362099858e-05, 0.00347675835684549]",321
Shanghai,household_1,ce_kl_seed2026,accuracy,0.00809968847352025,"[0.004672897196261682, 0.011838006230529595]","[0.0034267912772585666, 0.013395638629283491]",321
Shanghai,household_1,ce_kl_seed2026,brier,-0.008067111322967833,"[-0.009200748336121738, -0.006937766331032153]","[-0.009627309060743409, -0.006514402735152115]",321
Shanghai,household_1,ce_kl_seed2026,nll_clipped,-0.01086251922505029,"[-0.012586287200467644, -0.00922715964756949]","[-0.013174111128421144, -0.008648451125399727]",321
Shanghai,household_1,ce_kl_seed2026,pt_probability,0.009280647955852275,"[0.008678754288166458, 0.009900784014780048]","[0.008460528112149535, 0.010131186983253259]",321
Shanghai,household_1,ce_kl_seed2026,response_rain,-0.00103932186218437,"[-0.0017287968051535691, -0.00033251768807848677]","[-0.0020511736777085936, -7.241921553047292e-05]",321
Shanghai,household_1,ce_kl_seed2026,response_delay,-1.3035183882694749e-05,"[-0.0011736746203601129, 0.001135636198245905]","[-0.0016151781222109199, 0.0015746192539386674]",321
Shanghai,household_1,ce_kl_seed2026,response_rain_delay_interaction,-0.0007786882852087729,"[-0.0014563927291755862, -0.00010428612797113617]","[-0.0017489237808170023, 0.00015089860433363303]",320
Shanghai,household_1,ce_kl_seed2026,response_fare,-0.00038440957247653856,"[-0.0007748648915962081, 5.516102044288811e-06]","[-0.000942307868878128, 0.00015459225242493263]",321
Shanghai,household_1,ce_kl_seed2026,response_parking,-0.00018143839553880542,"[-0.0009552912896852999, 0.000605437737480502]","[-0.0012492002460908296, 0.0009359777310276963]",321
Shanghai,household_1,ce_kl_seed2026,response_road,0.0024216521380475003,"[0.0016932386475560079, 0.003210746508521083]","[0.001444913168521917, 0.0035268371843521044]",321
Shanghai,household_1,ce_kl_seed2026,response_walk_vs_wait,0.0005806185188703239,"[7.251874441863038e-05, 0.001069912538541672]","[-0.0001361522752489906, 0.001246629613415279]",320
Shanghai,household_1,ce_kl_seed2026,response_transfer_vs_wait,0.0004781217566717451,"[-0.00010942985489384221, 0.001045511332064913]","[-0.0003445952374929115, 0.001275705284423794]",321
Shanghai,household_1,ce_kl_seed7,accuracy,0.00031152647975077883,"[-0.003115264797507789, 0.0037383177570093464]","[-0.004672897196261682, 0.004984423676012462]",321
Shanghai,household_1,ce_kl_seed7,brier,-0.0016541423594258718,"[-0.0028281185066376642, -0.00047316142177086193]","[-0.0032677449276047785, 4.1603434163112554e-05]",321
Shanghai,household_1,ce_kl_seed7,nll_clipped,-0.0019282869089854442,"[-0.003490811075633046, -0.0003701129917855991]","[-0.00401920126676131, 0.0002756369076141771]",321
Shanghai,household_1,ce_kl_seed7,pt_probability,0.0067365070128946845,"[0.006079559690250822, 0.007398099745145051]","[0.0058436428082207816, 0.0076767518693045145]",321
Shanghai,household_1,ce_kl_seed7,response_rain,-0.006362321847510115,"[-0.007085882006009976, -0.00562173274702558]","[-0.007348675777442242, -0.005360337992407661]",321
Shanghai,household_1,ce_kl_seed7,response_delay,0.0002516564968219056,"[-0.000579278598281314, 0.0010733737647997627]","[-0.0009250525501012698, 0.0013855993079501727]",321
Shanghai,household_1,ce_kl_seed7,response_rain_delay_interaction,-0.0006272386235650629,"[-0.0016260348994879999, 0.0003596651945205115]","[-0.0020242956273796154, 0.0007386618499612911]",320
Shanghai,household_1,ce_kl_seed7,response_fare,0.0015335262889431274,"[0.0008857790572203208, 0.0022228091653448026]","[0.0006334384688614314, 0.0024708862175636935]",321
Shanghai,household_1,ce_kl_seed7,response_parking,0.0009848154222482461,"[0.00020676393038665766, 0.0017826121393301035]","[-6.026848693700315e-05, 0.00211952532571958]",321
Shanghai,household_1,ce_kl_seed7,response_road,0.0029854768962596437,"[0.0021171176439075735, 0.003926304979917136]","[0.0017848594568240402, 0.004327404496297702]",321
Shanghai,household_1,ce_kl_seed7,response_walk_vs_wait,0.002232366625685245,"[0.0016815987774026783, 0.002776492489607666]","[0.0014583318762489972, 0.003002183521649012]",320
Shanghai,household_1,ce_kl_seed7,response_transfer_vs_wait,-0.009577287012867839,"[-0.010530236680597369, -0.008630655240702714]","[-0.010909306691202257, -0.0082653429239609]",321
Shanghai,household_1,signed_l1_seed42,accuracy,8.646596764993431e-20,"[-0.0018691588785046732, 0.0018691588785046732]","[-0.002726830218068535, 0.002726830218068309]",321
Shanghai,household_1,signed_l1_seed42,brier,-0.0015321196638933253,"[-0.002224767407795669, -0.0008260761526703222]","[-0.0025092957090074846, -0.0005345673251402162]",321
Shanghai,household_1,signed_l1_seed42,nll_clipped,-0.0021348482592227365,"[-0.0030803694348393407, -0.0011560066542888783]","[-0.00347585608129294, -0.0007435784352103437]",321
Shanghai,household_1,signed_l1_seed42,pt_probability,-0.0010250950865360482,"[-0.001680990293044655, -0.00037735768345785215]","[-0.0019410207460921279, -0.00010700535951995738]",321
Shanghai,household_1,signed_l1_seed42,response_rain,0.00385489962368368,"[0.003231983316186061, 0.004506858945403515]","[0.0030034444277462, 0.004755891826311328]",321
Shanghai,household_1,signed_l1_seed42,response_delay,-0.0008926999021170666,"[-0.001479250796696293, -0.00031729902770381927]","[-0.0017130642804401314, -5.0811972788239846e-05]",321
Shanghai,household_1,signed_l1_seed42,response_rain_delay_interaction,-0.0004611730109900236,"[-0.0012048047401498412, 0.00028552090398179414]","[-0.0015469268169019594, 0.000554497427656315]",320
Shanghai,household_1,signed_l1_seed42,response_fare,0.0004357531713176739,"[3.2835652198746954e-05, 0.000850413551675939]","[-0.000136272195506133, 0.001022440886757455]",321
Shanghai,household_1,signed_l1_seed42,response_parking,-0.002853856279842579,"[-0.0035889725691154364, -0.002160110867747637]","[-0.0038930762344478076, -0.0019040126299827926]",321
Shanghai,household_1,signed_l1_seed42,response_road,-0.0018057010812551433,"[-0.0023204884796499095, -0.0013189384626729468]","[-0.0025408145608931685, -0.0011386883913646708]",321
Shanghai,household_1,signed_l1_seed42,response_walk_vs_wait,-0.00019354862160980701,"[-0.0002836184273473918, -0.00010407263143017284]","[-0.00032056115821912023, -7.181703289773111e-05]",320
Shanghai,household_1,signed_l1_seed42,response_transfer_vs_wait,0.0003889682920318898,"[-0.0003250635551097237, 0.0011429695943457499]","[-0.0005849417625611642, 0.0014598667150511279]",321
Shanghai,household_1,signed_l1_seed2026,accuracy,-0.0018691588785046728,"[-0.006542056074766354, 0.0024922118380062306]","[-0.008645833333333332, 0.004049844236760126]",321
Shanghai,household_1,signed_l1_seed2026,brier,-0.0030211826602342083,"[-0.0045411089924109, -0.0015480501073719454]","[-0.005038165458356494, -0.0010263728967125027]",321
Shanghai,household_1,signed_l1_seed2026,nll_clipped,-0.004433331198584941,"[-0.006525897269772649, -0.0024060406930260817]","[-0.007298454267661952, -0.0016237236501474373]",321
Shanghai,household_1,signed_l1_seed2026,pt_probability,0.009125251296872848,"[0.00803570881285748, 0.010242616044606932]","[0.00761523253255563, 0.010668154028750229]",321
Shanghai,household_1,signed_l1_seed2026,response_rain,-0.0017661228775978088,"[-0.0027213589923682615, -0.0008018830210852475]","[-0.0031262265806988668, -0.0003959762235679859]",321
Shanghai,household_1,signed_l1_seed2026,response_delay,-0.0008129267213500548,"[-0.0022053925976203608, 0.0005602046612336806]","[-0.00275974751354378, 0.0011336982547961222]",321
Shanghai,household_1,signed_l1_seed2026,response_rain_delay_interaction,-0.004196044406853616,"[-0.00532243619847577, -0.003071332343019338]","[-0.00576091628366972, -0.0026404733046001805]",320
Shanghai,household_1,signed_l1_seed2026,response_fare,-2.2362372214177686e-05,"[-0.0005252240295304316, 0.00048389564329218604]","[-0.0007048337815352643, 0.0006759570375508441]",321
Shanghai,household_1,signed_l1_seed2026,response_parking,0.00039211249797143667,"[-0.0003766915113940788, 0.001179557629045667]","[-0.0007017547737609745, 0.0015061836633134755]",321
Shanghai,household_1,signed_l1_seed2026,response_road,0.0035756102464280766,"[0.002571050697978226, 0.004661076838539396]","[0.0021709286346683434, 0.005095074931304678]",321
Shanghai,household_1,signed_l1_seed2026,response_walk_vs_wait,-0.0008403811836615205,"[-0.00161610008450225, -9.956506321734732e-05]","[-0.001938539639189249, 0.00023945917368109693]",320
Shanghai,household_1,signed_l1_seed2026,response_transfer_vs_wait,-0.003687020727778521,"[-0.004089707598043751, -0.003290163606080311]","[-0.004272139553383944, -0.0031367905306661768]",321
Shanghai,household_1,signed_l1_seed7,accuracy,0.005607476635514019,"[0.0015576323987538934, 0.009665109034267802]","[-0.0003115264797507787, 0.011838006230529595]",321
Shanghai,household_1,signed_l1_seed7,brier,-0.002762132359751479,"[-0.003847260185196281, -0.0016588143866659252]","[-0.004297938179341814, -0.0012409720234288057]",321
Shanghai,household_1,signed_l1_seed7,nll_clipped,-0.003045990019737499,"[-0.004317005644159416, -0.0017554603174088305]","[-0.004840181303668247, -0.0013110412284430505]",321
Shanghai,household_1,signed_l1_seed7,pt_probability,0.005287258887541628,"[0.004641366101702751, 0.00593029569222293]","[0.004386142282757612, 0.006188464835362299]",321
Shanghai,household_1,signed_l1_seed7,response_rain,-0.003775131340338805,"[-0.0044111603517027285, -0.003153214976191521]","[-0.004650560701904221, -0.002907495415911687]",321
Shanghai,household_1,signed_l1_seed7,response_delay,0.00033044747752935345,"[-0.0002570865159372674, 0.0009156023973245115]","[-0.0004971487983637648, 0.0011526828553785784]",321
Shanghai,household_1,signed_l1_seed7,response_rain_delay_interaction,-0.0010311736026778818,"[-0.0017119695131054226, -0.0003568023869715563]","[-0.001984996492992386, -0.00010565442704860864]",320
Shanghai,household_1,signed_l1_seed7,response_fare,0.002237161743306668,"[0.001775033855549643, 0.00269981204790304]","[0.0016116453233143064, 0.0028797494951124966]",321
Shanghai,household_1,signed_l1_seed7,response_parking,0.0005267284740911466,"[0.00010513155677608241, 0.0009669683061284811]","[-4.726309616501643e-05, 0.0011431312374190355]",321
Shanghai,household_1,signed_l1_seed7,response_road,0.0010645896474891733,"[0.000562398978784634, 0.0016036705314138226]","[0.0003881995400814253, 0.0018316560725150505]",321
Shanghai,household_1,signed_l1_seed7,response_walk_vs_wait,0.0014357672771438956,"[0.0011175901841045772, 0.0017534752059989024]","[0.0009907227473908665, 0.0018833069888939925]",320
Shanghai,household_1,signed_l1_seed7,response_transfer_vs_wait,-0.003531287253088669,"[-0.00415627106768877, -0.0029094471802174862]","[-0.004417628156328777, -0.0026749142631308153]",321
Shanghai,household_1,direction_magnitude_seed42,accuracy,0.0018691588785046732,"[-0.0006230529595015577, 0.004672897196261682]","[-0.001557632398753894, 0.005919003115264798]",321
Shanghai,household_1,direction_magnitude_seed42,brier,-0.0015893361541541922,"[-0.0022966067963072754, -0.0008742910625631256]","[-0.0025778707502320296, -0.0005753412283520265]",321
Shanghai,household_1,direction_magnitude_seed42,nll_clipped,-0.002217624416338607,"[-0.003146008394378378, -0.0012681857968109079]","[-0.0035136598007712385, -0.0008850843071445862]",321
Shanghai,household_1,direction_magnitude_seed42,pt_probability,-0.0013254882921566286,"[-0.00197648591232106, -0.000672744825791359]","[-0.002248516965723115, -0.0004314010049872224]",321
Shanghai,household_1,direction_magnitude_seed42,response_rain,0.004040845782957344,"[0.0034487981894677304, 0.004664329308262123]","[0.0032132256903752363, 0.004940023048667707]",321
Shanghai,household_1,direction_magnitude_seed42,response_delay,-0.00014506881574975368,"[-0.0007365744595772751, 0.0004382655256633816]","[-0.0009571015570063225, 0.0006818124407908161]",321
Shanghai,household_1,direction_magnitude_seed42,response_rain_delay_interaction,1.560896635055542e-05,"[-0.0007356558262836188, 0.0007705939823626586]","[-0.0010186465707374736, 0.0010610898290804326]",320
Shanghai,household_1,direction_magnitude_seed42,response_fare,0.0007409806656317547,"[0.00028897851844814337, 0.0011963456323677876]","[9.913559512719746e-05, 0.0013930628138573973]",321
Shanghai,household_1,direction_magnitude_seed42,response_parking,-0.0030295803353793897,"[-0.003787007015720706, -0.0023107730977910334]","[-0.004048864136093131, -0.002036474808191771]",321
Shanghai,household_1,direction_magnitude_seed42,response_road,-0.0016808755858293575,"[-0.00219502735685708, -0.0011948880458082366]","[-0.0024176442965203634, -0.0010162931611628]",321
Shanghai,household_1,direction_magnitude_seed42,response_walk_vs_wait,0.0006003390531986952,"[0.0004668356051285551, 0.0007377464873563916]","[0.0004109871658402798, 0.000787612948159834]",320
Shanghai,household_1,direction_magnitude_seed42,response_transfer_vs_wait,0.0010221839775084707,"[0.00041279324832317247, 0.0016561524352099383]","[0.00019185823659308116, 0.001939212433385256]",321
Shanghai,household_1,direction_magnitude_seed2026,accuracy,0.005607476635514019,"[0.0009345794392523359, 0.010280373831775701]","[-0.0012461059190031147, 0.012461059190031152]",321
Shanghai,household_1,direction_magnitude_seed2026,brier,-0.004947710621578261,"[-0.006603546474811271, -0.0033194025542328275]","[-0.007163171330824405, -0.0026354586216302467]",321
Shanghai,household_1,direction_magnitude_seed2026,nll_clipped,-0.0070609868984147705,"[-0.009299431410310094, -0.004850601456137847]","[-0.010026091460561508, -0.003995850987030033]",321
Shanghai,household_1,direction_magnitude_seed2026,pt_probability,0.011883338568645102,"[0.010757917799563307, 0.013017369663630063]","[0.01038294234078608, 0.013487026698800664]",321
Shanghai,household_1,direction_magnitude_seed2026,response_rain,-0.0033978423179124376,"[-0.004426444973506474, -0.0023830962985336226]","[-0.00486752313084471, -0.002012030194829754]",321
Shanghai,household_1,direction_magnitude_seed2026,response_delay,0.0011256471902967614,"[-0.0005503909618846167, 0.0027486363866850968]","[-0.0011856655221406337, 0.003378977659492057]",321
Shanghai,household_1,direction_magnitude_seed2026,response_rain_delay_interaction,-0.003798407147405669,"[-0.004977241561768397, -0.0026434338779179937]","[-0.005422534221863502, -0.002182236287998173]",320
Shanghai,household_1,direction_magnitude_seed2026,response_fare,-1.859748474905424e-05,"[-0.0005810360107977071, 0.0005336769760769103]","[-0.0008061284688228852, 0.0007633515784511096]",321
Shanghai,household_1,direction_magnitude_seed2026,response_parking,0.00032587247288487037,"[-0.0005748099220968853, 0.0012489570194501368]","[-0.0009296746332650987, 0.001687734870448986]",321
Shanghai,household_1,direction_magnitude_seed2026,response_road,0.003125205543182349,"[0.002085514977063717, 0.0042423169305577085]","[0.0016589631683358523, 0.004742393323664211]",321
Shanghai,household_1,direction_magnitude_seed2026,response_walk_vs_wait,-9.672802407294512e-05,"[-0.0010040837314479081, 0.0007594421943491891]","[-0.0013732573147791298, 0.0010974157007200467]",320
Shanghai,household_1,direction_magnitude_seed2026,response_transfer_vs_wait,-0.0034325268363284175,"[-0.003986941275659752, -0.002864968440730438]","[-0.0042262635316345784, -0.002617733960831975]",321
Shanghai,household_1,direction_magnitude_seed7,accuracy,0.002180685358255452,"[-0.0015576323987538947, 0.006230529595015575]","[-0.0033498831775700924, 0.00778816199376947]",321
Shanghai,household_1,direction_magnitude_seed7,brier,-0.0023519080009044135,"[-0.0034691614848234077, -0.0012368043418885828]","[-0.0039410919243399916, -0.0008274154800916403]",321
Shanghai,household_1,direction_magnitude_seed7,nll_clipped,-0.00243391536151756,"[-0.0037479686475107707, -0.0011292282020800995]","[-0.004261716002566537, -0.0006589269875276562]",321
Shanghai,household_1,direction_magnitude_seed7,pt_probability,0.004849881780945995,"[0.004178105035239709, 0.005510282639466296]","[0.003915822937253376, 0.005791339648936835]",321
Shanghai,household_1,direction_magnitude_seed7,response_rain,-0.0036607155825861518,"[-0.004262601776843502, -0.0030729003970125382]","[-0.0045102110062943445, -0.0028441470392001943]",321
Shanghai,household_1,direction_magnitude_seed7,response_delay,0.00024263444719284865,"[-0.00035055174588043, 0.0008284984023028811]","[-0.0005815188021100245, 0.0010799975285300757]",321
Shanghai,household_1,direction_magnitude_seed7,response_rain_delay_interaction,-0.00030712176812812685,"[-0.0009340387037530906, 0.0003161018799988239]","[-0.0011640182450033633, 0.0005498613569579795]",320
Shanghai,household_1,direction_magnitude_seed7,response_fare,0.001517264038974251,"[0.001103263881022685, 0.0019281645975658826]","[0.0009319652269399984, 0.002093649684593682]",321
Shanghai,household_1,direction_magnitude_seed7,response_parking,0.0003098161235405277,"[-0.00010565466296821367, 0.000742806527891263]","[-0.0002797579919379727, 0.0009054725835929592]",321
Shanghai,household_1,direction_magnitude_seed7,response_road,0.0014049076588354378,"[0.000880745730458576, 0.0019729926126118387]","[0.0007088186996162078, 0.0021880909245652713]",321
Shanghai,household_1,direction_magnitude_seed7,response_walk_vs_wait,0.0017212878679856657,"[0.0013975845692780326, 0.0020407033903301623]","[0.0012616033707727036, 0.00217789576565241]",320
Shanghai,household_1,direction_magnitude_seed7,response_transfer_vs_wait,-0.0019489186366213444,"[-0.002417160120917444, -0.0014730032066295267]","[-0.0026079281318477266, -0.001284632317916233]",321
Shanghai,household_4,s9,accuracy,-0.0006230529595015578,"[-0.004361370716510903, 0.003115264797507788]","[-0.005607476635514019, 0.004595989096572982]",321
Shanghai,household_4,s9,brier,0.0033563449824328784,"[0.002156018271270126, 0.004629478423419678]","[0.0016633396103784253, 0.00510156816662755]",321
Shanghai,household_4,s9,nll_clipped,0.004569480438242771,"[0.0029536056468695135, 0.006254972005212146]","[0.002341989477268517, 0.006907274741399273]",321
Shanghai,household_4,s9,pt_probability,-0.0036836377669972977,"[-0.004674722266490817, -0.00268926283035999]","[-0.005080125247023769, -0.002214978848101836]",321
Shanghai,household_4,s9,response_rain,-0.002915428655448361,"[-0.004695287314345161, -0.0011680637030772334]","[-0.005341518376779821, -0.00048854068176229]",321
Shanghai,household_4,s9,response_delay,-0.006054213488143738,"[-0.008282760497526414, -0.0037761008934149784]","[-0.009207173368613044, -0.0028975824759868733]",321
Shanghai,household_4,s9,response_rain_delay_interaction,0.013955002042348497,"[0.011028965594779828, 0.016764411552155772]","[0.010112371665074392, 0.017971819994898237]",320
Shanghai,household_4,s9,response_fare,-0.0032110008704142406,"[-0.0043299045619726, -0.0021436521261234158]","[-0.004752670051682323, -0.001742592955594216]",321
Shanghai,household_4,s9,response_parking,0.00010507968123828139,"[-0.0008109489226615131, 0.0009961150287769469]","[-0.0011845813024023146, 0.0013438344004671335]",321
Shanghai,household_4,s9,response_road,0.0005474508771922358,"[-0.0003905496356944985, 0.0015215598912822585]","[-0.0007801207577602247, 0.0019042625430698646]",321
Shanghai,household_4,s9,response_walk_vs_wait,0.0020083318755496292,"[0.0014318945498962422, 0.0026059139643114814]","[0.0011896597478876188, 0.0028752306781846134]",320
Shanghai,household_4,s9,response_transfer_vs_wait,-0.0010326113493828758,"[-0.0014134546115158874, -0.0006535274992084763]","[-0.001566639705851233, -0.0005147916505641296]",321
Shanghai,household_4,mnl_s,accuracy,0.004049844236760126,"[-0.001557632398753894, 0.009657320872274146]","[-0.004049844236760125, 0.012072624610591673]",321
Shanghai,household_4,mnl_s,brier,-0.0058518483631924256,"[-0.00954967534045386, -0.0022802988581670162]","[-0.010908661561946205, -0.0009609336337647076]",321
Shanghai,household_4,mnl_s,nll_clipped,-0.008044518904860975,"[-0.013252928787618667, -0.002860131844812252]","[-0.015397472562559337, -0.0008869516680506648]",321
Shanghai,household_4,mnl_s,pt_probability,0.024577773109875353,"[0.02280137753588701, 0.026489018895156275]","[0.02209826461507604, 0.027221510003134095]",321
Shanghai,household_4,mnl_s,response_rain,-0.005756797342078633,"[-0.006595974658443067, -0.004906847738586603]","[-0.0068556528993981986, -0.004600583220779543]",321
Shanghai,household_4,mnl_s,response_delay,0.0037637675773261347,"[0.0026312495985481303, 0.00487072047262194]","[0.002156018259409555, 0.005234363575240898]",321
Shanghai,household_4,mnl_s,response_rain_delay_interaction,0.00034330039042247234,"[-0.0003864977997132716, 0.0011506813792653788]","[-0.0006451410885736438, 0.0015165567453671147]",320
Shanghai,household_4,mnl_s,response_fare,-0.00016992268671950353,"[-0.00022282489177220054, -0.00011746317175909581]","[-0.00024664305057335307, -9.836377046006832e-05]",321
Shanghai,household_4,mnl_s,response_parking,4.4487555964098926e-05,"[-0.00042633253487478354, 0.0005270888610217732]","[-0.0006368887758552408, 0.0007289307219047941]",321
Shanghai,household_4,mnl_s,response_road,-0.00011474166965397448,"[-0.0006087792551587342, 0.0003874724494754148]","[-0.000829743363560766, 0.0005943880265783621]",321
Shanghai,household_4,mnl_s,response_walk_vs_wait,0.00347313235713939,"[0.002621365222729011, 0.004313987813449082]","[0.002250094208659442, 0.004596007584407528]",320
Shanghai,household_4,mnl_s,response_transfer_vs_wait,-0.011667179481253046,"[-0.012486299878725005, -0.010839141541142005]","[-0.012839123653037963, -0.01051958178057226]",321
Shanghai,household_4,soft_kl_seed42,accuracy,-0.0018691588785046728,"[-0.005919003115264797, 0.0021806853582554517]","[-0.007476635514018691, 0.0037383177570093464]",321
Shanghai,household_4,soft_kl_seed42,brier,0.003530013722240825,"[0.0019034563135136347, 0.005132959834031137]","[0.0012293469425615263, 0.005779907745592238]",321
Shanghai,household_4,soft_kl_seed42,nll_clipped,0.004730532927222917,"[0.0025521075819510504, 0.006845758037718549]","[0.0015915949341474252, 0.0077568392485427825]",321
Shanghai,household_4,soft_kl_seed42,pt_probability,0.0017976404489757857,"[0.00031127238356018033, 0.003290073302490316]","[-0.00021551412157786882, 0.003924134361022359]",321
Shanghai,household_4,soft_kl_seed42,response_rain,-0.007395103295272756,"[-0.00879508942435278, -0.006027932212081655]","[-0.00935242892332909, -0.0054927373956308685]",321
Shanghai,household_4,soft_kl_seed42,response_delay,-0.0007578335772050875,"[-0.0020566673282058066, 0.0005626432452571339]","[-0.002551633633261204, 0.0010281659462532701]",321
Shanghai,household_4,soft_kl_seed42,response_rain_delay_interaction,0.001293221372179687,"[9.860526738156893e-06, 0.0025737398953903806]","[-0.0004970719665266258, 0.0030684491794997267]",320
Shanghai,household_4,soft_kl_seed42,response_fare,-0.0009265519284013648,"[-0.0019336514906069943, 7.149179776509584e-05]","[-0.002315393137104368, 0.00047644483566724587]",321
Shanghai,household_4,soft_kl_seed42,response_parking,0.006514031846203908,"[0.005059591612294084, 0.008084040856992715]","[0.004463414009225285, 0.008629044128518042]",321
Shanghai,household_4,soft_kl_seed42,response_road,0.00484699089764806,"[0.0037302097125773864, 0.00604528604638168]","[0.0032844674135224655, 0.006478398415112049]",321
Shanghai,household_4,soft_kl_seed42,response_walk_vs_wait,-0.0008700056932866573,"[-0.0011033602521738743, -0.0006388872757088396]","[-0.00120364960507843, -0.0005475436811331033]",320
Shanghai,household_4,soft_kl_seed42,response_transfer_vs_wait,-0.0015552416559877426,"[-0.0029006076376084412, -0.00030573526095610564]","[-0.003507237690696754, 0.00014415671479542898]",321
Shanghai,household_4,soft_kl_seed2026,accuracy,0.002492211838006231,"[-0.0018691588785046732, 0.006853582554517136]","[-0.003661409657320872, 0.008722741433021809]",321
Shanghai,household_4,soft_kl_seed2026,brier,0.008061782283021327,"[0.0054364829239518, 0.010737672521050543]","[0.004518282483658567, 0.011687561427020638]",321
Shanghai,household_4,soft_kl_seed2026,nll_clipped,0.012394278397975852,"[0.008683923177913446, 0.016186715962342953]","[0.007345312971730964, 0.017584517125556674]",321
Shanghai,household_4,soft_kl_seed2026,pt_probability,-0.015269346677370347,"[-0.0171327701921363, -0.0134060029239565]","[-0.01789791935389699, -0.012635520411531292]",321
Shanghai,household_4,soft_kl_seed2026,response_rain,0.008511312584453654,"[0.006633591271263789, 0.010401222033199861]","[0.005924222334810297, 0.011152015926571696]",321
Shanghai,household_4,soft_kl_seed2026,response_delay,0.0006933619683126795,"[-0.0018438469984124754, 0.0032788038638208606]","[-0.0028056107104953228, 0.004382646129182986]",321
Shanghai,household_4,soft_kl_seed2026,response_rain_delay_interaction,0.007541410072008148,"[0.00542374580584301, 0.009669049976091118]","[0.004537241565558361, 0.010677432637647059]",320
Shanghai,household_4,soft_kl_seed2026,response_fare,0.0014116385272730176,"[0.0005157925908067889, 0.002315238646791546]","[0.00016183007858124943, 0.0026855542755328823]",321
Shanghai,household_4,soft_kl_seed2026,response_parking,-0.00018706843489055692,"[-0.0015508934809040057, 0.0011182321705550792]","[-0.0021537365615251834, 0.0016090257940494723]",321
Shanghai,household_4,soft_kl_seed2026,response_road,-0.002637417377712571,"[-0.0043985356283707784, -0.0010136457664944303]","[-0.005221988666930303, -0.00039850346543869895]",321
Shanghai,household_4,soft_kl_seed2026,response_walk_vs_wait,0.00028689701575785876,"[-0.0009565480917917086, 0.0016279757960537666]","[-0.0014777376565437302, 0.002196253107002442]",320
Shanghai,household_4,soft_kl_seed2026,response_transfer_vs_wait,0.00452672882800533,"[0.0038350792851217807, 0.005213764379514712]","[0.0035401729731225754, 0.00548146159106697]",321
Shanghai,household_4,soft_kl_seed7,accuracy,-0.0012461059190031158,"[-0.005607476635514019, 0.003115264797507789]","[-0.007476635514018693, 0.004984423676012461]",321
Shanghai,household_4,soft_kl_seed7,brier,0.005693549740902673,"[0.0036007623445423777, 0.007792397809484775]","[0.0027256096496011315, 0.008666850406460374]",321
Shanghai,household_4,soft_kl_seed7,nll_clipped,0.006249961428718373,"[0.0038014474281843885, 0.008710361197685302]","[0.0027285436494616055, 0.009696672365397304]",321
Shanghai,household_4,soft_kl_seed7,pt_probability,-0.009953478535759114,"[-0.011100634628431031, -0.008783518036311012]","[-0.011589397425796675, -0.008302679584166505]",321
Shanghai,household_4,soft_kl_seed7,response_rain,0.007639908971630524,"[0.006474144333201777, 0.008825354716766659]","[0.00600209452075495, 0.009251273356993153]",321
Shanghai,household_4,soft_kl_seed7,response_delay,0.0008571796885160643,"[-0.00023671483092961652, 0.0019456495220462468]","[-0.0006594771098612439, 0.002394787253590001]",321
Shanghai,household_4,soft_kl_seed7,response_rain_delay_interaction,0.0021338852471671998,"[0.0008887821796779349, 0.0033643965587906435]","[0.0004054060627965606, 0.0038445737760209172]",320
Shanghai,household_4,soft_kl_seed7,response_fare,-0.0046754486835634225,"[-0.005614541431546583, -0.0037728237992042325]","[-0.006005281315263465, -0.0034271372968151135]",321
Shanghai,household_4,soft_kl_seed7,response_parking,0.002207811144282142,"[0.0011435407228373292, 0.003318802654928879]","[0.0007070019198552564, 0.0037601193842533064]",321
Shanghai,household_4,soft_kl_seed7,response_road,-0.001609094371305448,"[-0.0026412533805052815, -0.000632095134982439]","[-0.003185586765411417, -0.0002789422411999648]",321
Shanghai,household_4,soft_kl_seed7,response_walk_vs_wait,-0.0017835337202996016,"[-0.0023345981282635367, -0.0012389565886500964]","[-0.0025205637868696887, -0.0009937643235102076]",320
Shanghai,household_4,soft_kl_seed7,response_transfer_vs_wait,0.008232631508806413,"[0.00682051995438393, 0.0096705271621638]","[0.00626574679440311, 0.010237374697011137]",321
Shanghai,household_4,ce_kl_seed42,accuracy,-0.006853582554517135,"[-0.011526479750778817, -0.0024922118380062306]","[-0.013395638629283491, -0.0012461059190031149]",321
Shanghai,household_4,ce_kl_seed42,brier,-0.002715926249903693,"[-0.005196749676722224, -0.00028893391184020724]","[-0.0062612283607529455, 0.0006504252038262195]",321
Shanghai,household_4,ce_kl_seed42,nll_clipped,-0.0041927044085379745,"[-0.007947457465536769, -0.0005812981098077256]","[-0.009702980986403867, 0.0007313195903022281]",321
Shanghai,household_4,ce_kl_seed42,pt_probability,0.009857497895767512,"[0.008175500272563767, 0.011541442837568132]","[0.007538412842243524, 0.012260159001670897]",321
Shanghai,household_4,ce_kl_seed42,response_rain,-0.020031811698482043,"[-0.02278253146856327, -0.01742792753212595]","[-0.02403036323151148, -0.016430052967105254]",321
Shanghai,household_4,ce_kl_seed42,response_delay,-0.0022718076393983076,"[-0.004138657476787812, -0.00038718816177263875]","[-0.004837417383417138, 0.0003555271758573139]",321
Shanghai,household_4,ce_kl_seed42,response_rain_delay_interaction,0.002056103223003447,"[-3.932004508397857e-05, 0.0042215232139584296]","[-0.00089363814699167, 0.005103726663182668]",320
Shanghai,household_4,ce_kl_seed42,response_fare,-0.002040497865818,"[-0.003430356660341362, -0.0006739221330488403]","[-0.00392448129603854, -0.00014919118815743244]",321
Shanghai,household_4,ce_kl_seed42,response_parking,0.008505675465889808,"[0.006377791745640408, 0.010760005288452746]","[0.005636143534679279, 0.011790137253034344]",321
Shanghai,household_4,ce_kl_seed42,response_road,0.00596458750350453,"[0.004324436810366647, 0.007740844473985497]","[0.0037856770379793747, 0.008385846834641377]",321
Shanghai,household_4,ce_kl_seed42,response_walk_vs_wait,0.00108050717972219,"[0.0007513914611837914, 0.0014217785735832465]","[0.0006377193221271286, 0.0015593157183320717]",320
Shanghai,household_4,ce_kl_seed42,response_transfer_vs_wait,-0.0033911603265021264,"[-0.005621702339742449, -0.001220707788322168]","[-0.006559620044175847, -0.0004795437363221922]",321
Shanghai,household_4,ce_kl_seed2026,accuracy,-0.010280373831775701,"[-0.015264797507788162, -0.0052959501557632415]","[-0.017445482866043614, -0.0037383177570093464]",321
Shanghai,household_4,ce_kl_seed2026,brier,0.013796753030101964,"[0.011738402246278052, 0.016006219780826086]","[0.01086977013316392, 0.01693806523827002]",321
Shanghai,household_4,ce_kl_seed2026,nll_clipped,0.019639953098255346,"[0.016328480537565526, 0.023304383783953195]","[0.015081813789676256, 0.024748636531805656]",321
Shanghai,household_4,ce_kl_seed2026,pt_probability,-0.014657667802786021,"[-0.015907657099140642, -0.013466562612378982]","[-0.016376893402975667, -0.013017120843312042]",321
Shanghai,household_4,ce_kl_seed2026,response_rain,0.0018701738680820226,"[0.0006354256341599416, 0.0031073390143543382]","[0.00010693281282586659, 0.0036175474967311385]",321
Shanghai,household_4,ce_kl_seed2026,response_delay,0.00031001621863088134,"[-0.0017048794675017837, 0.0024290838300227244]","[-0.002522465688806764, 0.003326006385344885]",321
Shanghai,household_4,ce_kl_seed2026,response_rain_delay_interaction,0.0017274590660235844,"[0.000636244213137474, 0.0028257362315168987]","[0.00016449175602701872, 0.0032829610604585354]",320
Shanghai,household_4,ce_kl_seed2026,response_fare,0.00042528112497285147,"[-0.00019391432079570687, 0.001051530044966861]","[-0.0004529940380027222, 0.001272233213788344]",321
Shanghai,household_4,ce_kl_seed2026,response_parking,0.0006611462322722343,"[-0.0008802854197790318, 0.0021864131441183174]","[-0.0015323528602162256, 0.0026942951448052713]",321
Shanghai,household_4,ce_kl_seed2026,response_road,-0.005673056915170307,"[-0.007368771792200867, -0.004129809538059146]","[-0.008074839380236105, -0.003602978214041287]",321
Shanghai,household_4,ce_kl_seed2026,response_walk_vs_wait,-0.0005831752612721175,"[-0.0014812768399014742, 0.00036718579624581707]","[-0.001839493551126275, 0.0007339800369987425]",320
Shanghai,household_4,ce_kl_seed2026,response_transfer_vs_wait,0.0008228191020796975,"[-0.0002278990630130066, 0.0019256653164069506]","[-0.0006629131943265968, 0.002344316551284109]",321
Shanghai,household_4,ce_kl_seed7,accuracy,-0.0034267912772585674,"[-0.008722741433021807, 0.0018691588785046728]","[-0.010514992211838006, 0.004049844236760125]",321
Shanghai,household_4,ce_kl_seed7,brier,0.003832016341943012,"[0.0014384329338063334, 0.00618199886081742]","[0.0004627520110738672, 0.007129999776245583]",321
Shanghai,household_4,ce_kl_seed7,nll_clipped,0.004400622741493293,"[0.0012215495815193055, 0.00753193360786397]","[-4.8880452767633586e-05, 0.008700332594901054]",321
Shanghai,household_4,ce_kl_seed7,pt_probability,-0.013939481296190688,"[-0.015199832038314159, -0.012696621680104193]","[-0.015685266814680774, -0.01223455664377538]",321
Shanghai,household_4,ce_kl_seed7,response_rain,0.01164036367169793,"[0.010102298804138123, 0.013130453033401771]","[0.009453397049464147, 0.013766855074997957]",321
Shanghai,household_4,ce_kl_seed7,response_delay,7.601326035561962e-05,"[-0.0016258562091053274, 0.0018044131852953324]","[-0.0022591109918517487, 0.002434826316348219]",321
Shanghai,household_4,ce_kl_seed7,response_rain_delay_interaction,0.001278617838397622,"[-0.0004657469248923007, 0.00303961150963784]","[-0.0012230784898584434, 0.00369705529724139]",320
Shanghai,household_4,ce_kl_seed7,response_fare,-0.0038365914814197386,"[-0.005254480276964721, -0.002489739083728501]","[-0.005931125098050245, -0.0019275439111080695]",321
Shanghai,household_4,ce_kl_seed7,response_parking,-0.000794288153960326,"[-0.002385107351240711, 0.0007644551600158387]","[-0.003005911771649048, 0.0013725583975397703]",321
Shanghai,household_4,ce_kl_seed7,response_road,-0.006808519369205953,"[-0.00874907754512498, -0.004968847866341286]","[-0.009653096551088633, -0.004262211084811204]",321
Shanghai,household_4,ce_kl_seed7,response_walk_vs_wait,-0.0038013707438949496,"[-0.004949708659617746, -0.002665294851491959]","[-0.005415860985407863, -0.002185174229148459]",320
Shanghai,household_4,ce_kl_seed7,response_transfer_vs_wait,0.021337743430772674,"[0.019681770808565376, 0.023036799742767698]","[0.01899944598265384, 0.02376875857370352]",321
Shanghai,household_4,signed_l1_seed42,accuracy,0.0028037383177570096,"[-0.0003115264797507791, 0.0059190031152647985]","[-0.0015576323987538945, 0.007476635514018691]",321
Shanghai,household_4,signed_l1_seed42,brier,0.002378193033438506,"[0.0010958386305102302, 0.003660795320269995]","[0.0005501681999850292, 0.004196817619309349]",321
Shanghai,household_4,signed_l1_seed42,nll_clipped,0.0030683977966390378,"[0.0012832747719500695, 0.0048083125985416]","[0.0005380650645775935, 0.00548746481119026]",321
Shanghai,household_4,signed_l1_seed42,pt_probability,0.0015710469545663051,"[0.0003949961786389039, 0.0027593416762407698]","[-5.65578453521125e-05, 0.003286206731561864]",321
Shanghai,household_4,signed_l1_seed42,response_rain,-0.008337628989947547,"[-0.009676987106833504, -0.007056906914506746]","[-0.01022416787407712, -0.006579559859805204]",321
Shanghai,household_4,signed_l1_seed42,response_delay,0.0009539856624751819,"[-0.00014884825969967884, 0.0020873609860645264]","[-0.0005754607783288135, 0.0025061794183132806]",321
Shanghai,household_4,signed_l1_seed42,response_rain_delay_interaction,0.0011944281170144678,"[-8.236504280635057e-05, 0.0024647670346268705]","[-0.0005858144895129817, 0.002934485370494703]",320
Shanghai,household_4,signed_l1_seed42,response_fare,-0.0014637540155482069,"[-0.0023602661256014, -0.0005792020254324534]","[-0.002757171756875153, -0.00021632128435758723]",321
Shanghai,household_4,signed_l1_seed42,response_parking,0.005350307976345407,"[0.004089415147668476, 0.006719577965845942]","[0.0035432711462678847, 0.007256101129280627]",321
Shanghai,household_4,signed_l1_seed42,response_road,0.003499339906226066,"[0.002551059739379868, 0.004527583052157612]","[0.0021801656988272417, 0.004889114435640301]",321
Shanghai,household_4,signed_l1_seed42,response_walk_vs_wait,0.0005038369912654161,"[0.0003348334851750643, 0.0006732987769560792]","[0.00027317785114914085, 0.0007440364013068816]",320
Shanghai,household_4,signed_l1_seed42,response_transfer_vs_wait,-0.0011188958501704386,"[-0.002434126436246147, 0.00011783296074079948]","[-0.0029987137930611338, 0.0005912239741275634]",321
Shanghai,household_4,signed_l1_seed2026,accuracy,-0.0024143302180685364,"[-0.007632398753894081, 0.0028037383177570087]","[-0.009345794392523364, 0.0048873150311525915]",321
Shanghai,household_4,signed_l1_seed2026,brier,0.005341699784082974,"[0.0027285870236386407, 0.007970685005617418]","[0.0017400894412501417, 0.00897582619610549]",321
Shanghai,household_4,signed_l1_seed2026,nll_clipped,0.008523039554971037,"[0.00481624951782468, 0.012340033276124391]","[0.0035123750047017918, 0.013889944699123993]",321
Shanghai,household_4,signed_l1_seed2026,pt_probability,-0.013353721234030625,"[-0.015389120283963106, -0.011360405610317245]","[-0.016090790675624817, -0.01056571643439781]",321
Shanghai,household_4,signed_l1_seed2026,response_rain,0.003565481634711922,"[0.0019433848269724773, 0.005164330347072669]","[0.0013038313068519129, 0.005865041472197642]",321
Shanghai,household_4,signed_l1_seed2026,response_delay,0.0016609227337012781,"[-0.0007078897704100497, 0.00406378320856397]","[-0.0017704237290916273, 0.0050003121915995746]",321
Shanghai,household_4,signed_l1_seed2026,response_rain_delay_interaction,0.008968987327534705,"[0.006969566784532178, 0.010975881981077283]","[0.00613702748691892, 0.01182604324365279]",320
Shanghai,household_4,signed_l1_seed2026,response_fare,0.0007777562904580732,"[-7.881077116709257e-05, 0.0016473526314968632]","[-0.00041059976112898264, 0.0019998601916307044]",321
Shanghai,household_4,signed_l1_seed2026,response_parking,0.0006928450407640214,"[-0.0007582736465604135, 0.0021277876147228598]","[-0.001421416172833179, 0.0026411569848470906]",321
Shanghai,household_4,signed_l1_seed2026,response_road,-0.005439896681969782,"[-0.00733707830008131, -0.0036694584721902457]","[-0.008220428357486877, -0.002959175879495492]",321
Shanghai,household_4,signed_l1_seed2026,response_walk_vs_wait,0.0016633122460916639,"[0.0003819388582671884, 0.003028730774222876]","[-0.00015786759117476004, 0.0036232259858653844]",320
Shanghai,household_4,signed_l1_seed2026,response_transfer_vs_wait,0.008080355103513534,"[0.00733261884674662, 0.008847054031407722]","[0.007025734478218997, 0.009163246947598885]",321
Shanghai,household_4,signed_l1_seed7,accuracy,-0.008722741433021807,"[-0.014330218068535825, -0.003115264797507788]","[-0.016510903426791276, -0.000934579439252336]",321
Shanghai,household_4,signed_l1_seed7,brier,0.0063848713581791,"[0.004237034575443228, 0.008515438030793656]","[0.003385635459659076, 0.00945559430885063]",321
Shanghai,household_4,signed_l1_seed7,nll_clipped,0.006988790223005311,"[0.004471857912096316, 0.009490637753591593]","[0.0034551945379984513, 0.010515756825726757]",321
Shanghai,household_4,signed_l1_seed7,pt_probability,-0.011009643703258111,"[-0.012190243009393718, -0.009810390028829843]","[-0.012699709956920808, -0.00931455355995107]",321
Shanghai,household_4,signed_l1_seed7,response_rain,0.00683959494591502,"[0.005613813100736646, 0.008057223535447477]","[0.005127814294541156, 0.008538332219000586]",321
Shanghai,household_4,signed_l1_seed7,response_delay,-0.0007103439826645955,"[-0.0018619192526255067, 0.0004796236559075544]","[-0.0024059852336045947, 0.000920163698434953]",321
Shanghai,household_4,signed_l1_seed7,response_rain_delay_interaction,0.003739600779954344,"[0.0025403787853429094, 0.004962305940593206]","[0.0019943596434313805, 0.005515502071322194]",320
Shanghai,household_4,signed_l1_seed7,response_fare,-0.004625754007297885,"[-0.005473520807527308, -0.0038029269382032654]","[-0.005810873129918614, -0.0034788851967122057]",321
Shanghai,household_4,signed_l1_seed7,response_parking,0.00012870569281117568,"[-0.0008148888421949939, 0.0010784154775265221]","[-0.0011557146584806597, 0.0014104943295992958]",321
Shanghai,household_4,signed_l1_seed7,response_road,-0.001986572582773702,"[-0.003048538815264947, -0.0009807213461983984]","[-0.003515850553996977, -0.0006301575558654673]",321
Shanghai,household_4,signed_l1_seed7,response_walk_vs_wait,-0.002433890337124467,"[-0.003045287364190605, -0.0018239816746516333]","[-0.0032839951859758095, -0.0015552530386055404]",320
Shanghai,household_4,signed_l1_seed7,response_transfer_vs_wait,0.008275784575307851,"[0.007135620262949637, 0.009446923700494929]","[0.006701951940120358, 0.009954339829113942]",321
Shanghai,household_4,direction_magnitude_seed42,accuracy,0.0006230529595015577,"[-0.00249221183800623, 0.0037383177570093455]","[-0.0037383177570093455, 0.004984423676012461]",321
Shanghai,household_4,direction_magnitude_seed42,brier,0.002467984193632553,"[0.0011932230806912263, 0.003728247029827933]","[0.0006186882589218131, 0.004245156774519235]",321
Shanghai,household_4,direction_magnitude_seed42,nll_clipped,0.0032612790608035763,"[0.0015791056535546457, 0.004964437111566638]","[0.0008323100105181586, 0.005585097516771941]",321
Shanghai,household_4,direction_magnitude_seed42,pt_probability,0.0018184939735914315,"[0.0006328466986784731, 0.003025091740613182]","[0.00019161163686014535, 0.0035043732094816936]",321
Shanghai,household_4,direction_magnitude_seed42,response_rain,-0.00872359455003174,"[-0.010089340771191587, -0.007420804040547101]","[-0.010644124941523201, -0.006931168966958557]",321
Shanghai,household_4,direction_magnitude_seed42,response_delay,9.331146597490875e-05,"[-0.0009539879069335735, 0.0011752730949181253]","[-0.0013325474363522505, 0.001595305102787374]",321
Shanghai,household_4,direction_magnitude_seed42,response_rain_delay_interaction,-0.0001264842227101326,"[-0.0012929558974467334, 0.0010575294309125986]","[-0.0017658830849529715, 0.0015079302203051708]",320
Shanghai,household_4,direction_magnitude_seed42,response_fare,-0.0020842193814452933,"[-0.003074653798313898, -0.0011310563002048628]","[-0.0034659764405943426, -0.0007727483594993194]",321
Shanghai,household_4,direction_magnitude_seed42,response_parking,0.005703643985626482,"[0.004424776864525313, 0.007096277098418024]","[0.003919967040970829, 0.007650022645773958]",321
Shanghai,household_4,direction_magnitude_seed42,response_road,0.0034029557140445414,"[0.0024289556752855536, 0.004451611036916389]","[0.0020542583148346234, 0.004860239787421818]",321
Shanghai,household_4,direction_magnitude_seed42,response_walk_vs_wait,-0.0007741957437247038,"[-0.0010019419190939517, -0.00055730512897049]","[-0.0010873197444016113, -0.0004639561787818981]",320
Shanghai,household_4,direction_magnitude_seed42,response_transfer_vs_wait,-0.0019508284687810226,"[-0.00311548455307881, -0.0008577612489810059]","[-0.0036075867418014092, -0.0004797066793257716]",321
Shanghai,household_4,direction_magnitude_seed2026,accuracy,-0.004984423676012461,"[-0.010280373831775703, 0.000623052959501558]","[-0.012461059190031152, 0.003115264797507789]",321
Shanghai,household_4,direction_magnitude_seed2026,brier,0.009294692481521932,"[0.006565542435604254, 0.01211070414325316]","[0.005497306991171228, 0.013063071545335855]",321
Shanghai,household_4,direction_magnitude_seed2026,nll_clipped,0.01381920682764409,"[0.010004493666981952, 0.0178068581396184]","[0.008530848877535458, 0.0190557776509226]",321
Shanghai,household_4,direction_magnitude_seed2026,pt_probability,-0.018288095652871414,"[-0.020371491109975545, -0.01622884868227839]","[-0.021275953801100016, -0.015481213918235011]",321
Shanghai,household_4,direction_magnitude_seed2026,response_rain,0.0077002486707265505,"[0.005965583367603961, 0.00943338233931135]","[0.005234271815522483, 0.010192794028402669]",321
Shanghai,household_4,direction_magnitude_seed2026,response_delay,-0.002984207425254899,"[-0.005783734119256431, -8.462913467830301e-05]","[-0.006910327439431414, 0.0010183733780621475]",321
Shanghai,household_4,direction_magnitude_seed2026,response_rain_delay_interaction,0.007533757347846404,"[0.005410273305947866, 0.009672303772106225]","[0.004553579573929933, 0.010577079708884959]",320
Shanghai,household_4,direction_magnitude_seed2026,response_fare,0.0005065440388854791,"[-0.0004183284973151216, 0.0014640663643120974]","[-0.0007981425543631952, 0.0018007304430924737]",321
Shanghai,household_4,direction_magnitude_seed2026,response_parking,0.0005905448090621616,"[-0.0009590119448406303, 0.0021389747682575844]","[-0.0017201859144221213, 0.0026993705983914865]",321
Shanghai,household_4,direction_magnitude_seed2026,response_road,-0.005111103024438163,"[-0.007169840906128705, -0.003233051207206702]","[-0.008248203349621775, -0.0024248104326346]",321
Shanghai,household_4,direction_magnitude_seed2026,response_walk_vs_wait,-0.00011057007359340786,"[-0.0016123833649636194, 0.0014573502040410484]","[-0.0021699903990998596, 0.002115630908454091]",320
Shanghai,household_4,direction_magnitude_seed2026,response_transfer_vs_wait,0.007667151079556653,"[0.006619193412456372, 0.008713122442179007]","[0.006160393896921773, 0.009183779979020217]",321
Shanghai,household_4,direction_magnitude_seed7,accuracy,-0.012461059190031152,"[-0.017757009345794397, -0.007468847352025034]","[-0.019937694704049845, -0.005607476635514019]",321
Shanghai,household_4,direction_magnitude_seed7,brier,0.005620935536993435,"[0.0034884897923132445, 0.007726377176320727]","[0.0027052094626482844, 0.00861691029749819]",321
Shanghai,household_4,direction_magnitude_seed7,nll_clipped,0.005927302383459462,"[0.003400733294095829, 0.008440317694398658]","[0.0024838616221850985, 0.009430595670347632]",321
Shanghai,household_4,direction_magnitude_seed7,pt_probability,-0.010458695725465303,"[-0.011656789370780563, -0.009246304209120685]","[-0.012120133043655609, -0.008757856123740904]",321
Shanghai,household_4,direction_magnitude_seed7,response_rain,0.006155092861050758,"[0.004965624308381868, 0.007319312023921547]","[0.004502655778405172, 0.00771358107794018]",321
Shanghai,household_4,direction_magnitude_seed7,response_delay,-0.00217674023869253,"[-0.0033067484780844314, -0.001036678427522799]","[-0.003761583209005866, -0.000541731898130339]",321
Shanghai,household_4,direction_magnitude_seed7,response_rain_delay_interaction,0.002961004409007728,"[0.0018352138185503731, 0.004080012706369509]","[0.001360346160388804, 0.004565804714319884]",320
Shanghai,household_4,direction_magnitude_seed7,response_fare,-0.003826171786428612,"[-0.004726959878108768, -0.002950826392877511]","[-0.005076300106127384, -0.0026316720987249486]",321
Shanghai,household_4,direction_magnitude_seed7,response_parking,0.0009023656262044223,"[-9.322230736043219e-05, 0.0019369228745918033]","[-0.0005145866930125008, 0.002369367540741446]",321
Shanghai,household_4,direction_magnitude_seed7,response_road,-0.0024531706007098857,"[-0.003569318524727197, -0.0014171460950950228]","[-0.004036958853719971, -0.0010466952016141972]",321
Shanghai,household_4,direction_magnitude_seed7,response_walk_vs_wait,-0.0034184777876362206,"[-0.004034776465171023, -0.0027968331235765577]","[-0.004300570616912201, -0.0025399751275488286]",320
Shanghai,household_4,direction_magnitude_seed7,response_transfer_vs_wait,0.004329486277151702,"[0.003434027850372583, 0.005220402187937609]","[0.0030350368217539007, 0.005667999378772526]",321
Shanghai,coverage_0.5,s9,accuracy,-0.001557632398753894,"[-0.0037383177570093464, 0.0006230529595015577]","[-0.004672897196261682, 0.001480724299065194]",321
Shanghai,coverage_0.5,s9,brier,0.00346570863382121,"[0.0029706076789849534, 0.003953981451276965]","[0.0027757307890022577, 0.004143757135921199]",321
Shanghai,coverage_0.5,s9,nll_clipped,0.004759771529165142,"[0.00412046193314559, 0.005394393957688083]","[0.003842371110945201, 0.005664273422278327]",321
Shanghai,coverage_0.5,s9,pt_probability,-0.0052647958469005576,"[-0.005390891684784998, -0.005137124257191226]","[-0.005444294715863601, -0.0050889838588764206]",321
Shanghai,coverage_0.5,s9,response_rain,0.0011046656125988173,"[0.0009275950775757386, 0.0012788165041544355]","[0.0008592770782711326, 0.0013422410853563967]",321
Shanghai,coverage_0.5,s9,response_delay,0.004772837198342304,"[0.004534680485606448, 0.0050108035060945555]","[0.004440790002043518, 0.005103901023211282]",321
Shanghai,coverage_0.5,s9,response_rain_delay_interaction,-0.0013059062970569358,"[-0.0014875047312863752, -0.0011187076428740054]","[-0.0015619962287683135, -0.001049386488904141]",320
Shanghai,coverage_0.5,s9,response_fare,0.0008134661921273882,"[0.0007243995740429449, 0.0009029299725787105]","[0.000685474361152304, 0.0009372673288272036]",321
Shanghai,coverage_0.5,s9,response_parking,0.00030877740583687185,"[0.00015728470703987318, 0.00046990344074563446]","[9.614310127239083e-05, 0.0005364039722058303]",321
Shanghai,coverage_0.5,s9,response_road,-0.0005420567206690244,"[-0.0007078626068349567, -0.0003884234384421805]","[-0.0007743632689269254, -0.0003310690869321915]",321
Shanghai,coverage_0.5,s9,response_walk_vs_wait,-0.0008047286595683545,"[-0.0011020369033212774, -0.0005131571013200267]","[-0.0012189119417811965, -0.00038201436547292744]",320
Shanghai,coverage_0.5,s9,response_transfer_vs_wait,0.0066161468810752916,"[0.006413267179743338, 0.006813502167801248]","[0.006334806661225994, 0.006887263350400527]",321
Shanghai,coverage_0.5,mnl_s,accuracy,-0.012694704049844234,"[-0.02165109034267913, -0.004205607476635514]","[-0.02523364485981308, -0.0011682242990654205]",321
Shanghai,coverage_0.5,mnl_s,brier,0.019088674473939086,"[0.013582053048744117, 0.02486442582227376]","[0.011617429603310794, 0.026947804357760733]",321
Shanghai,coverage_0.5,mnl_s,nll_clipped,0.028159075697051027,"[0.020317035239911782, 0.036271115521848994]","[0.017169055201849203, 0.03954174379600045]",321
Shanghai,coverage_0.5,mnl_s,pt_probability,-0.03993678466099986,"[-0.04259497502345246, -0.03743838631042267]","[-0.043571484083578124, -0.03642310555752443]",321
Shanghai,coverage_0.5,mnl_s,response_rain,0.00861078521768108,"[0.007359175149040641, 0.009827691008111388]","[0.006830747886897229, 0.01023853399607489]",321
Shanghai,coverage_0.5,mnl_s,response_delay,-0.005602356575833503,"[-0.007301039390750478, -0.003881411951000718]","[-0.007888102040986274, -0.003172837243235156]",321
Shanghai,coverage_0.5,mnl_s,response_rain_delay_interaction,-0.00019699375070247866,"[-0.0010832657905213952, 0.0006329741948755703]","[-0.0014401672887887134, 0.0009504488085973325]",320
Shanghai,coverage_0.5,mnl_s,response_fare,0.00031649735868118453,"[0.00024043655761513393, 0.0003943566292810258]","[0.00021046218371609317, 0.00043152721873760953]",321
Shanghai,coverage_0.5,mnl_s,response_parking,0.0006942840430370636,"[-0.00020952685253984116, 0.0016033955500152984]","[-0.000577678111169634, 0.0019912168894461357]",321
Shanghai,coverage_0.5,mnl_s,response_road,0.000989478897493319,"[3.408039491860145e-05, 0.0019487760439433335]","[-0.00035233652569192984, 0.002364795592740151]",321
Shanghai,coverage_0.5,mnl_s,response_walk_vs_wait,-0.00496771688607298,"[-0.006309094268458234, -0.003609013467351473]","[-0.006821552703888584, -0.0030238921931709925]",320
Shanghai,coverage_0.5,mnl_s,response_transfer_vs_wait,0.018979040040159142,"[0.017598232674107112, 0.020372240174956223]","[0.017077662303249024, 0.020915416120920387]",321
Shanghai,coverage_0.5,soft_kl_seed42,accuracy,0.010280373831775701,"[0.0034267912772585674, 0.017133956386292833]","[0.0003884345794392545, 0.019860786604361143]",321
Shanghai,coverage_0.5,soft_kl_seed42,brier,-0.006306581476847138,"[-0.00892036096329667, -0.003602415785763568]","[-0.009870001881052392, -0.002493318244883722]",321
Shanghai,coverage_0.5,soft_kl_seed42,nll_clipped,-0.008328980122593917,"[-0.011981242426083907, -0.004639382395202787]","[-0.01347767607613386, -0.0030440783319097453]",321
Shanghai,coverage_0.5,soft_kl_seed42,pt_probability,0.022071973607524345,"[0.021267488753333154, 0.022855814684913538]","[0.02095669493994188, 0.02317898705740048]",321
Shanghai,coverage_0.5,soft_kl_seed42,response_rain,-0.004337324949439812,"[-0.004935642490830748, -0.0037426141343105627]","[-0.005173721779253903, -0.0035212329760008158]",321
Shanghai,coverage_0.5,soft_kl_seed42,response_delay,-0.02678160230133021,"[-0.028406023723871167, -0.025145185136488665]","[-0.02904184111408495, -0.024412422124267422]",321
Shanghai,coverage_0.5,soft_kl_seed42,response_rain_delay_interaction,0.003736608941107988,"[0.003195838441606611, 0.004285414699527415]","[0.0029581118466108797, 0.004516704158376118]",320
Shanghai,coverage_0.5,soft_kl_seed42,response_fare,-0.001585029924398642,"[-0.0018967205409041816, -0.001269487941469359]","[-0.002019096351579714, -0.0011525007669822636]",321
Shanghai,coverage_0.5,soft_kl_seed42,response_parking,0.003909478399241082,"[0.0030360834145007473, 0.004833837278256907]","[0.002705418252069909, 0.005215476362928284]",321
Shanghai,coverage_0.5,soft_kl_seed42,response_road,0.0033026746128949794,"[0.002586655422023895, 0.0040541138465159405]","[0.0022926779581390533, 0.004386831608650236]",321
Shanghai,coverage_0.5,soft_kl_seed42,response_walk_vs_wait,-0.017903246730566025,"[-0.018911358485976814, -0.016894276351424955]","[-0.01929075323935612, -0.016480843875991212]",320
Shanghai,coverage_0.5,soft_kl_seed42,response_transfer_vs_wait,0.0452332493045434,"[0.04092526367845194, 0.04944517530321007]","[0.039141462539791234, 0.0509454352742734]",321
Shanghai,coverage_0.5,soft_kl_seed2026,accuracy,-0.004672897196261682,"[-0.011838006230529595, 0.0021806853582554513]","[-0.01433021806853583, 0.004672897196261682]",321
Shanghai,coverage_0.5,soft_kl_seed2026,brier,0.013249316449867796,"[0.010734346394431207, 0.01577898610134294]","[0.009708214085176725, 0.01687654470480113]",321
Shanghai,coverage_0.5,soft_kl_seed2026,nll_clipped,0.020189022932641652,"[0.016713082625803916, 0.023691228816672818]","[0.015205946984827943, 0.025095817546143186]",321
Shanghai,coverage_0.5,soft_kl_seed2026,pt_probability,-0.026670126453030425,"[-0.02743500666231544, -0.025930869568522287]","[-0.027730728005069216, -0.025645468956906014]",321
Shanghai,coverage_0.5,soft_kl_seed2026,response_rain,-0.0005282960437539954,"[-0.000997193007384691, -5.897692349562399e-05]","[-0.0011983906806699025, 0.00012643867762718587]",321
Shanghai,coverage_0.5,soft_kl_seed2026,response_delay,0.03807001346229021,"[0.03623452895724235, 0.03989712707538773]","[0.035563929069651626, 0.04067822325705605]",321
Shanghai,coverage_0.5,soft_kl_seed2026,response_rain_delay_interaction,-0.0019822697213385254,"[-0.0030207921244436876, -0.0009325615144916814]","[-0.0034455124624893354, -0.0005669419937255651]",320
Shanghai,coverage_0.5,soft_kl_seed2026,response_fare,-0.002361769547157941,"[-0.0026313184769214872, -0.002093371715849248]","[-0.0027332877922321545, -0.001975289590488482]",321
Shanghai,coverage_0.5,soft_kl_seed2026,response_parking,0.002974009123918052,"[0.0022533998287912467, 0.0037256788868584734]","[0.0020207415213025063, 0.004018857366930562]",321
Shanghai,coverage_0.5,soft_kl_seed2026,response_road,0.0013511983033652618,"[0.0005386726565171625, 0.0021979841487801332]","[0.00023246795850054497, 0.002562902187290266]",321
Shanghai,coverage_0.5,soft_kl_seed2026,response_walk_vs_wait,0.045385298144537956,"[0.043105861812693436, 0.047742682595037805]","[0.04225368823945331, 0.04881631338447839]",320
Shanghai,coverage_0.5,soft_kl_seed2026,response_transfer_vs_wait,-0.003485683096439296,"[-0.005161659989935401, -0.0018352024956400338]","[-0.005723828851242442, -0.001113247673674221]",321
Shanghai,coverage_0.5,soft_kl_seed7,accuracy,-0.052336448598130844,"[-0.06480529595015577, -0.04017912772585681]","[-0.06978193146417445, -0.03489096573208723]",321
Shanghai,coverage_0.5,soft_kl_seed7,brier,0.05563345000311908,"[0.048501593026529094, 0.06280838278699245]","[0.045183359747088, 0.06536733026219449]",321
Shanghai,coverage_0.5,soft_kl_seed7,nll_clipped,0.06779694702340917,"[0.059565199193344534, 0.07588966727866922]","[0.055716084323624085, 0.07905685053622409]",321
Shanghai,coverage_0.5,soft_kl_seed7,pt_probability,-0.06692687770021018,"[-0.06818846122749046, -0.06567081605293136]","[-0.06866837349948053, -0.06518170461391726]",321
Shanghai,coverage_0.5,soft_kl_seed7,response_rain,0.00544785011873067,"[0.0043292956699463436, 0.006521182849631874]","[0.003911783825606108, 0.006929234124798429]",321
Shanghai,coverage_0.5,soft_kl_seed7,response_delay,0.012667656026061078,"[0.010383962282498957, 0.0149819430558597]","[0.009492100159292374, 0.01592953155042801]",321
Shanghai,coverage_0.5,soft_kl_seed7,response_rain_delay_interaction,0.0007198785140644759,"[-0.0004987981586967852, 0.0019503177305819689]","[-0.0010213070923582054, 0.0024536879963860028]",320
Shanghai,coverage_0.5,soft_kl_seed7,response_fare,-0.0018679408408771052,"[-0.0024380991275993833, -0.0013068819900168068]","[-0.002648014257403781, -0.0010603280043856174]",321
Shanghai,coverage_0.5,soft_kl_seed7,response_parking,0.000765698117630504,"[0.00011724124073610873, 0.0014184105201302288]","[-0.00013777649456582893, 0.0016663316635826932]",321
Shanghai,coverage_0.5,soft_kl_seed7,response_road,-0.0042135631926705905,"[-0.005370906387626939, -0.003110962797455327]","[-0.00582318631424409, -0.002703752807802828]",321
Shanghai,coverage_0.5,soft_kl_seed7,response_walk_vs_wait,-0.02297518536215648,"[-0.0255912805880051, -0.020370644659154283]","[-0.026551839011841716, -0.019311154944164712]",320
Shanghai,coverage_0.5,soft_kl_seed7,response_transfer_vs_wait,0.021946763753241096,"[0.01986747756252222, 0.0240524773471452]","[0.019087492741283168, 0.024805022894428035]",321
Shanghai,coverage_0.5,ce_kl_seed42,accuracy,0.004672897196261682,"[-0.002492211838006229, 0.011214953271028038]","[-0.005295950155763241, 0.014018691588785047]",321
Shanghai,coverage_0.5,ce_kl_seed42,brier,-0.02291569813802561,"[-0.027404484590929187, -0.018307519855899054]","[-0.029191951475738942, -0.016299195077843956]",321
Shanghai,coverage_0.5,ce_kl_seed42,nll_clipped,-0.03134416606934617,"[-0.03815124489305073, -0.024565341073352974]","[-0.040843444967649335, -0.021677345285969436]",321
Shanghai,coverage_0.5,ce_kl_seed42,pt_probability,0.034954373619767234,"[0.03383815577605484, 0.036052767447594156]","[0.033390677567330954, 0.03649068160101788]",321
Shanghai,coverage_0.5,ce_kl_seed42,response_rain,-0.008439486875340947,"[-0.00978138950679486, -0.007099637021876385]","[-0.010380208985321514, -0.006581020256652392]",321
Shanghai,coverage_0.5,ce_kl_seed42,response_delay,-0.05382791335035893,"[-0.05673161282456506, -0.050965947553231104]","[-0.05778659336623225, -0.04980372810648172]",321
Shanghai,coverage_0.5,ce_kl_seed42,response_rain_delay_interaction,0.00887576187378727,"[0.007328713526850423, 0.010425583400371077]","[0.00673650674696965, 0.011059392437566032]",320
Shanghai,coverage_0.5,ce_kl_seed42,response_fare,-0.006212242585940524,"[-0.006914547922501684, -0.005509796599071253]","[-0.007209651999870414, -0.0052126930842707015]",321
Shanghai,coverage_0.5,ce_kl_seed42,response_parking,0.0015098621540723188,"[0.0002727256385708153, 0.00279432829016837]","[-0.00019079779950768405, 0.003362267769182628]",321
Shanghai,coverage_0.5,ce_kl_seed42,response_road,0.0013321437336202722,"[9.324070866977013e-07, 0.0026484430555799667]","[-0.00048182649680085456, 0.0031504869947030067]",321
Shanghai,coverage_0.5,ce_kl_seed42,response_walk_vs_wait,-0.029062761564273388,"[-0.03074554289304912, -0.027401730884736943]","[-0.03138022036603573, -0.026674220141835032]",320
Shanghai,coverage_0.5,ce_kl_seed42,response_transfer_vs_wait,0.09074273843295014,"[0.08188401541837297, 0.09952333076981063]","[0.07830392857259169, 0.10283893458541125]",321
Shanghai,coverage_0.5,ce_kl_seed2026,accuracy,-0.02367601246105919,"[-0.030218068535825544, -0.017133956386292837]","[-0.03271028037383177, -0.014953271028037382]",321
Shanghai,coverage_0.5,ce_kl_seed2026,brier,0.019005841710193615,"[0.017066272653096112, 0.020931849584812368]","[0.016194375780147315, 0.02170790109711745]",321
Shanghai,coverage_0.5,ce_kl_seed2026,nll_clipped,0.024743346854560873,"[0.02235845971601572, 0.02716904727148657]","[0.021239533322609472, 0.02814632201780515]",321
Shanghai,coverage_0.5,ce_kl_seed2026,pt_probability,-0.018159370281301275,"[-0.018891119768159794, -0.017417249168183026]","[-0.01916244340252412, -0.017121747988591254]",321
Shanghai,coverage_0.5,ce_kl_seed2026,response_rain,-0.0005506975953452684,"[-0.0008008276106575011, -0.00029884083892836756]","[-0.0008894797344184322, -0.0002151836366958434]",321
Shanghai,coverage_0.5,ce_kl_seed2026,response_delay,-0.0015629624274800127,"[-0.0024728050343387664, -0.0006738503736652713]","[-0.002807005664940801, -0.00027302717341210457]",321
Shanghai,coverage_0.5,ce_kl_seed2026,response_rain_delay_interaction,0.0008814321889076381,"[0.0005384933514505975, 0.001235988415850375]","[0.0003963883279320839, 0.001373826993545008]",320
Shanghai,coverage_0.5,ce_kl_seed2026,response_fare,-0.002108162344430466,"[-0.002268698374012549, -0.001951181646610532]","[-0.0023362991887484197, -0.0018932914441506562]",321
Shanghai,coverage_0.5,ce_kl_seed2026,response_parking,0.0005759918058401328,"[0.0003284302293511566, 0.0008345420672514728]","[0.00022824478721553663, 0.0009417564071413122]",321
Shanghai,coverage_0.5,ce_kl_seed2026,response_road,0.0013270351652787111,"[0.0009459978439540506, 0.0017317472565396923]","[0.000810481769662362, 0.0018824753509631316]",321
Shanghai,coverage_0.5,ce_kl_seed2026,response_walk_vs_wait,-0.010710434068460017,"[-0.01160194476110142, -0.00980906174716727]","[-0.011940063400857, -0.009461945782541873]",320
Shanghai,coverage_0.5,ce_kl_seed2026,response_transfer_vs_wait,-0.05673252444749124,"[-0.059981950035324534, -0.05339628758642973]","[-0.06123797749624315, -0.051957692483036035]",321
Shanghai,coverage_0.5,ce_kl_seed7,accuracy,-0.04330218068535826,"[-0.0560747663551402, -0.030218068535825555]","[-0.061370716510903436, -0.02523364485981308]",321
Shanghai,coverage_0.5,ce_kl_seed7,brier,0.06972458279777613,"[0.05956084421900006, 0.07989268885405733]","[0.055252461709465045, 0.08394908437848908]",321
Shanghai,coverage_0.5,ce_kl_seed7,nll_clipped,0.09465441069796662,"[0.08212484007663114, 0.1068965171174122]","[0.07671843732721323, 0.11137472592452775]",321
Shanghai,coverage_0.5,ce_kl_seed7,pt_probability,-0.08611725161136403,"[-0.08862687652397501, -0.0836348641342614]","[-0.08962334389573673, -0.08268595958877112]",321
Shanghai,coverage_0.5,ce_kl_seed7,response_rain,0.02872412648295688,"[0.025884488827876768, 0.03141117216380911]","[0.024844641332381123, 0.032453038785287464]",321
Shanghai,coverage_0.5,ce_kl_seed7,response_delay,-0.03153461498147416,"[-0.037756139899218145, -0.025254760902575175]","[-0.0402655264672227, -0.022772813462418395]",321
Shanghai,coverage_0.5,ce_kl_seed7,response_rain_delay_interaction,0.0005049065774073824,"[-0.0026988507823258413, 0.003591782066730743]","[-0.003938991318292151, 0.004904863827204836]",320
Shanghai,coverage_0.5,ce_kl_seed7,response_fare,0.000750699390967687,"[-0.0001132070501784669, 0.0016328620303689132]","[-0.00048434094328584146, 0.002023216218446783]",321
Shanghai,coverage_0.5,ce_kl_seed7,response_parking,-0.005069752116440984,"[-0.007526886291987614, -0.0026989999067653383]","[-0.008570915335467277, -0.0017755500172233062]",321
Shanghai,coverage_0.5,ce_kl_seed7,response_road,-0.013544327495300509,"[-0.016613024390792923, -0.010573429277607726]","[-0.017930876176058666, -0.009525895134888223]",321
Shanghai,coverage_0.5,ce_kl_seed7,response_walk_vs_wait,0.04221900620032102,"[0.039264165447093546, 0.045228885066731755]","[0.03803293877497646, 0.04633657365416849]",320
Shanghai,coverage_0.5,ce_kl_seed7,response_transfer_vs_wait,0.05608710232031215,"[0.05248081638351535, 0.05969225697174401]","[0.0511507255543093, 0.06108292216044122]",321
Shanghai,coverage_0.5,signed_l1_seed42,accuracy,0.0018691588785046732,"[-0.0012461059190031155, 0.004984423676012461]","[-0.0024922118380062306, 0.006230529595015576]",321
Shanghai,coverage_0.5,signed_l1_seed42,brier,0.00018584144674216663,"[-0.0005998199450792527, 0.0009814708591217574]","[-0.000915671281926503, 0.0012808620042247508]",321
Shanghai,coverage_0.5,signed_l1_seed42,nll_clipped,0.00014389405354871295,"[-0.0010176188071525194, 0.0013119404096077266]","[-0.0014868704510629775, 0.0018129903419829496]",321
Shanghai,coverage_0.5,signed_l1_seed42,pt_probability,0.006090327883371358,"[0.00567185485955673, 0.0065144906995086875]","[0.005537819140636967, 0.0067115729324798154]",321
Shanghai,coverage_0.5,signed_l1_seed42,response_rain,-0.0016961240694158917,"[-0.002068113579742634, -0.0013262981055681582]","[-0.002219020857147849, -0.0011717998392218481]",321
Shanghai,coverage_0.5,signed_l1_seed42,response_delay,-0.01166607281686361,"[-0.01248385536591769, -0.010840954213777437]","[-0.012820770179075291, -0.010557057714449522]",321
Shanghai,coverage_0.5,signed_l1_seed42,response_rain_delay_interaction,0.001431325008161366,"[0.0010690273985640383, 0.0017921445297542956]","[0.0009261133077043864, 0.0019425155363170566]",320
Shanghai,coverage_0.5,signed_l1_seed42,response_fare,-0.0006837797963359275,"[-0.0008743260415543648, -0.0004922569645249584]","[-0.000945821301315293, -0.00040886234550090015]",321
Shanghai,coverage_0.5,signed_l1_seed42,response_parking,0.0024649453961589256,"[0.0019305123254146162, 0.003019905625334781]","[0.0017071573699119493, 0.003263349216170261]",321
Shanghai,coverage_0.5,signed_l1_seed42,response_road,0.0015223232385154083,"[0.0011562297439835154, 0.0019031781958549565]","[0.0010187813437709185, 0.002064378854653266]",321
Shanghai,coverage_0.5,signed_l1_seed42,response_walk_vs_wait,-0.00774045679718256,"[-0.008317729169590714, -0.007155695481554422]","[-0.008549564860645367, -0.006930353001326834]",320
Shanghai,coverage_0.5,signed_l1_seed42,response_transfer_vs_wait,-0.006269065355678957,"[-0.007511080388339509, -0.005007420091619977]","[-0.008018157473000817, -0.004516112340800613]",321
Shanghai,coverage_0.5,signed_l1_seed2026,accuracy,-0.017367601246105917,"[-0.025467289719626172, -0.009968847352024923]","[-0.028641209112149534, -0.007398753894080997]",321
Shanghai,coverage_0.5,signed_l1_seed2026,brier,0.02129177427074962,"[0.018049437793383267, 0.024573454317875124]","[0.016750259449151584, 0.025720221375323187]",321
Shanghai,coverage_0.5,signed_l1_seed2026,nll_clipped,0.030775075567644285,"[0.026260351089800668, 0.03528989523174047]","[0.02447188218419683, 0.03695217247576879]",321
Shanghai,coverage_0.5,signed_l1_seed2026,pt_probability,-0.037162752669432274,"[-0.03805653143157701, -0.03630198129400542]","[-0.038429012390726165, -0.03599567220792555]",321
Shanghai,coverage_0.5,signed_l1_seed2026,response_rain,-0.0016585308071980225,"[-0.002359668116703212, -0.0009594140411862333]","[-0.0026399211268988074, -0.0006690167410682202]",321
Shanghai,coverage_0.5,signed_l1_seed2026,response_delay,0.02563846077642337,"[0.02332343151763871, 0.02798534414681644]","[0.0224022207123799, 0.02885991653381785]",321
Shanghai,coverage_0.5,signed_l1_seed2026,response_rain_delay_interaction,-0.002763446292374283,"[-0.003960719535474896, -0.001598643404291442]","[-0.004461443031713006, -0.001199830668126674]",320
Shanghai,coverage_0.5,signed_l1_seed2026,response_fare,-0.006422530012524388,"[-0.006786882440991862, -0.006054507007944249]","[-0.006933790212497115, -0.005910829317065484]",321
Shanghai,coverage_0.5,signed_l1_seed2026,response_parking,0.002643406762512302,"[0.0018569492871330535, 0.0034593875534437895]","[0.0015877647725778205, 0.0037720937264439087]",321
Shanghai,coverage_0.5,signed_l1_seed2026,response_road,0.0007940187493217326,"[-0.00016255385222093338, 0.0017678460698122174]","[-0.00048647577028628733, 0.002139403052683162]",321
Shanghai,coverage_0.5,signed_l1_seed2026,response_walk_vs_wait,0.06014018524438143,"[0.0575528839557324, 0.06282001962695134]","[0.05648820100072341, 0.06394447846083265]",320
Shanghai,coverage_0.5,signed_l1_seed2026,response_transfer_vs_wait,0.024355261868034196,"[0.02310815256704051, 0.02559687319353826]","[0.022665368995376838, 0.026081268881038525]",321
Shanghai,coverage_0.5,signed_l1_seed7,accuracy,-0.06635514018691589,"[-0.07943925233644861, -0.05295950155763241]","[-0.08434676791277258, -0.04766355140186915]",321
Shanghai,coverage_0.5,signed_l1_seed7,brier,0.06061637109612733,"[0.052844113477913075, 0.06833318380865366]","[0.04923062497338004, 0.07128281174066443]",321
Shanghai,coverage_0.5,signed_l1_seed7,nll_clipped,0.07447435528394677,"[0.06530889826341918, 0.08346623957357396]","[0.06141843028790022, 0.08687035570961997]",321
Shanghai,coverage_0.5,signed_l1_seed7,pt_probability,-0.07557891396474893,"[-0.0768242971993681, -0.0743323438500585]","[-0.0773191658627569, -0.07384012981867015]",321
Shanghai,coverage_0.5,signed_l1_seed7,response_rain,0.006323072745978276,"[0.005118500049054809, 0.007449592640652462]","[0.004620455621126633, 0.007867690730648478]",321
Shanghai,coverage_0.5,signed_l1_seed7,response_delay,-0.015840443884054447,"[-0.019575706768397972, -0.012172518160507502]","[-0.020899133998907905, -0.010643871766993804]",321
Shanghai,coverage_0.5,signed_l1_seed7,response_rain_delay_interaction,0.0087340394675266,"[0.00717985539808222, 0.010269859874801642]","[0.006513744517172843, 0.010848323335984138]",320
Shanghai,coverage_0.5,signed_l1_seed7,response_fare,0.005245732532297711,"[0.00456370580999465, 0.005920142330507808]","[0.004323592756779116, 0.006199896237029577]",321
Shanghai,coverage_0.5,signed_l1_seed7,response_parking,-0.0010717543207596396,"[-0.002242541722837267, 5.679953947802512e-05]","[-0.002681424611935688, 0.0005278126723959887]",321
Shanghai,coverage_0.5,signed_l1_seed7,response_road,-0.006018132598043602,"[-0.007505650188182002, -0.004592942922286156]","[-0.008094408434403719, -0.004085520742899189]",321
Shanghai,coverage_0.5,signed_l1_seed7,response_walk_vs_wait,-0.03175972651224583,"[-0.03464905076965852, -0.028907610096957272]","[-0.035755520583479666, -0.02772911024030436]",320
Shanghai,coverage_0.5,signed_l1_seed7,response_transfer_vs_wait,0.010519394633647438,"[0.007965719249285179, 0.013090453637514344]","[0.007032501629214281, 0.014062523683772428]",321
Shanghai,coverage_0.5,direction_magnitude_seed42,accuracy,0.0161993769470405,"[0.009968847352024923, 0.0221183800623053]","[0.006853582554517135, 0.024610591900311528]",321
Shanghai,coverage_0.5,direction_magnitude_seed42,brier,-0.008947331375974227,"[-0.011195637581785548, -0.006653888671757502]","[-0.012024029312019914, -0.005643049565758289]",321
Shanghai,coverage_0.5,direction_magnitude_seed42,nll_clipped,-0.011071993694230096,"[-0.014076421773498328, -0.007987530575654175]","[-0.015274595393186333, -0.006636643667131552]",321
Shanghai,coverage_0.5,direction_magnitude_seed42,pt_probability,0.017731045453730866,"[0.017257488360033716, 0.018201394496656767]","[0.0170910591849663, 0.018404914500021175]",321
Shanghai,coverage_0.5,direction_magnitude_seed42,response_rain,-0.0021192750826802952,"[-0.002501408037413318, -0.0017350973126208672]","[-0.002652096231917726, -0.0015985303050678854]",321
Shanghai,coverage_0.5,direction_magnitude_seed42,response_delay,-0.015025452661365735,"[-0.015957895168494954, -0.014078948295144278]","[-0.016368617222214995, -0.013700281796727411]",321
Shanghai,coverage_0.5,direction_magnitude_seed42,response_rain_delay_interaction,0.0016915471991524101,"[0.00133643536996372, 0.0020543952131168073]","[0.0011840034822254415, 0.002195883999184075]",320
Shanghai,coverage_0.5,direction_magnitude_seed42,response_fare,0.00023411121509528233,"[2.2137411101213498e-05, 0.00043756735403775417]","[-5.176599424715354e-05, 0.0005242180256202023]",321
Shanghai,coverage_0.5,direction_magnitude_seed42,response_parking,0.0024340398772111933,"[0.0018878485137057083, 0.0030097375023309314]","[0.0016774965434210416, 0.0032748795223256936]",321
Shanghai,coverage_0.5,direction_magnitude_seed42,response_road,0.0016209252433984822,"[0.0012050164149743374, 0.002055354682130977]","[0.0010588748258686513, 0.0022299582389621406]",321
Shanghai,coverage_0.5,direction_magnitude_seed42,response_walk_vs_wait,-0.014481292013078928,"[-0.015302873359245284, -0.01365717690982029]","[-0.015637405577885562, -0.013340757195536887]",320
Shanghai,coverage_0.5,direction_magnitude_seed42,response_transfer_vs_wait,0.06962506539214437,"[0.06504987492124518, 0.07404964185171874]","[0.06304330544109599, 0.0758171870538927]",321
Shanghai,coverage_0.5,direction_magnitude_seed2026,accuracy,-0.018691588785046728,"[-0.0264797507788162, -0.011214953271028038]","[-0.02990654205607477, -0.008411214953271028]",321
Shanghai,coverage_0.5,direction_magnitude_seed2026,brier,0.020571168203731453,"[0.017186359143971146, 0.02398955493533649]","[0.015788819232443848, 0.025307325264968563]",321
Shanghai,coverage_0.5,direction_magnitude_seed2026,nll_clipped,0.030079691683562688,"[0.025382454050880247, 0.0348033147559941]","[0.02346533244077476, 0.03676833221020355]",321
Shanghai,coverage_0.5,direction_magnitude_seed2026,pt_probability,-0.03816214567427509,"[-0.0391370258591721, -0.037223376156747735]","[-0.03951779487751158, -0.036888959724113365]",321
Shanghai,coverage_0.5,direction_magnitude_seed2026,response_rain,-0.0016571729214763344,"[-0.002274285475041636, -0.0010536548017155718]","[-0.002495533565488699, -0.000826787098305088]",321
Shanghai,coverage_0.5,direction_magnitude_seed2026,response_delay,0.042615462378874376,"[0.040406132238043756, 0.044852641288980234]","[0.039484615300381644, 0.04573922586314325]",321
Shanghai,coverage_0.5,direction_magnitude_seed2026,response_rain_delay_interaction,-0.0016633466526400297,"[-0.002718555167163439, -0.0006466826451329423]","[-0.003143600524949867, -0.0002811795208151266]",320
Shanghai,coverage_0.5,direction_magnitude_seed2026,response_fare,-0.0010979096187609379,"[-0.001441914969445946, -0.0007366074498661582]","[-0.0015795930303238634, -0.0005814977036644002]",321
Shanghai,coverage_0.5,direction_magnitude_seed2026,response_parking,0.0021764232176486576,"[0.0014045289302726401, 0.0030035330058072584]","[0.001111747924168812, 0.003329360438365709]",321
Shanghai,coverage_0.5,direction_magnitude_seed2026,response_road,0.0023393440655087383,"[0.0012616407602004174, 0.0034715268041393093]","[0.0008825963412373793, 0.00392416600947416]",321
Shanghai,coverage_0.5,direction_magnitude_seed2026,response_walk_vs_wait,0.015483759716153145,"[0.013391154933048693, 0.017592853832766476]","[0.012663817200338151, 0.018529235689085377]",320
Shanghai,coverage_0.5,direction_magnitude_seed2026,response_transfer_vs_wait,0.010131919390965844,"[0.00809673669507199, 0.012169929140035606]","[0.007260341546534506, 0.012846990410569253]",321
Shanghai,coverage_0.5,direction_magnitude_seed7,accuracy,-0.05856697819314641,"[-0.07040498442367601, -0.04672897196261683]","[-0.07500097352024922, -0.041744548286604365]",321
Shanghai,coverage_0.5,direction_magnitude_seed7,brier,0.054958568025201916,"[0.04721454553418737, 0.06261802608301721]","[0.04390989446907297, 0.0654125335046223]",321
Shanghai,coverage_0.5,direction_magnitude_seed7,nll_clipped,0.06719447757903395,"[0.0582397038782467, 0.07598079838894786]","[0.054262262001967584, 0.07938932933750104]",321
Shanghai,coverage_0.5,direction_magnitude_seed7,pt_probability,-0.07053214514749907,"[-0.07179683526864747, -0.06926351765510148]","[-0.07226311246180331, -0.06880380654975742]",321
Shanghai,coverage_0.5,direction_magnitude_seed7,response_rain,0.006565907082268011,"[0.005478591720843427, 0.007636131878327172]","[0.005071898060705733, 0.008038535845796706]",321
Shanghai,coverage_0.5,direction_magnitude_seed7,response_delay,-0.029899021645433434,"[-0.03372200735673494, -0.02607234841201025]","[-0.03513303767564065, -0.02440512030819908]",321
Shanghai,coverage_0.5,direction_magnitude_seed7,response_rain_delay_interaction,0.014259538520127535,"[0.01234404276563232, 0.016168886709933376]","[0.011474134440054342, 0.016960273131101853]",320
Shanghai,coverage_0.5,direction_magnitude_seed7,response_fare,0.0044713995167028125,"[0.003910183776576199, 0.005035604223191181]","[0.0036648964713185423, 0.005282976592577568]",321
Shanghai,coverage_0.5,direction_magnitude_seed7,response_parking,-0.0017337923016503593,"[-0.002708030062672505, -0.000805046321168496]","[-0.0031201108503866233, -0.00040618317764589394]",321
Shanghai,coverage_0.5,direction_magnitude_seed7,response_road,-0.005808438026459418,"[-0.00713822781412958, -0.004514655911848181]","[-0.007659799370093625, -0.004058029512422179]",321
Shanghai,coverage_0.5,direction_magnitude_seed7,response_walk_vs_wait,-0.02858955793781206,"[-0.03147664845736561, -0.025746529242896943]","[-0.03263152293932303, -0.024628954884564267]",320
Shanghai,coverage_0.5,direction_magnitude_seed7,response_transfer_vs_wait,-0.012522634571400758,"[-0.0162016635293553, -0.008865658379510926]","[-0.01755706087680319, -0.007440987655623152]",321
Shanghai,coverage_1.0,s9,accuracy,0.0009345794392523366,"[-0.0009345794392523366, 0.0028037383177570096]","[-0.001557632398753894, 0.0037383177570093464]",321
Shanghai,coverage_1.0,s9,brier,-0.0021947381111719435,"[-0.0025164835730926475, -0.0018701964841024662]","[-0.0026378126193138053, -0.001739732311141775]",321
Shanghai,coverage_1.0,s9,nll_clipped,-0.0030306310172012745,"[-0.0034497131356508114, -0.0026092491762638383]","[-0.0036281214510162914, -0.0024245246021810936]",321
Shanghai,coverage_1.0,s9,pt_probability,0.0034306389931009103,"[0.0033473246677225964, 0.003513444755773997]","[0.003317192934293552, 0.0035513911538583654]",321
Shanghai,coverage_1.0,s9,response_rain,-0.0007610736397382255,"[-0.0008734993331969898, -0.0006464838601555966]","[-0.0009142948967343736, -0.000603420295421835]",321
Shanghai,coverage_1.0,s9,response_delay,-0.0030884764627248885,"[-0.0032496003080101396, -0.0029268475526848057]","[-0.0033082080853972773, -0.002867956261593534]",321
Shanghai,coverage_1.0,s9,response_rain_delay_interaction,0.0008891807126929052,"[0.0007681853981557652, 0.0010085242377513026]","[0.0007244403254529307, 0.0010579844665591386]",320
Shanghai,coverage_1.0,s9,response_fare,-0.0005389192486849158,"[-0.0005977775971187609, -0.0004806842544693442]","[-0.0006199048033471558, -0.00045686551359572057]",321
Shanghai,coverage_1.0,s9,response_parking,-0.000159124951124934,"[-0.0002592011009606988, -6.309889164112068e-05]","[-0.0003028459810706964, -2.6305027471454964e-05]",321
Shanghai,coverage_1.0,s9,response_road,0.0003924442054790871,"[0.00028768017020575537, 0.0005038961215449549]","[0.0002494655692416049, 0.0005501073852944466]",321
Shanghai,coverage_1.0,s9,response_walk_vs_wait,0.0006607682735193521,"[0.0004633137869222142, 0.0008624850513038734]","[0.00037732712067368096, 0.0009429618401918551]",320
Shanghai,coverage_1.0,s9,response_transfer_vs_wait,-0.004278953642674325,"[-0.0044041096221226214, -0.004151253905321393]","[-0.004453904840100057, -0.004101215261201494]",321
Shanghai,coverage_1.0,mnl_s,accuracy,0.007476635514018693,"[0.0018691588785046738, 0.013084112149532713]","[-3.6829098095893823e-19, 0.015576323987538944]",321
Shanghai,coverage_1.0,mnl_s,brier,-0.00785483620926686,"[-0.011433352394652697, -0.004481785765638374]","[-0.012765439525600051, -0.003293064987236284]",321
Shanghai,coverage_1.0,mnl_s,nll_clipped,-0.011171443577839123,"[-0.01632275485274513, -0.006141132541620136]","[-0.018628821188574344, -0.004119824463972535]",321
Shanghai,coverage_1.0,mnl_s,pt_probability,0.0242789378101782,"[0.02264728047960732, 0.02597023669367298]","[0.022041296384004427, 0.02659416069288098]",321
Shanghai,coverage_1.0,mnl_s,response_rain,-0.0053975543823177275,"[-0.00612155712137904, -0.004649617710079941]","[-0.006384388408864875, -0.0043490717963537975]",321
Shanghai,coverage_1.0,mnl_s,response_delay,0.003774906902752936,"[0.002694807734357366, 0.004843569924112566]","[0.00223044664336968, 0.005211482579534373]",321
Shanghai,coverage_1.0,mnl_s,response_rain_delay_interaction,-0.0002859278973574776,"[-0.0008093224294113206, 0.000279274670538515]","[-0.001000742462507113, 0.0005031621761869326]",320
Shanghai,coverage_1.0,mnl_s,response_fare,-0.00019725822321270035,"[-0.00024904615429908355, -0.0001468132408262286]","[-0.00027307517134292835, -0.00012828052479693086]",321
Shanghai,coverage_1.0,mnl_s,response_parking,5.167472496937606e-05,"[-0.000593578697711952, 0.0007171583752007034]","[-0.0008796037196372611, 0.0009969324540681646]",321
Shanghai,coverage_1.0,mnl_s,response_road,-9.548883116094724e-05,"[-0.0007671629652612973, 0.0005912653664646122]","[-0.0010786095483244342, 0.0008813559331762493]",321
Shanghai,coverage_1.0,mnl_s,response_walk_vs_wait,0.003381234076120733,"[0.0025163158824308657, 0.004244569165900128]","[0.0021235331988125462, 0.004562545078912134]",320
Shanghai,coverage_1.0,mnl_s,response_transfer_vs_wait,-0.012515109532992478,"[-0.013462193259031294, -0.011582144611419556]","[-0.013870946602228306, -0.011241141420755473]",321
Shanghai,coverage_1.0,soft_kl_seed42,accuracy,0.0,"[-0.004672897196261683, 0.004984423676012461]","[-0.006230529595015576, 0.006853582554517135]",321
Shanghai,coverage_1.0,soft_kl_seed42,brier,0.00590502022589688,"[0.004270775015723788, 0.007480986061587149]","[0.0035750006148097652, 0.008083929531435914]",321
Shanghai,coverage_1.0,soft_kl_seed42,nll_clipped,0.007775942986365701,"[0.0055588891420620895, 0.009954055278607673]","[0.004597457025177123, 0.010808388054423659]",321
Shanghai,coverage_1.0,soft_kl_seed42,pt_probability,-0.01380050670445499,"[-0.014145379309920372, -0.013449004846802738]","[-0.01429625711039536, -0.013299724473336452]",321
Shanghai,coverage_1.0,soft_kl_seed42,response_rain,0.0015533160754824724,"[0.0012373622402409527, 0.001865150014698691]","[0.0011162806517006451, 0.0019835778052201976]",321
Shanghai,coverage_1.0,soft_kl_seed42,response_delay,0.01015478952837139,"[0.009436978542498338, 0.010872474474675745]","[0.009139953183831293, 0.011121939159305965]",321
Shanghai,coverage_1.0,soft_kl_seed42,response_rain_delay_interaction,-0.0017817944521084429,"[-0.002057589388277691, -0.0015037787370409284]","[-0.0021669624968360343, -0.0014018943665723782]",320
Shanghai,coverage_1.0,soft_kl_seed42,response_fare,0.0013057230696128536,"[0.0011579494029747735, 0.001457747049931425]","[0.0010933944543481244, 0.0015186466246181834]",321
Shanghai,coverage_1.0,soft_kl_seed42,response_parking,-0.001305746372986434,"[-0.0017048746811637997, -0.0009284607056423883]","[-0.0018890408498765988, -0.0007993986896845597]",321
Shanghai,coverage_1.0,soft_kl_seed42,response_road,-0.0011972305002242235,"[-0.0015325819533840517, -0.0008822937168157733]","[-0.0016731102060166846, -0.0007579002674448532]",321
Shanghai,coverage_1.0,soft_kl_seed42,response_walk_vs_wait,0.006662122579291463,"[0.006346102094523708, 0.006976443178901026]","[0.006218501165067408, 0.007124996415910241]",320
Shanghai,coverage_1.0,soft_kl_seed42,response_transfer_vs_wait,-0.029977890323394926,"[-0.032676093163392345, -0.027237379136335723]","[-0.033642186471018104, -0.026075337195135773]",321
Shanghai,coverage_1.0,soft_kl_seed2026,accuracy,0.01588785046728972,"[0.010280373831775701, 0.021495327102803743]","[0.00809968847352025, 0.02398753894080997]",321
Shanghai,coverage_1.0,soft_kl_seed2026,brier,-0.017622146253390734,"[-0.020308353019890518, -0.014990461223595807]","[-0.021246634246821577, -0.01381300680548459]",321
Shanghai,coverage_1.0,soft_kl_seed2026,nll_clipped,-0.024409424834551264,"[-0.027941602801123438, -0.020888154995388226]","[-0.02930124915693265, -0.019344965330306472]",321
Shanghai,coverage_1.0,soft_kl_seed2026,pt_probability,0.028736204850107343,"[0.028105111821174537, 0.029412826785217172]","[0.02785701564632101, 0.02966101406095876]",321
Shanghai,coverage_1.0,soft_kl_seed2026,response_rain,0.0013834600600869484,"[0.0009135578895376478, 0.0018513038446923654]","[0.0007407264692586994, 0.0020079186809252043]",321
Shanghai,coverage_1.0,soft_kl_seed2026,response_delay,-0.013543799223604604,"[-0.015541101980234883, -0.011560142644741965]","[-0.016347182614092695, -0.010792820841473648]",321
Shanghai,coverage_1.0,soft_kl_seed2026,response_rain_delay_interaction,0.0014587893092539161,"[0.0007190778569384408, 0.0022221698605895553]","[0.00046129374475627856, 0.0025142171105545447]",320
Shanghai,coverage_1.0,soft_kl_seed2026,response_fare,0.0022508507344952996,"[0.0020345431796022664, 0.0024629430955629855]","[0.0019614499618627154, 0.0025505965706135066]",321
Shanghai,coverage_1.0,soft_kl_seed2026,response_parking,-0.0009388381447004752,"[-0.0013713626034348924, -0.0005312543234721152]","[-0.001534823269650015, -0.0003863360062589718]",321
Shanghai,coverage_1.0,soft_kl_seed2026,response_road,0.00049075725665345,"[-0.00021821502770218886, 0.001205249938452355]","[-0.0005075633971200461, 0.001468283881076445]",321
Shanghai,coverage_1.0,soft_kl_seed2026,response_walk_vs_wait,0.0005645220051519572,"[-0.0007772388320380082, 0.001917675799955862]","[-0.0013023410390925563, 0.0024385983065342604]",320
Shanghai,coverage_1.0,soft_kl_seed2026,response_transfer_vs_wait,0.003604731966401929,"[0.002746960196377147, 0.004475353341955819]","[0.0023551602130523677, 0.004839475859229291]",321
Shanghai,coverage_1.0,soft_kl_seed7,accuracy,0.017990654205607477,"[0.009190031152647975, 0.026635514018691592]","[0.00615264797507788, 0.02988731503115259]",321
Shanghai,coverage_1.0,soft_kl_seed7,brier,-0.02542790738296509,"[-0.029771274482750017, -0.021037390874679547]","[-0.03128921674610294, -0.019084022784123657]",321
Shanghai,coverage_1.0,soft_kl_seed7,nll_clipped,-0.03266731380573642,"[-0.037730779308455406, -0.0274807692732803]","[-0.03967900554373877, -0.025117500423150765]",321
Shanghai,coverage_1.0,soft_kl_seed7,pt_probability,0.04285554276123597,"[0.04220013548544611, 0.04352007957813663]","[0.0419341934588085, 0.04377240997805867]",321
Shanghai,coverage_1.0,soft_kl_seed7,response_rain,-0.005468612101590522,"[-0.006157007850590524, -0.004754138908514353]","[-0.0064158645917652786, -0.004492782166654195]",321
Shanghai,coverage_1.0,soft_kl_seed7,response_delay,0.00387505433780382,"[0.0015861571737422937, 0.006149169677038708]","[0.0006440812548857497, 0.006986622031302276]",321
Shanghai,coverage_1.0,soft_kl_seed7,response_rain_delay_interaction,0.003949463355820626,"[0.003148513484271566, 0.004750960500969085]","[0.0028493402519254624, 0.0050669085356621546]",320
Shanghai,coverage_1.0,soft_kl_seed7,response_fare,-0.002353435388049604,"[-0.0027406853945734343, -0.0019530279735956238]","[-0.0028848739347429337, -0.0017871095663998466]",321
Shanghai,coverage_1.0,soft_kl_seed7,response_parking,0.0009690783105535299,"[0.0003254037420047778, 0.001649387923542213]","[7.612768958128316e-05, 0.0019074524894960136]",321
Shanghai,coverage_1.0,soft_kl_seed7,response_road,0.005100639763279496,"[0.0040045122462223255, 0.006213539208044701]","[0.0036519554447284044, 0.006686117643464322]",321
Shanghai,coverage_1.0,soft_kl_seed7,response_walk_vs_wait,-0.01800523370038718,"[-0.019195897437902256, -0.01681070443057104]","[-0.01964890618809177, -0.016383290264315398]",320
Shanghai,coverage_1.0,soft_kl_seed7,response_transfer_vs_wait,-0.017608474789193116,"[-0.019217956426475093, -0.015993960844671987]","[-0.019826469192429332, -0.015451179372692175]",321
Shanghai,coverage_1.0,ce_kl_seed42,accuracy,-0.014330218068535827,"[-0.01962616822429907, -0.009034267912772585]","[-0.02180685358255452, -0.0071651090342679125]",321
Shanghai,coverage_1.0,ce_kl_seed42,brier,0.01792217139563827,"[0.015467122181605189, 0.020324341535895515]","[0.014343981967314099, 0.021244262301741177]",321
Shanghai,coverage_1.0,ce_kl_seed42,nll_clipped,0.027541919214015668,"[0.02372143625512087, 0.03131567872297449]","[0.02209540499025997, 0.03281300984805579]",321
Shanghai,coverage_1.0,ce_kl_seed42,pt_probability,-0.018764558580368202,"[-0.019199563891447738, -0.01832914675140075]","[-0.019366414904967526, -0.018152131569726032]",321
Shanghai,coverage_1.0,ce_kl_seed42,response_rain,0.0029077300703228446,"[0.0023744091307425236, 0.003441978025473538]","[0.002176750484981641, 0.0036612590106140245]",321
Shanghai,coverage_1.0,ce_kl_seed42,response_delay,0.00616902229593736,"[0.005399949827182144, 0.006939069843906155]","[0.005092413640563663, 0.0072467272966299364]",321
Shanghai,coverage_1.0,ce_kl_seed42,response_rain_delay_interaction,-0.001093306444818154,"[-0.0014813108517675198, -0.0007161525440460537]","[-0.0016425097853243642, -0.0005826590410325163]",320
Shanghai,coverage_1.0,ce_kl_seed42,response_fare,0.0035742367168081885,"[0.003283901391057675, 0.003860283905286284]","[0.003167822322267111, 0.003985546749430444]",321
Shanghai,coverage_1.0,ce_kl_seed42,response_parking,0.0001467156725880513,"[-0.000314762899391005, 0.0006087342271366592]","[-0.0004893540208898136, 0.0007923693474486575]",321
Shanghai,coverage_1.0,ce_kl_seed42,response_road,0.0002580370022871784,"[-0.0002470690379865073, 0.0007818562701065963]","[-0.0004191636427732132, 0.00096957647797254]",321
Shanghai,coverage_1.0,ce_kl_seed42,response_walk_vs_wait,0.014006888517178595,"[0.013235721533764096, 0.014769489897425247]","[0.012956388053307281, 0.015043511359810639]",320
Shanghai,coverage_1.0,ce_kl_seed42,response_transfer_vs_wait,-0.05509807793220441,"[-0.061044079467771725, -0.04919562247655038]","[-0.06346037860876945, -0.046782111022348055]",321
Shanghai,coverage_1.0,ce_kl_seed2026,accuracy,0.017757009345794394,"[0.012772585669781933, 0.023052959501557634]","[0.010903426791277258, 0.02523364485981309]",321
Shanghai,coverage_1.0,ce_kl_seed2026,brier,-0.017939433984729854,"[-0.019510795231891493, -0.01636484474462762]","[-0.02015225377629562, -0.015607718747443837]",321
Shanghai,coverage_1.0,ce_kl_seed2026,nll_clipped,-0.023775618246822797,"[-0.025818129788717798, -0.021759520374767288]","[-0.026636708818626825, -0.020821822727680118]",321
Shanghai,coverage_1.0,ce_kl_seed2026,pt_probability,0.017833457012570858,"[0.017329586847076722, 0.018317878074382617]","[0.017120604421650577, 0.01851291021478797]",321
Shanghai,coverage_1.0,ce_kl_seed2026,response_rain,0.0008575923485547954,"[0.0005888814924754829, 0.0011226483243532083]","[0.00048342315281372855, 0.0012216908226552708]",321
Shanghai,coverage_1.0,ce_kl_seed2026,response_delay,0.00641989779754359,"[0.004905772726508466, 0.007936911689113198]","[0.004199438052036331, 0.008564985087402487]",321
Shanghai,coverage_1.0,ce_kl_seed2026,response_rain_delay_interaction,-0.0007607723659020848,"[-0.0011527139659408142, -0.00035515078895607813]","[-0.001303609908218504, -0.00022112428231756812]",320
Shanghai,coverage_1.0,ce_kl_seed2026,response_fare,0.005020442270786963,"[0.0048257205765868455, 0.005228271216699546]","[0.004747092336049228, 0.0053055538169566735]",321
Shanghai,coverage_1.0,ce_kl_seed2026,response_parking,-0.00020492281126456097,"[-0.0005782488350556276, 0.00014980597380908475]","[-0.0007180302743321267, 0.0002877410837794377]",321
Shanghai,coverage_1.0,ce_kl_seed2026,response_road,-0.0011897142570338145,"[-0.0017476347858242898, -0.0006611619870007232]","[-0.0019463491077009716, -0.00046658953876637906]",321
Shanghai,coverage_1.0,ce_kl_seed2026,response_walk_vs_wait,0.009305245784344152,"[0.00873205850118004, 0.009861194562417549]","[0.008491330907612298, 0.010089372894247972]",320
Shanghai,coverage_1.0,ce_kl_seed2026,response_transfer_vs_wait,0.03123803290529786,"[0.029635888057821823, 0.03279832358750576]","[0.02895950798555988, 0.033425057853475604]",321
Shanghai,coverage_1.0,ce_kl_seed7,accuracy,0.005607476635514019,"[-0.0012461059190031153, 0.012461059190031152]","[-0.004049844236760126, 0.014953271028037386]",321
Shanghai,coverage_1.0,ce_kl_seed7,brier,-0.02567790000697973,"[-0.030371152102271672, -0.02091964030507078]","[-0.032158906836640896, -0.019073230113029953]",321
Shanghai,coverage_1.0,ce_kl_seed7,nll_clipped,-0.036090048067778796,"[-0.041873695405954696, -0.030173498960709023]","[-0.043932109601320046, -0.02764419783670792]",321
Shanghai,coverage_1.0,ce_kl_seed7,pt_probability,0.040080792813727235,"[0.03890182058667079, 0.04130168506002338]","[0.03842681832047345, 0.04178593863198908]",321
Shanghai,coverage_1.0,ce_kl_seed7,response_rain,-0.01199451383679084,"[-0.013053359602493845, -0.010909065249088768]","[-0.013438028690036723, -0.010479198766704017]",321
Shanghai,coverage_1.0,ce_kl_seed7,response_delay,0.04299793759726475,"[0.03960177909896195, 0.046324790131904166]","[0.038235676904318484, 0.04769095214804765]",321
Shanghai,coverage_1.0,ce_kl_seed7,response_rain_delay_interaction,-0.009612951363669709,"[-0.01157600487482154, -0.0075900081741966125]","[-0.012273080913110222, -0.00675898598165815]",320
Shanghai,coverage_1.0,ce_kl_seed7,response_fare,0.0019865709116154372,"[0.0016023386124741994, 0.0023692091723840182]","[0.0014529051238850825, 0.002514413274850729]",321
Shanghai,coverage_1.0,ce_kl_seed7,response_parking,0.004768840457977164,"[0.0035540326553573864, 0.006034857244158274]","[0.00311424813394339, 0.006574257532268096]",321
Shanghai,coverage_1.0,ce_kl_seed7,response_road,0.007255153805945893,"[0.005817046439321567, 0.008760711542443834]","[0.005287836832658031, 0.009344216197423743]",321
Shanghai,coverage_1.0,ce_kl_seed7,response_walk_vs_wait,-0.015858079533791168,"[-0.017930483982474744, -0.013804755835424596]","[-0.018747776187863278, -0.012980734533629868]",320
Shanghai,coverage_1.0,ce_kl_seed7,response_transfer_vs_wait,-0.004010232031995262,"[-0.0076886684237036425, -0.0003507878479759595]","[-0.009027865334400163, 0.0010184550906384242]",321
Shanghai,coverage_1.0,signed_l1_seed42,accuracy,0.0,"[-0.0028037383177570096, 0.0028037383177570096]","[-0.00397293613707165, 0.0037383177570093464]",321
Shanghai,coverage_1.0,signed_l1_seed42,brier,-8.706031159897088e-05,"[-0.0008529390039826903, 0.0006531162000342704]","[-0.0011754655560156793, 0.0009623046197613119]",321
Shanghai,coverage_1.0,signed_l1_seed42,nll_clipped,0.00018583890630076696,"[-0.0009235964732801741, 0.0012735908562400665]","[-0.0014089102862213058, 0.0017190901694618536]",321
Shanghai,coverage_1.0,signed_l1_seed42,pt_probability,-0.006291262676063171,"[-0.006668847555866193, -0.005913240173309345]","[-0.006825503780859424, -0.005781601599419079]",321
Shanghai,coverage_1.0,signed_l1_seed42,response_rain,0.00165919648524014,"[0.0013616771875326508, 0.0019557674899929405]","[0.0012459513339623113, 0.00206780691683362]",321
Shanghai,coverage_1.0,signed_l1_seed42,response_delay,0.00950899903555154,"[0.008794172801007735, 0.010228356309351148]","[0.008505954677485673, 0.010501241508140182]",321
Shanghai,coverage_1.0,signed_l1_seed42,response_rain_delay_interaction,-0.00200475852470845,"[-0.002312948077179439, -0.0016985040415271341]","[-0.0024603754941927036, -0.001588851426058683]",320
Shanghai,coverage_1.0,signed_l1_seed42,response_fare,0.00011890091442987555,"[-2.4901415189478624e-05, 0.00026302090338271725]","[-7.655673146804917e-05, 0.00032052591492384155]",321
Shanghai,coverage_1.0,signed_l1_seed42,response_parking,-0.0019091522767907734,"[-0.002353014728501207, -0.0014900679436056785]","[-0.0025438067008599036, -0.0013319070706277452]",321
Shanghai,coverage_1.0,signed_l1_seed42,response_road,-0.0011841781971239226,"[-0.0014819625300874593, -0.000897528303096599]","[-0.0016175436665451972, -0.0007870741255256434]",321
Shanghai,coverage_1.0,signed_l1_seed42,response_walk_vs_wait,0.007523366250097752,"[0.00706560341203016, 0.007977985203584564]","[0.006878007923660334, 0.008171499102508592]",320
Shanghai,coverage_1.0,signed_l1_seed42,response_transfer_vs_wait,0.006899503950389375,"[0.005995767465807103, 0.007791852562563534]","[0.005601834639946051, 0.008111531805987626]",321
Shanghai,coverage_1.0,signed_l1_seed2026,accuracy,0.008722741433021807,"[0.0024922118380062298, 0.014641744548286605]","[-0.00031152647975077905, 0.017133956386292837]",321
Shanghai,coverage_1.0,signed_l1_seed2026,brier,-0.015644120930696493,"[-0.018681222036823843, -0.012658213362978074]","[-0.019749547030836048, -0.01134577146557513]",321
Shanghai,coverage_1.0,signed_l1_seed2026,nll_clipped,-0.021985128406919255,"[-0.02601596222279868, -0.01799875233891341]","[-0.027589853560613622, -0.01619699740661981]",321
Shanghai,coverage_1.0,signed_l1_seed2026,pt_probability,0.031546331937439345,"[0.03072171702339804, 0.03240586383918132]","[0.03041721100315838, 0.032777922221729996]",321
Shanghai,coverage_1.0,signed_l1_seed2026,response_rain,0.0017408824459043248,"[0.0012156288415147137, 0.002265500573795347]","[0.0009908465422672507, 0.0024747005211206772]",321
Shanghai,coverage_1.0,signed_l1_seed2026,response_delay,-0.014917176367709199,"[-0.017071248286598104, -0.012807957710831711]","[-0.01797923086308279, -0.011957128911396647]",321
Shanghai,coverage_1.0,signed_l1_seed2026,response_rain_delay_interaction,-0.00013910668203607202,"[-0.0007284790382254869, 0.0004555883791728664]","[-0.0009468148751965926, 0.0007389254767061318]",320
Shanghai,coverage_1.0,signed_l1_seed2026,response_fare,0.002338028167638452,"[0.002114607958337785, 0.0025603264755920457]","[0.002033029828000106, 0.002653970467318372]",321
Shanghai,coverage_1.0,signed_l1_seed2026,response_parking,-2.6464647964525076e-07,"[-0.0005403049232153878, 0.0005121837210525233]","[-0.0007513681314943643, 0.0007216170817509116]",321
Shanghai,coverage_1.0,signed_l1_seed2026,response_road,0.0021176428252662827,"[0.0012355598914103347, 0.00304589260404355]","[0.0008816125348639729, 0.003444565249160161]",321
Shanghai,coverage_1.0,signed_l1_seed2026,response_walk_vs_wait,0.006630566995590925,"[0.004693143859972947, 0.008570541406156948]","[0.003820542895195417, 0.009324903962147245]",320
Shanghai,coverage_1.0,signed_l1_seed2026,response_transfer_vs_wait,-0.011880635681367737,"[-0.012603544746743186, -0.011205852540598667]","[-0.012886817930222741, -0.010941371471458626]",321
Shanghai,coverage_1.0,signed_l1_seed7,accuracy,0.012461059190031156,"[0.0031152647975077915, 0.021183800623052963]","[-0.0003115264797507777, 0.024845210280373606]",321
Shanghai,coverage_1.0,signed_l1_seed7,brier,-0.02229729031398489,"[-0.026485549246674026, -0.018001840163623203]","[-0.02801780711992511, -0.016176801176952336]",321
Shanghai,coverage_1.0,signed_l1_seed7,nll_clipped,-0.029241340126508465,"[-0.03431948342224198, -0.024074749186726394]","[-0.03604529465940243, -0.021733937455893814]",321
Shanghai,coverage_1.0,signed_l1_seed7,pt_probability,0.042056038828328764,"[0.041378038415418365, 0.04275495396169755]","[0.0410988588565257, 0.0430124698360407]",321
Shanghai,coverage_1.0,signed_l1_seed7,response_rain,-0.005610061722381093,"[-0.006362807329430758, -0.004826852535347329]","[-0.0066481048413886, -0.004514728296211578]",321
Shanghai,coverage_1.0,signed_l1_seed7,response_delay,0.014370287365259783,"[0.011661555496772688, 0.017064002832264356]","[0.010595796898847324, 0.018000483735336827]",321
Shanghai,coverage_1.0,signed_l1_seed7,response_rain_delay_interaction,-0.0015687874052673577,"[-0.0025438191975523847, -0.0006030316458782184]","[-0.0029014903911406455, -0.00022864847485840758]",320
Shanghai,coverage_1.0,signed_l1_seed7,response_fare,-0.003308332551305539,"[-0.0039028620167499022, -0.002734647669199843]","[-0.004139022391602814, -0.002505202408346154]",321
Shanghai,coverage_1.0,signed_l1_seed7,response_parking,0.003639984307259414,"[0.002573037820627385, 0.004756571376852899]","[0.002189209342519303, 0.005190568167652431]",321
Shanghai,coverage_1.0,signed_l1_seed7,response_road,0.006393548321686801,"[0.00508124302678112, 0.007743048416073448]","[0.004645686732993876, 0.008282549481772209]",321
Shanghai,coverage_1.0,signed_l1_seed7,response_walk_vs_wait,-0.01680998201481998,"[-0.01817681767977774, -0.015434695532460728]","[-0.018683025252140734, -0.014947219651244651]",320
Shanghai,coverage_1.0,signed_l1_seed7,response_transfer_vs_wait,-0.009453019690105105,"[-0.011567858858411186, -0.007371750353861636]","[-0.012363412068515574, -0.0066525877175585765]",321
Shanghai,coverage_1.0,direction_magnitude_seed42,accuracy,-0.008722741433021807,"[-0.01370716510903427, -0.0037383177570093455]","[-0.01557632398753894, -0.0018691588785046725]",321
Shanghai,coverage_1.0,direction_magnitude_seed42,brier,0.008453954949034788,"[0.0068100407806138035, 0.010059015867603554]","[0.006085477470129197, 0.010694211898945196]",321
Shanghai,coverage_1.0,direction_magnitude_seed42,nll_clipped,0.010610944222676002,"[0.008430725491192994, 0.01273182865862894]","[0.007464478652397553, 0.013614028180598354]",321
Shanghai,coverage_1.0,direction_magnitude_seed42,pt_probability,-0.01266037243000606,"[-0.012929213850347707, -0.012390720604086948]","[-0.0130380184746005, -0.01229782929925734]",321
Shanghai,coverage_1.0,direction_magnitude_seed42,response_rain,0.0013784456568714987,"[0.0011173982811494036, 0.0016389757348369586]","[0.0010138295682269002, 0.0017520824825895983]",321
Shanghai,coverage_1.0,direction_magnitude_seed42,response_delay,0.012224136042260678,"[0.011505997908008618, 0.01294242896812727]","[0.011206711756901067, 0.013213133803609394]",321
Shanghai,coverage_1.0,direction_magnitude_seed42,response_rain_delay_interaction,-0.0021977390395477416,"[-0.002463325091853094, -0.0019390081046265736]","[-0.0025694944953225437, -0.0018356936385367686]",320
Shanghai,coverage_1.0,direction_magnitude_seed42,response_fare,0.0012720069874112851,"[0.0011065234253153995, 0.0014396419940150785]","[0.0010434843395253487, 0.0015017384599395258]",321
Shanghai,coverage_1.0,direction_magnitude_seed42,response_parking,-0.001311730372942868,"[-0.0016718717878017098, -0.000976446154890031]","[-0.001845254300951354, -0.0008564955634688765]",321
Shanghai,coverage_1.0,direction_magnitude_seed42,response_road,-0.0008108096887760816,"[-0.001090093084677729, -0.0005433097133569629]","[-0.0012039522007920105, -0.0004354443412703535]",321
Shanghai,coverage_1.0,direction_magnitude_seed42,response_walk_vs_wait,0.009240340860560536,"[0.0087662348476513, 0.009714280735160483]","[0.008579352452361038, 0.009908473124488004]",320
Shanghai,coverage_1.0,direction_magnitude_seed42,response_transfer_vs_wait,-0.04675995243417325,"[-0.05015349579565923, -0.043327269408230985]","[-0.051347005884474974, -0.04171774565081571]",321
Shanghai,coverage_1.0,direction_magnitude_seed2026,accuracy,0.009968847352024923,"[0.004672897196261684, 0.01557632398753894]","[0.0028037383177570096, 0.017757009345794397]",321
Shanghai,coverage_1.0,direction_magnitude_seed2026,brier,-0.011665309261058337,"[-0.0139508097630027, -0.009394311468730085]","[-0.014742152982815684, -0.008440769068073057]",321
Shanghai,coverage_1.0,direction_magnitude_seed2026,nll_clipped,-0.016653957512933533,"[-0.019774294138042346, -0.013551709547515394]","[-0.021017359996455917, -0.012228524443384188]",321
Shanghai,coverage_1.0,direction_magnitude_seed2026,pt_probability,0.02433584983637585,"[0.02366584882988795, 0.025056099129791416]","[0.02340436473113269, 0.025365881437208717]",321
Shanghai,coverage_1.0,direction_magnitude_seed2026,response_rain,0.00196357059794423,"[0.001541680670880083, 0.002389385419494452]","[0.0013824413656010482, 0.002540439515333982]",321
Shanghai,coverage_1.0,direction_magnitude_seed2026,response_delay,-0.015701044095546658,"[-0.017291055718941666, -0.014151206624772504]","[-0.017920849639073744, -0.01352252356684114]",321
Shanghai,coverage_1.0,direction_magnitude_seed2026,response_rain_delay_interaction,-0.0009722404356580228,"[-0.0015059915218308077, -0.000446159600039416]","[-0.0017080935191179406, -0.0002349550478382355]",320
Shanghai,coverage_1.0,direction_magnitude_seed2026,response_fare,0.0024385401439443928,"[0.0022355536927361726, 0.0026369787549536177]","[0.00215202347241992, 0.0027218270986674588]",321
Shanghai,coverage_1.0,direction_magnitude_seed2026,response_parking,0.0003793367715639489,"[-6.215196926831456e-05, 0.0008301211712516357]","[-0.00023062531256067605, 0.0010167682701518685]",321
Shanghai,coverage_1.0,direction_magnitude_seed2026,response_road,0.00043528677889862535,"[-0.00026057912994210963, 0.0011340958423146578]","[-0.000510448922992124, 0.0014162561891026028]",321
Shanghai,coverage_1.0,direction_magnitude_seed2026,response_walk_vs_wait,0.01433169700903818,"[0.012900734915456269, 0.015754966611360676]","[0.012316125473191612, 0.016352246927766666]",320
Shanghai,coverage_1.0,direction_magnitude_seed2026,response_transfer_vs_wait,0.003547855603546368,"[0.002458742716439602, 0.004663658944013705]","[0.0020511560755668676, 0.005125308897479715]",321
Shanghai,coverage_1.0,direction_magnitude_seed7,accuracy,0.008722741433021809,"[0.0006230529595015582, 0.01651090342679128]","[-0.002803738317757009, 0.020249221183800625]",321
Shanghai,coverage_1.0,direction_magnitude_seed7,brier,-0.018504114526851006,"[-0.022218299643675332, -0.014717506253210767]","[-0.02343369229352873, -0.013245273873180521]",321
Shanghai,coverage_1.0,direction_magnitude_seed7,nll_clipped,-0.023779388021924284,"[-0.028092037251270952, -0.01933177899526083]","[-0.029734299517266027, -0.017476616327206703]",321
Shanghai,coverage_1.0,direction_magnitude_seed7,pt_probability,0.03459262452044777,"[0.033897879669802546, 0.035315683106558166]","[0.03361777436450948, 0.035605146184333705]",321
Shanghai,coverage_1.0,direction_magnitude_seed7,response_rain,-0.005547408374299141,"[-0.006252124826670436, -0.004858653457411725]","[-0.006533387205723057, -0.004592466345376037]",321
Shanghai,coverage_1.0,direction_magnitude_seed7,response_delay,0.013925114826435612,"[0.011726375012963175, 0.016078684479288317]","[0.010783401385132467, 0.016981557173824144]",321
Shanghai,coverage_1.0,direction_magnitude_seed7,response_rain_delay_interaction,-0.0031160905840806664,"[-0.004120348024598662, -0.0020925670625699605]","[-0.00455104601658264, -0.0016874262884983289]",320
Shanghai,coverage_1.0,direction_magnitude_seed7,response_fare,-0.0016710472719691624,"[-0.0021290679018352633, -0.001217932004562791]","[-0.0023282419542007358, -0.0010489279012604854]",321
Shanghai,coverage_1.0,direction_magnitude_seed7,response_parking,0.0026702689140385184,"[0.0019499369035257358, 0.0034267129974201826]","[0.0016924069038188995, 0.0037317391348613924]",321
Shanghai,coverage_1.0,direction_magnitude_seed7,response_road,0.004872011896977172,"[0.003900782072864403, 0.005878813123777277]","[0.0035460307854706438, 0.00626192292361012]",321
Shanghai,coverage_1.0,direction_magnitude_seed7,response_walk_vs_wait,-0.009349512262269854,"[-0.010646767811267638, -0.008047801137080366]","[-0.011185033433670319, -0.007608909444623632]",320
Shanghai,coverage_1.0,direction_magnitude_seed7,response_transfer_vs_wait,0.008044870436841454,"[0.0059604277193105295, 0.01013057568078611]","[0.00504702812530727, 0.010893625280394776]",321
Shanghai,times_0.8,s9,accuracy,-0.05506230529595016,"[-0.06658878504672897, -0.043847352024922126]","[-0.07120400116822431, -0.039894616433021876]",321
Shanghai,times_0.8,s9,brier,0.054362449473576865,"[0.047439310281494805, 0.061108165818936064]","[0.04423969162342437, 0.06371541359372915]",321
Shanghai,times_0.8,s9,nll_clipped,0.0695562303587477,"[0.06070344029424381, 0.07780943733297356]","[0.05672440897216535, 0.08116337123666156]",321
Shanghai,times_0.8,s9,pt_probability,-0.053759808799344756,"[-0.057962812780746414, -0.04948530069346006]","[-0.059775386645459644, -0.04765841534110053]",321
Shanghai,times_0.8,s9,response_rain,0.023249145272272027,"[0.02063733682825558, 0.025938679543657465]","[0.019583678715049964, 0.02710135295585296]",321
Shanghai,times_0.8,s9,response_delay,0.005121775941975484,"[0.0007023591708139491, 0.009621114935762188]","[-0.0009244089000004292, 0.011323111239589298]",321
Shanghai,times_0.8,s9,response_rain_delay_interaction,-0.01900840609014267,"[-0.022680757090584907, -0.015376516236647148]","[-0.024158245589165156, -0.013991969387243574]",320
Shanghai,times_0.8,s9,response_fare,-0.003976825497046438,"[-0.004937077983865671, -0.002988034624873292]","[-0.005234870603206536, -0.00262375186332371]",321
Shanghai,times_0.8,s9,response_parking,0.0005805492052965075,"[-0.0005691575597263756, 0.0017205700777308587]","[-0.001056260728230845, 0.0022338685372879025]",321
Shanghai,times_0.8,s9,response_road,0.022163013524355547,"[0.018019469532059545, 0.02645431121062731]","[0.016274569894410555, 0.028301934540965162]",321
Shanghai,times_0.8,s9,response_walk_vs_wait,0.0300350102246739,"[0.02784596053148675, 0.03213145346920879]","[0.02705326303240375, 0.03295390315348827]",320
Shanghai,times_0.8,s9,response_transfer_vs_wait,-0.033884859495909414,"[-0.03525225176763173, -0.03251946566922364]","[-0.03579626291362145, -0.032016927738909]",321
Shanghai,times_0.8,mnl_s,accuracy,-0.0009345794392523363,"[-0.006853582554517135, 0.004984423676012461]","[-0.009345794392523364, 0.007476635514018693]",321
Shanghai,times_0.8,mnl_s,brier,-0.003650297826987785,"[-0.007799588172009151, 0.0003866687257446139]","[-0.009376672630387623, 0.001906387873335179]",321
Shanghai,times_0.8,mnl_s,nll_clipped,-0.011034680199122206,"[-0.01848550535739794, -0.0040065594266408015]","[-0.02180206772062647, -0.0013155847252507116]",321
Shanghai,times_0.8,mnl_s,pt_probability,0.023019845361916112,"[0.020371964281758092, 0.02572330143924584]","[0.01933140575662684, 0.026929553067457108]",321
Shanghai,times_0.8,mnl_s,response_rain,-0.0003771276451883304,"[-0.0006935625557989354, -4.419064265138379e-05]","[-0.0008112564305384622, 9.027057313168907e-05]",321
Shanghai,times_0.8,mnl_s,response_delay,0.014922883876476622,"[0.013590552789542661, 0.01631097464957109]","[0.013005185463430767, 0.01684408961132178]",321
Shanghai,times_0.8,mnl_s,response_rain_delay_interaction,-0.0024780217784806657,"[-0.003232221454764301, -0.0016546742804630957]","[-0.0034943711045685023, -0.0012982851437154414]",320
Shanghai,times_0.8,mnl_s,response_fare,-0.0003287639883031492,"[-0.00040869224129277807, -0.0002533355509483887]","[-0.0004442897575988227, -0.00022697651790980311]",321
Shanghai,times_0.8,mnl_s,response_parking,0.00018526131837141914,"[-0.0015156102441295145, 0.0019069147950346002]","[-0.002275607285144159, 0.0026450410095430876]",321
Shanghai,times_0.8,mnl_s,response_road,0.011148541297173553,"[0.00887084231111731, 0.013552246415052614]","[0.007996088852595494, 0.014422792961690184]",321
Shanghai,times_0.8,mnl_s,response_walk_vs_wait,0.011936452438929572,"[0.010783980644031058, 0.01309215829235787]","[0.01033620065317598, 0.013532022888859446]",320
Shanghai,times_0.8,mnl_s,response_transfer_vs_wait,0.008399129131522532,"[0.006226068352515165, 0.010792221120410169]","[0.005473782803058007, 0.011921340423380361]",321
Shanghai,times_0.8,soft_kl_seed42,accuracy,-0.009345794392523364,"[-0.014641744548286602, -0.004361370716510903]","[-0.01651090342679128, -0.002180685358255452]",321
Shanghai,times_0.8,soft_kl_seed42,brier,0.02381130491691106,"[0.01897812948430436, 0.02853273742512669]","[0.01678888556779918, 0.030472710164566107]",321
Shanghai,times_0.8,soft_kl_seed42,nll_clipped,0.03294201991388603,"[0.025421918343079865, 0.04011193454304401]","[0.02233717177003218, 0.04294665276971289]",321
Shanghai,times_0.8,soft_kl_seed42,pt_probability,-0.04084927528382879,"[-0.0435382960611052, -0.03821480385838744]","[-0.044596934986186165, -0.03708714264732421]",321
Shanghai,times_0.8,soft_kl_seed42,response_rain,0.0052578327161872124,"[0.004282645506325912, 0.0062354979705866245]","[0.003913217725383112, 0.006588663581491813]",321
Shanghai,times_0.8,soft_kl_seed42,response_delay,-0.004772103742647023,"[-0.006268775102760747, -0.003260888845726523]","[-0.0068287216802200195, -0.0026405753258824625]",321
Shanghai,times_0.8,soft_kl_seed42,response_rain_delay_interaction,0.0008123892126604915,"[3.4350175149390666e-05, 0.0015986852097155232]","[-0.0002631655903624142, 0.0019223748035279182]",320
Shanghai,times_0.8,soft_kl_seed42,response_fare,0.0015332921643123449,"[0.001111186656671521, 0.0019479825790983123]","[0.0009444897350306823, 0.0021118519862539297]",321
Shanghai,times_0.8,soft_kl_seed42,response_parking,0.0016869015968477242,"[0.0011246810043433746, 0.0023038460144836946]","[0.0008966649894100669, 0.0025511398178893695]",321
Shanghai,times_0.8,soft_kl_seed42,response_road,0.010389727363333896,"[0.008369933149989149, 0.012488386860099909]","[0.007574436288164505, 0.01342020239942124]",321
Shanghai,times_0.8,soft_kl_seed42,response_walk_vs_wait,-0.0198630488011986,"[-0.02114800300898007, -0.01855708082377725]","[-0.021720997234590193, -0.018014250845094653]",320
Shanghai,times_0.8,soft_kl_seed42,response_transfer_vs_wait,-0.031559618845628426,"[-0.03501314043801428, -0.02817254675540644]","[-0.03638850865527303, -0.026921373331299882]",321
Shanghai,times_0.8,soft_kl_seed2026,accuracy,-0.020249221183800622,"[-0.028037383177570093, -0.012772585669781933]","[-0.031775700934579446, -0.010045755451713623]",321
Shanghai,times_0.8,soft_kl_seed2026,brier,0.015722319852880022,"[0.011583456019272709, 0.01982837736594423]","[0.009552989928272351, 0.02132517762743071]",321
Shanghai,times_0.8,soft_kl_seed2026,nll_clipped,0.020989613249324336,"[0.015253456461938342, 0.026390314089465162]","[0.012767184171950103, 0.02815317494330558]",321
Shanghai,times_0.8,soft_kl_seed2026,pt_probability,-0.016309463248712904,"[-0.01928578795942063, -0.013289588598020933]","[-0.02043639332019326, -0.011972710677436922]",321
Shanghai,times_0.8,soft_kl_seed2026,response_rain,0.0007989791880515506,"[0.00017534749309686118, 0.0014367593771479207]","[-8.874579551818307e-05, 0.0016544796349451723]",321
Shanghai,times_0.8,soft_kl_seed2026,response_delay,0.005016036018311421,"[0.0031426538291134845, 0.00689217454486895]","[0.0024442955595876358, 0.007593270184978481]",321
Shanghai,times_0.8,soft_kl_seed2026,response_rain_delay_interaction,-0.004144647467182949,"[-0.005098670689088675, -0.0032056292988333827]","[-0.005525895236133353, -0.002861339461182695]",320
Shanghai,times_0.8,soft_kl_seed2026,response_fare,-0.004463889215408456,"[-0.0048185363440916545, -0.004117137450156183]","[-0.004958996033902364, -0.003988769508584917]",321
Shanghai,times_0.8,soft_kl_seed2026,response_parking,-0.003177264954813544,"[-0.004193526615513448, -0.002178205876985443]","[-0.004597790352419901, -0.0017986439133637433]",321
Shanghai,times_0.8,soft_kl_seed2026,response_road,0.014538472640180142,"[0.011874012068796009, 0.01728534166617]","[0.010812148704219643, 0.018530563921798138]",321
Shanghai,times_0.8,soft_kl_seed2026,response_walk_vs_wait,0.015176939417142422,"[0.013922292531369864, 0.01648448987596325]","[0.01340458586244812, 0.01696297272217056]",320
Shanghai,times_0.8,soft_kl_seed2026,response_transfer_vs_wait,-0.0014252274346500172,"[-0.0019690637810393656, -0.000898394180676462]","[-0.002205830490117968, -0.0007001382203749459]",321
Shanghai,times_0.8,soft_kl_seed7,accuracy,-0.02313084112149533,"[-0.030685358255451718, -0.015654205607476636]","[-0.03380062305295951, -0.012285095404984596]",321
Shanghai,times_0.8,soft_kl_seed7,brier,0.028748177622233414,"[0.02442011076978302, 0.03286451418363403]","[0.02285192100546583, 0.03443530732760653]",321
Shanghai,times_0.8,soft_kl_seed7,nll_clipped,0.03784748043256137,"[0.032115308401668125, 0.043274921217758194]","[0.029749963623576164, 0.045262350653469736]",321
Shanghai,times_0.8,soft_kl_seed7,pt_probability,-0.015602872153958797,"[-0.01869100894662914, -0.012511554148245453]","[-0.019782200139001407, -0.01107325906504448]",321
Shanghai,times_0.8,soft_kl_seed7,response_rain,0.009216012195263325,"[0.008360879521851784, 0.010109961079868756]","[0.008005463264119519, 0.01040425251768989]",321
Shanghai,times_0.8,soft_kl_seed7,response_delay,0.015054087041415901,"[0.012750384504573182, 0.017383361631290655]","[0.012013869710314462, 0.01835040954091058]",321
Shanghai,times_0.8,soft_kl_seed7,response_rain_delay_interaction,-0.0050008583231829105,"[-0.006159811957409389, -0.003848892991363783]","[-0.006602085632895691, -0.0033648185146513206]",320
Shanghai,times_0.8,soft_kl_seed7,response_fare,0.003332864342263183,"[0.0028834604104035, 0.0037915128512406647]","[0.0027097455876505124, 0.00395702058391361]",321
Shanghai,times_0.8,soft_kl_seed7,response_parking,0.002297737470297056,"[0.0013374246053420866, 0.0033397040425616996]","[0.0009519397373952414, 0.0037650825496403123]",321
Shanghai,times_0.8,soft_kl_seed7,response_road,0.029215670541810842,"[0.023766772001053316, 0.034876779463966126]","[0.021524953712111577, 0.03730474184999804]",321
Shanghai,times_0.8,soft_kl_seed7,response_walk_vs_wait,-0.01020226562395692,"[-0.011651842302665975, -0.008684738291355952]","[-0.012161844406846655, -0.00800484791143391]",320
Shanghai,times_0.8,soft_kl_seed7,response_transfer_vs_wait,0.03424353198934567,"[0.032240358937380836, 0.03627505451672916]","[0.03144848086026924, 0.03700581495700885]",321
Shanghai,times_0.8,ce_kl_seed42,accuracy,-0.037383177570093455,"[-0.04672897196261682, -0.02866043613707166]","[-0.05046728971962618, -0.02523364485981309]",321
Shanghai,times_0.8,ce_kl_seed42,brier,0.04014644815436267,"[0.033419748942309584, 0.04684314317131024]","[0.03053507780201288, 0.049671207210129305]",321
Shanghai,times_0.8,ce_kl_seed42,nll_clipped,0.0539282968788736,"[0.044054370014199075, 0.06365554796059403]","[0.03990775348542036, 0.0674063170849602]",321
Shanghai,times_0.8,ce_kl_seed42,pt_probability,-0.04443838627591172,"[-0.04810584102271305, -0.040822225495027974]","[-0.04942032642153956, -0.03917265534154081]",321
Shanghai,times_0.8,ce_kl_seed42,response_rain,0.009154579233714724,"[0.007700111399001421, 0.01062956769135418]","[0.007082170909277897, 0.011189559990042567]",321
Shanghai,times_0.8,ce_kl_seed42,response_delay,-0.015061542554250759,"[-0.016998612627131728, -0.013118688947582079]","[-0.0177411597237503, -0.012404310285179762]",321
Shanghai,times_0.8,ce_kl_seed42,response_rain_delay_interaction,0.004145110596437007,"[0.0029794311296781222, 0.005313851206718816]","[0.0025027490508660434, 0.005778663772020161]",320
Shanghai,times_0.8,ce_kl_seed42,response_fare,0.0024402738081703303,"[0.0019231654393176238, 0.002968067592561152]","[0.0017395741846615513, 0.003169841358417824]",321
Shanghai,times_0.8,ce_kl_seed42,response_parking,0.002476317256781914,"[0.0017131628741356444, 0.003292251710208405]","[0.001433179104944395, 0.003652457064568903]",321
Shanghai,times_0.8,ce_kl_seed42,response_road,0.0175093894249925,"[0.014097186913162564, 0.021057948763728882]","[0.012832366110252165, 0.02247856172357284]",321
Shanghai,times_0.8,ce_kl_seed42,response_walk_vs_wait,-0.003668715455569327,"[-0.004441438542821035, -0.002925099308809775]","[-0.0047363824605249115, -0.0026151397896683228]",320
Shanghai,times_0.8,ce_kl_seed42,response_transfer_vs_wait,-0.04022905796351393,"[-0.04684327170883836, -0.03370949403198605]","[-0.04941416585233499, -0.03129020925682929]",321
Shanghai,times_0.8,ce_kl_seed2026,accuracy,-0.0037383177570093455,"[-0.010903426791277258, 0.0034267912772585674]","[-0.014018691588785047, 0.005919003115264798]",321
Shanghai,times_0.8,ce_kl_seed2026,brier,0.008462359965063539,"[0.0051711143383794565, 0.011584304592539264]","[0.0038802453822205677, 0.012684690643037792]",321
Shanghai,times_0.8,ce_kl_seed2026,nll_clipped,0.009711508898166422,"[0.003876399347498917, 0.014851342669660303]","[0.0015605296935549344, 0.016905089311083855]",321
Shanghai,times_0.8,ce_kl_seed2026,pt_probability,-0.014502680266415265,"[-0.016458988875278344, -0.012469192704380232]","[-0.017248343213487997, -0.011560433732977762]",321
Shanghai,times_0.8,ce_kl_seed2026,response_rain,-0.00180151956475041,"[-0.0022340169568137035, -0.0013645625940155576]","[-0.0024024051952471733, -0.001197048298205101]",321
Shanghai,times_0.8,ce_kl_seed2026,response_delay,0.05040529279351652,"[0.0470926953818739, 0.0536193810400083]","[0.0457513464842185, 0.05486878199974107]",321
Shanghai,times_0.8,ce_kl_seed2026,response_rain_delay_interaction,0.0010532312633586116,"[0.0004385491032327447, 0.0016320157946691331]","[0.0002080834849311091, 0.0018573672105671659]",320
Shanghai,times_0.8,ce_kl_seed2026,response_fare,0.004360264741650252,"[0.004122417138721155, 0.00460227149686663]","[0.004038906695373426, 0.004698548493602216]",321
Shanghai,times_0.8,ce_kl_seed2026,response_parking,-0.003693053144903569,"[-0.0046620190039137815, -0.002764381787440859]","[-0.005019731430273004, -0.002398586908726725]",321
Shanghai,times_0.8,ce_kl_seed2026,response_road,0.023246533031404205,"[0.018770353522766788, 0.02781467716270518]","[0.016962087113189736, 0.029729162298021052]",321
Shanghai,times_0.8,ce_kl_seed2026,response_walk_vs_wait,0.017967931437306107,"[0.016900268443104015, 0.019012451931729773]","[0.0164787132617569, 0.01944869309540307]",320
Shanghai,times_0.8,ce_kl_seed2026,response_transfer_vs_wait,0.05725521344772752,"[0.05470279181460238, 0.05972024593661856]","[0.05365062705018105, 0.06074357642712379]",321
Shanghai,times_0.8,ce_kl_seed7,accuracy,-0.01090342679127726,"[-0.017133956386292837, -0.004984423676012461]","[-0.01962616822429907, -0.0024922118380062306]",321
Shanghai,times_0.8,ce_kl_seed7,brier,0.01140889917794496,"[0.007034675635967964, 0.01570689205499821]","[0.0052877750001706966, 0.01737429774387105]",321
Shanghai,times_0.8,ce_kl_seed7,nll_clipped,0.01456348037742397,"[0.007822288661949311, 0.02102386270145793]","[0.005026538031281818, 0.023357817123731205]",321
Shanghai,times_0.8,ce_kl_seed7,pt_probability,-0.011206225878805666,"[-0.013997141525237832, -0.008340855188822997]","[-0.01508104178403153, -0.007261168684592265]",321
Shanghai,times_0.8,ce_kl_seed7,response_rain,0.02413424259962694,"[0.02237449097287525, 0.025860747676981016]","[0.021684657333990286, 0.026565020802108756]",321
Shanghai,times_0.8,ce_kl_seed7,response_delay,0.06237777106092541,"[0.0590030281923456, 0.06578959885932435]","[0.05775485965599179, 0.06717316246017772]",321
Shanghai,times_0.8,ce_kl_seed7,response_rain_delay_interaction,-0.024804841418517753,"[-0.0274961181511256, -0.02203726323072879]","[-0.028448839906731933, -0.020961581219645586]",320
Shanghai,times_0.8,ce_kl_seed7,response_fare,-0.0008564585605143016,"[-0.0014078721200983472, -0.00032148047051511474]","[-0.0016302530775630028, -9.90363252798907e-05]",321
Shanghai,times_0.8,ce_kl_seed7,response_parking,0.005004888383027549,"[0.0036459133603444723, 0.00643254160080279]","[0.003145628220639612, 0.007094192967280117]",321
Shanghai,times_0.8,ce_kl_seed7,response_road,0.024619446185379756,"[0.019949525935615983, 0.029497837859156578]","[0.017936706598111897, 0.03152357379081178]",321
Shanghai,times_0.8,ce_kl_seed7,response_walk_vs_wait,0.037674141762545334,"[0.035773483580704826, 0.039559486610930526]","[0.035031646133422314, 0.040378720293880274]",320
Shanghai,times_0.8,ce_kl_seed7,response_transfer_vs_wait,0.07448476103549341,"[0.0694337515011749, 0.0793989731689387]","[0.06726531624781132, 0.08128965893883444]",321
Shanghai,times_0.8,signed_l1_seed42,accuracy,-0.0018691588785046732,"[-0.004984423676012461, 0.001246105919003115]","[-0.006230529595015576, 0.002180685358255452]",321
Shanghai,times_0.8,signed_l1_seed42,brier,0.013163216357786733,"[0.009284332676179658, 0.016872195112081188]","[0.007760115810664811, 0.018359748741275387]",321
Shanghai,times_0.8,signed_l1_seed42,nll_clipped,0.019500788340792077,"[0.012450442580851125, 0.026164251607374754]","[0.009482373854671662, 0.028392295542577776]",321
Shanghai,times_0.8,signed_l1_seed42,pt_probability,-0.033184863798714874,"[-0.035516557616973726, -0.030883568923461995]","[-0.036439029717610455, -0.030010970157906252]",321
Shanghai,times_0.8,signed_l1_seed42,response_rain,0.00960024332517404,"[0.008508057827333052, 0.01068718832949426]","[0.00807855426684904, 0.011106576414262392]",321
Shanghai,times_0.8,signed_l1_seed42,response_delay,0.015793452474558465,"[0.013676122964194445, 0.017939033667989237]","[0.012864010933949104, 0.01885186507333232]",321
Shanghai,times_0.8,signed_l1_seed42,response_rain_delay_interaction,-0.0025767191546037793,"[-0.003404624387087394, -0.001776115063741453]","[-0.0037758531307455837, -0.0014926747491766314]",320
Shanghai,times_0.8,signed_l1_seed42,response_fare,0.0007651668749865713,"[0.0003170535467402586, 0.001215224796644995]","[0.00013819232269703788, 0.001397388211141024]",321
Shanghai,times_0.8,signed_l1_seed42,response_parking,0.00027515388723474426,"[-0.000229724950368902, 0.0008091158932800233]","[-0.00042761845813013864, 0.0010164407238573091]",321
Shanghai,times_0.8,signed_l1_seed42,response_road,0.009948049518178185,"[0.00792107307859856, 0.012005523456452049]","[0.007177482219122791, 0.01292798435446049]",321
Shanghai,times_0.8,signed_l1_seed42,response_walk_vs_wait,0.006005081720650196,"[0.005458582200783065, 0.006575660962889709]","[0.005237028178817127, 0.006822162651078542]",320
Shanghai,times_0.8,signed_l1_seed42,response_transfer_vs_wait,0.038184401692352564,"[0.03579544180342666, 0.04062747693318884]","[0.03487721433438001, 0.04157127346388337]",321
Shanghai,times_0.8,signed_l1_seed2026,accuracy,-0.023052959501557634,"[-0.031464174454828665, -0.015264797507788162]","[-0.03520249221183801, -0.012461059190031152]",321
Shanghai,times_0.8,signed_l1_seed2026,brier,0.015622815913545219,"[0.011452677246109676, 0.019691656766573157]","[0.009540331421190134, 0.021215861219023566]",321
Shanghai,times_0.8,signed_l1_seed2026,nll_clipped,0.021831471021577033,"[0.016276957160062985, 0.02714741594601174]","[0.013886434140957592, 0.02895248814718343]",321
Shanghai,times_0.8,signed_l1_seed2026,pt_probability,-0.016216693610254664,"[-0.019264201056429786, -0.013100765472730603]","[-0.02035424781275617, -0.011818162591453735]",321
Shanghai,times_0.8,signed_l1_seed2026,response_rain,0.003208370200384443,"[0.0025100069404855323, 0.003923929892364321]","[0.0022403352329582907, 0.004191291466213156]",321
Shanghai,times_0.8,signed_l1_seed2026,response_delay,0.0030973150722705687,"[0.0017571752447043067, 0.004506400694658637]","[0.0011709000443099675, 0.004976233524398012]",321
Shanghai,times_0.8,signed_l1_seed2026,response_rain_delay_interaction,-0.005452996003441513,"[-0.00638302761752346, -0.004555998386863181]","[-0.006808274987500035, -0.0042473506620676026]",320
Shanghai,times_0.8,signed_l1_seed2026,response_fare,-0.0018541409033481205,"[-0.00223140527212824, -0.0014701749920566507]","[-0.0023671195956927685, -0.0013229883748840693]",321
Shanghai,times_0.8,signed_l1_seed2026,response_parking,-0.0021066516637802124,"[-0.0030686752249797183, -0.0011765675450968224]","[-0.0034789615843120116, -0.0007659684750614153]",321
Shanghai,times_0.8,signed_l1_seed2026,response_road,0.021920685549020026,"[0.017908014155738637, 0.026059080702122123]","[0.016243067298394937, 0.027852270156913907]",321
Shanghai,times_0.8,signed_l1_seed2026,response_walk_vs_wait,0.009597968414891512,"[0.00837363352835599, 0.010852825356377934]","[0.007862936543947017, 0.011315338073412552]",320
Shanghai,times_0.8,signed_l1_seed2026,response_transfer_vs_wait,-0.019687047164388162,"[-0.020659953961584054, -0.018709248651944774]","[-0.02109980473376091, -0.018332588994974204]",321
Shanghai,times_0.8,signed_l1_seed7,accuracy,-0.019003115264797508,"[-0.02741433021806854, -0.011214953271028038]","[-0.030841121495327105, -0.00809968847352025]",321
Shanghai,times_0.8,signed_l1_seed7,brier,0.02369875875675341,"[0.019376309338218885, 0.027819539177584462]","[0.017761385980941517, 0.02925410452465156]",321
Shanghai,times_0.8,signed_l1_seed7,nll_clipped,0.03226339535611549,"[0.026443675554490207, 0.03785657281413773]","[0.023945823480355087, 0.03974643027769478]",321
Shanghai,times_0.8,signed_l1_seed7,pt_probability,-0.012207310394938118,"[-0.015208197300296244, -0.009168203383933675]","[-0.016300870213799782, -0.007878358206023376]",321
Shanghai,times_0.8,signed_l1_seed7,response_rain,0.012825009839557042,"[0.011586494297021273, 0.014068533481327914]","[0.011105299422465194, 0.014591118436150042]",321
Shanghai,times_0.8,signed_l1_seed7,response_delay,0.02730715692600357,"[0.02446436214948369, 0.03021497231591899]","[0.023427889511138607, 0.03131998379470349]",321
Shanghai,times_0.8,signed_l1_seed7,response_rain_delay_interaction,-0.011066918529104441,"[-0.012820550570031628, -0.00935274643448706]","[-0.013498357779248763, -0.008673388135105379]",320
Shanghai,times_0.8,signed_l1_seed7,response_fare,-0.00215210359415904,"[-0.002943860937919572, -0.0013765138814753842]","[-0.0032186965735170794, -0.00106582997114372]",321
Shanghai,times_0.8,signed_l1_seed7,response_parking,0.00507487639831234,"[0.003749423035394366, 0.006466857355517389]","[0.0032711647078104756, 0.0070446766073006045]",321
Shanghai,times_0.8,signed_l1_seed7,response_road,0.032233031716116495,"[0.026228116117882023, 0.03845488942486474]","[0.02376344865304055, 0.04124089527129543]",321
Shanghai,times_0.8,signed_l1_seed7,response_walk_vs_wait,-0.008187466021627187,"[-0.009330553028149011, -0.007004361530416644]","[-0.009775089683328169, -0.006528568266516675]",320
Shanghai,times_0.8,signed_l1_seed7,response_transfer_vs_wait,0.05024929806543659,"[0.04754562635624613, 0.052871019515641195]","[0.046439268512323474, 0.05395423702509766]",321
Shanghai,times_0.8,direction_magnitude_seed42,accuracy,-0.019314641744548288,"[-0.02461059190031153, -0.01401869158878505]","[-0.02671436915887851, -0.012149532710280376]",321
Shanghai,times_0.8,direction_magnitude_seed42,brier,0.02695247020446244,"[0.021935403466672426, 0.031867540475884915]","[0.01972472995213541, 0.03400686613109763]",321
Shanghai,times_0.8,direction_magnitude_seed42,nll_clipped,0.0359218575399113,"[0.028287478263343675, 0.04331652030560254]","[0.024981001130160062, 0.046187000543167746]",321
Shanghai,times_0.8,direction_magnitude_seed42,pt_probability,-0.0407542643337467,"[-0.043515083743781546, -0.03798950389661533]","[-0.044572266633533496, -0.03689682270731701]",321
Shanghai,times_0.8,direction_magnitude_seed42,response_rain,0.007941905351071343,"[0.007008100084008829, 0.008877528370633674]","[0.006639939665103859, 0.009239268698511974]",321
Shanghai,times_0.8,direction_magnitude_seed42,response_delay,0.0018092337241425321,"[0.0002792497475941976, 0.0033585076925353465]","[-0.00026274007190935707, 0.0040488296804943825]",321
Shanghai,times_0.8,direction_magnitude_seed42,response_rain_delay_interaction,-0.0007733468431979418,"[-0.0015516793611459433, -2.1966411732137407e-05]","[-0.0018523808841439794, 0.0002735651348923677]",320
Shanghai,times_0.8,direction_magnitude_seed42,response_fare,0.00013955257763372404,"[-0.0002595106598187087, 0.0005448974297611141]","[-0.0004204978182842241, 0.0006908974053216294]",321
Shanghai,times_0.8,direction_magnitude_seed42,response_parking,0.0023039091970318945,"[0.0017323547283715549, 0.0029152625562431657]","[0.001526358737566761, 0.0031751264883292303]",321
Shanghai,times_0.8,direction_magnitude_seed42,response_road,0.012639543117021102,"[0.01013420323530833, 0.015221483014361508]","[0.00910475008041711, 0.01634808105077142]",321
Shanghai,times_0.8,direction_magnitude_seed42,response_walk_vs_wait,-0.015867413533851505,"[-0.017043976446546937, -0.014678408445324748]","[-0.017510858156747418, -0.014214861751962448]",320
Shanghai,times_0.8,direction_magnitude_seed42,response_transfer_vs_wait,-0.04851570269354036,"[-0.052569442727774196, -0.04448803937399174]","[-0.054139980043315786, -0.042784264137423714]",321
Shanghai,times_0.8,direction_magnitude_seed2026,accuracy,-0.0264797507788162,"[-0.03613707165109035, -0.017445482866043614]","[-0.03979848130841122, -0.014018691588785047]",321
Shanghai,times_0.8,direction_magnitude_seed2026,brier,0.021797234220556135,"[0.01715449114308958, 0.02640981820207182]","[0.015159467877142181, 0.028274540124504578]",321
Shanghai,times_0.8,direction_magnitude_seed2026,nll_clipped,0.029416757193465502,"[0.023272832384875052, 0.035314787184878293]","[0.02051300857887475, 0.03741775206462426]",321
Shanghai,times_0.8,direction_magnitude_seed2026,pt_probability,-0.02594135741636482,"[-0.029090225600573658, -0.022772202563959513]","[-0.030299791799627197, -0.02144794538004594]",321
Shanghai,times_0.8,direction_magnitude_seed2026,response_rain,0.0016559679003148064,"[0.0009215384129887429, 0.0023956827999228997]","[0.0006519821223678108, 0.00269196565912868]",321
Shanghai,times_0.8,direction_magnitude_seed2026,response_delay,0.013686957481865571,"[0.012110037412610472, 0.015343493238277153]","[0.011521998521432314, 0.01600622132274022]",321
Shanghai,times_0.8,direction_magnitude_seed2026,response_rain_delay_interaction,-0.002777044108370319,"[-0.003630585748280418, -0.0019524681682748953]","[-0.0039745577305940714, -0.0016450122483729506]",320
Shanghai,times_0.8,direction_magnitude_seed2026,response_fare,-0.000941700188913078,"[-0.0012915936556885546, -0.0006048177981116691]","[-0.0014327661110366755, -0.0004671523354750294]",321
Shanghai,times_0.8,direction_magnitude_seed2026,response_parking,-0.0022898105631736208,"[-0.003115414930188396, -0.001475834249985924]","[-0.00346206439618381, -0.0011991298684960597]",321
Shanghai,times_0.8,direction_magnitude_seed2026,response_road,0.012396194249670082,"[0.010066095625871439, 0.014789189559601918]","[0.009138563352657303, 0.015818123671159468]",321
Shanghai,times_0.8,direction_magnitude_seed2026,response_walk_vs_wait,0.025731699343305083,"[0.02417517070284235, 0.027310337844620985]","[0.023583897568722794, 0.028020596104765646]",320
Shanghai,times_0.8,direction_magnitude_seed2026,response_transfer_vs_wait,0.005511524544512371,"[0.004661612209756612, 0.0063497324036057125]","[0.004276732352745032, 0.0066717630310268354]",321
Shanghai,times_0.8,direction_magnitude_seed7,accuracy,-0.02461059190031153,"[-0.03271028037383177, -0.016822429906542057]","[-0.03582554517133956, -0.01378407320872297]",321
Shanghai,times_0.8,direction_magnitude_seed7,brier,0.02719385278125928,"[0.022941878436782935, 0.031260274631224556]","[0.02124013432101324, 0.03273772809293238]",321
Shanghai,times_0.8,direction_magnitude_seed7,nll_clipped,0.03731494234590381,"[0.03165459919856985, 0.04275914869706054]","[0.02914947010111441, 0.04464132631374331]",321
Shanghai,times_0.8,direction_magnitude_seed7,pt_probability,-0.017783801851799928,"[-0.020756941858818316, -0.014799318413723065]","[-0.021823194004153553, -0.013445828170174716]",321
Shanghai,times_0.8,direction_magnitude_seed7,response_rain,0.011400403170570778,"[0.01031331871041442, 0.012483914176762291]","[0.00989308413915986, 0.012947580348729296]",321
Shanghai,times_0.8,direction_magnitude_seed7,response_delay,0.0334225874336152,"[0.030944764190803158, 0.03595075684068637]","[0.02999436445958547, 0.037094753999422615]",321
Shanghai,times_0.8,direction_magnitude_seed7,response_rain_delay_interaction,-0.00978469055844471,"[-0.011640603386695376, -0.007993164491392542]","[-0.012301971544186833, -0.0072761523470285016]",320
Shanghai,times_0.8,direction_magnitude_seed7,response_fare,-6.004652687322314e-05,"[-0.0006067437186512249, 0.0004730884020573625]","[-0.0008352282561501053, 0.000688295038649082]",321
Shanghai,times_0.8,direction_magnitude_seed7,response_parking,0.0040969594245387755,"[0.003049203061797537, 0.0052080476082095465]","[0.0026727440706062543, 0.005726189996083943]",321
Shanghai,times_0.8,direction_magnitude_seed7,response_road,0.029058823332979673,"[0.023629852515468345, 0.03469227983781668]","[0.02148362202490056, 0.03707979788722299]",321
Shanghai,times_0.8,direction_magnitude_seed7,response_walk_vs_wait,-0.004796386021189392,"[-0.005889888248840461, -0.0036424369458309858]","[-0.006278892862030256, -0.003183024291622214]",320
Shanghai,times_0.8,direction_magnitude_seed7,response_transfer_vs_wait,0.049534056776687735,"[0.04705169819022683, 0.052070233415858674]","[0.04612417787166945, 0.052966133625691934]",321
Shanghai,times_1.2,s9,accuracy,0.008411214953271028,"[0.0037383177570093455, 0.013395638629283491]","[0.002180685358255451, 0.015264797507788162]",321
Shanghai,times_1.2,s9,brier,-0.01845511125679747,"[-0.022249884999749753, -0.01453339915525582]","[-0.0236091576772176, -0.012821439553681334]",321
Shanghai,times_1.2,s9,nll_clipped,-0.023784231905906197,"[-0.029588274265873408, -0.01746939807797821]","[-0.03182103465135379, -0.015160501951122536]",321
Shanghai,times_1.2,s9,pt_probability,0.022150525823598177,"[0.01925464866429022, 0.02497760625220284]","[0.017998202714993666, 0.026129415110886]",321
Shanghai,times_1.2,s9,response_rain,-0.0064216515983562235,"[-0.007916499426257665, -0.0049677527498024465]","[-0.008573497358254066, -0.004429097710114938]",321
Shanghai,times_1.2,s9,response_delay,0.015253068244583742,"[0.0123826944882687, 0.018235829245876464]","[0.011293135618218791, 0.019327403220797852]",321
Shanghai,times_1.2,s9,response_rain_delay_interaction,0.0023880654123786373,"[0.00010433576128319914, 0.004670188546480286]","[-0.0006370404192230933, 0.0054998292112623795]",320
Shanghai,times_1.2,s9,response_fare,-0.0010389467916013296,"[-0.0016876480347735117, -0.000401521857967165]","[-0.0019475444540239268, -0.0001550386009906137]",321
Shanghai,times_1.2,s9,response_parking,0.0021185015452985082,"[0.0006914231525821107, 0.003652779918129199]","[7.923334899338143e-05, 0.0042833572461028965]",321
Shanghai,times_1.2,s9,response_road,-0.014554058059446536,"[-0.01743725389561317, -0.011766926971528204]","[-0.01867963448874043, -0.010661048458626605]",321
Shanghai,times_1.2,s9,response_walk_vs_wait,-0.001033055642619729,"[-0.0025954014669546735, 0.0005157254252234987]","[-0.00329295833836541, 0.0011130173636774913]",320
Shanghai,times_1.2,s9,response_transfer_vs_wait,0.03661489355554833,"[0.03491487774121752, 0.038315844613292786]","[0.03435470784678504, 0.03904109220658762]",321
Shanghai,times_1.2,mnl_s,accuracy,0.0007009345794392526,"[-0.004361370716510904, 0.005843068535825517]","[-0.00646417445482866, 0.00800257982866038]",321
Shanghai,times_1.2,mnl_s,brier,0.006930613694810404,"[0.003543033063906514, 0.0104653996450593]","[0.00239903314399334, 0.011822041833438001]",321
Shanghai,times_1.2,mnl_s,nll_clipped,0.019568573173148134,"[0.012288925023278293, 0.027479477207542378]","[0.00962800154811296, 0.030916734402826586]",321
Shanghai,times_1.2,mnl_s,pt_probability,-0.020154601040518163,"[-0.022318796644047515, -0.01806612619207724]","[-0.02326034227700663, -0.01723954207034976]",321
Shanghai,times_1.2,mnl_s,response_rain,0.000536153203676012,"[0.0002277516400690949, 0.0008291816237001136]","[0.0001025926982731861, 0.0009440250351494168]",321
Shanghai,times_1.2,mnl_s,response_delay,-0.01362504170162241,"[-0.015176434532061545, -0.012073034043589358]","[-0.015798828332178903, -0.011489816698503437]",321
Shanghai,times_1.2,mnl_s,response_rain_delay_interaction,0.0022406991655939713,"[0.001323442903667361, 0.0030778750589054407]","[0.0009383499414897282, 0.0033517882134586133]",320
Shanghai,times_1.2,mnl_s,response_fare,0.0003968239538669947,"[0.00031892386793505026, 0.0004797956217422614]","[0.0002885362938839647, 0.0005164705019586391]",321
Shanghai,times_1.2,mnl_s,response_parking,0.003516587130755549,"[0.0017490660662547533, 0.005323843824646303]","[0.0010122028535832072, 0.006158620854116134]",321
Shanghai,times_1.2,mnl_s,response_road,-0.008855181471165862,"[-0.010979613163955517, -0.006857366545173703]","[-0.011859902135867365, -0.006079361457268076]",321
Shanghai,times_1.2,mnl_s,response_walk_vs_wait,-0.011152773448931041,"[-0.012509764608783638, -0.00979520085674774]","[-0.013031115220557186, -0.009224034386211883]",320
Shanghai,times_1.2,mnl_s,response_transfer_vs_wait,0.0029550285125701688,"[0.0009026585911772373, 0.0050104581015061635]","[9.939950594107514e-05, 0.005905571479543019]",321
Shanghai,times_1.2,soft_kl_seed42,accuracy,0.017133956386292833,"[0.012149532710280376, 0.0221183800623053]","[0.010280373831775703, 0.023987538940809978]",321
Shanghai,times_1.2,soft_kl_seed42,brier,-0.012874295056939166,"[-0.016216916318607087, -0.009383570269472058]","[-0.017620737354487378, -0.007991360278261089]",321
Shanghai,times_1.2,soft_kl_seed42,nll_clipped,-0.017179321062780903,"[-0.02322698040857079, -0.010732803064454417]","[-0.025585165133255528, -0.00827186450515131]",321
Shanghai,times_1.2,soft_kl_seed42,pt_probability,0.02939502844250416,"[0.02713236688191617, 0.031684826044960535]","[0.026289980253103154, 0.03260636890465461]",321
Shanghai,times_1.2,soft_kl_seed42,response_rain,-0.005768366831113988,"[-0.006503267730136527, -0.005031878074103056]","[-0.006775180559686597, -0.004743702642799498]",321
Shanghai,times_1.2,soft_kl_seed42,response_delay,0.005603279442616341,"[0.0042030995473776285, 0.006962518424747332]","[0.003595520548574696, 0.00746308247931591]",321
Shanghai,times_1.2,soft_kl_seed42,response_rain_delay_interaction,-0.0007931622443720698,"[-0.001448021430028998, -0.0001450999442022297]","[-0.0017022452019378517, 0.00014172627745330475]",320
Shanghai,times_1.2,soft_kl_seed42,response_fare,-0.0009384986210463574,"[-0.0012769243114183996, -0.000585728050485207]","[-0.0014165764291570566, -0.0004434292599257126]",321
Shanghai,times_1.2,soft_kl_seed42,response_parking,-0.00024174831552297528,"[-0.0007009136423793538, 0.00022680778346514745]","[-0.0008703577065277508, 0.0004106816013178257]",321
Shanghai,times_1.2,soft_kl_seed42,response_road,-0.009746237243075979,"[-0.011711549840147993, -0.00784791726909137]","[-0.012603391004824936, -0.0071430534138881]",321
Shanghai,times_1.2,soft_kl_seed42,response_walk_vs_wait,0.012071688054129481,"[0.01097264140690938, 0.013188764608740432]","[0.01054762861998955, 0.013645137668843909]",320
Shanghai,times_1.2,soft_kl_seed42,response_transfer_vs_wait,0.036654514942399435,"[0.0339457919159643, 0.039346595660629584]","[0.032872229374798646, 0.04037245722847331]",321
Shanghai,times_1.2,soft_kl_seed2026,accuracy,0.0221183800623053,"[0.016199376947040503, 0.028037383177570093]","[0.014330218068535825, 0.030529595015576325]",321
Shanghai,times_1.2,soft_kl_seed2026,brier,-0.013060234880538582,"[-0.017024105556757242, -0.009043447336926618]","[-0.018549625217275864, -0.00716397279182903]",321
Shanghai,times_1.2,soft_kl_seed2026,nll_clipped,-0.01588383263847465,"[-0.021298852582899836, -0.010227253523888683]","[-0.02319905256066576, -0.007797346993151152]",321
Shanghai,times_1.2,soft_kl_seed2026,pt_probability,0.016029691898098615,"[0.013092105184794868, 0.018926100204901833]","[0.01192643323730071, 0.019967304792924623]",321
Shanghai,times_1.2,soft_kl_seed2026,response_rain,-0.0003035278103061926,"[-0.0009533883342258284, 0.00034385179154969444]","[-0.0011936597470948444, 0.000622360264908552]",321
Shanghai,times_1.2,soft_kl_seed2026,response_delay,0.006468371723160566,"[0.005066884778776551, 0.007842925855617192]","[0.004459670011891267, 0.008349399600084418]",321
Shanghai,times_1.2,soft_kl_seed2026,response_rain_delay_interaction,0.003094617190072313,"[0.002235136069202143, 0.003945602536903158]","[0.001944929303996025, 0.0042863071501012765]",320
Shanghai,times_1.2,soft_kl_seed2026,response_fare,0.001406677693964165,"[0.0010916727064090353, 0.0017127716751345592]","[0.0009731539703522608, 0.0018459929869222994]",321
Shanghai,times_1.2,soft_kl_seed2026,response_parking,0.004009752908599711,"[0.003022455981123113, 0.005025556941177243]","[0.0026865169748292537, 0.005432077343183977]",321
Shanghai,times_1.2,soft_kl_seed2026,response_road,-0.009115569641656964,"[-0.010936784358967873, -0.0073638048046196]","[-0.011727904243905364, -0.006632103909219028]",321
Shanghai,times_1.2,soft_kl_seed2026,response_walk_vs_wait,0.009636782249435783,"[0.00890258851547336, 0.01035551126317119]","[0.008617493299703443, 0.010578031701697908]",320
Shanghai,times_1.2,soft_kl_seed2026,response_transfer_vs_wait,0.012316308637088704,"[0.011524142905187756, 0.013138876020954777]","[0.011235502138849917, 0.013447241519064259]",321
Shanghai,times_1.2,soft_kl_seed7,accuracy,0.020249221183800622,"[0.014018691588785047, 0.026791277258566983]","[0.011838006230529595, 0.029595015576323987]",321
Shanghai,times_1.2,soft_kl_seed7,brier,-0.020769805201233237,"[-0.024547831233393293, -0.01680107515970144]","[-0.025911381377285866, -0.015298862346760412]",321
Shanghai,times_1.2,soft_kl_seed7,nll_clipped,-0.027573003712599443,"[-0.03283602424603086, -0.02186221582145672]","[-0.03480530925479213, -0.019561360469721935]",321
Shanghai,times_1.2,soft_kl_seed7,pt_probability,0.015836741581466342,"[0.0129162919530616, 0.018710780448434043]","[0.011646605627364668, 0.01975523517560649]",321
Shanghai,times_1.2,soft_kl_seed7,response_rain,-0.010054413449727115,"[-0.010890073813730125, -0.009216497835595847]","[-0.011240273158753585, -0.008896203752464943]",321
Shanghai,times_1.2,soft_kl_seed7,response_delay,-0.008163419386772352,"[-0.01069537978967495, -0.005734897572605225]","[-0.011650618918477977, -0.004827928160588517]",321
Shanghai,times_1.2,soft_kl_seed7,response_rain_delay_interaction,0.009028179268352688,"[0.007486393213788167, 0.010622495128751257]","[0.006891890783157178, 0.01125508251395333]",320
Shanghai,times_1.2,soft_kl_seed7,response_fare,-0.0023702366097693873,"[-0.0027594201800607817, -0.0019590206009065998]","[-0.0029043161744727666, -0.0018002647331355848]",321
Shanghai,times_1.2,soft_kl_seed7,response_parking,-0.0006387842778476228,"[-0.0013354084909983513, 3.7274500384137414e-05]","[-0.001684353663658613, 0.00030729928042309493]",321
Shanghai,times_1.2,soft_kl_seed7,response_road,-0.026237341102409956,"[-0.03125634147057373, -0.021395186742773496]","[-0.03350646307625201, -0.01943880431694951]",321
Shanghai,times_1.2,soft_kl_seed7,response_walk_vs_wait,-0.008942426368594169,"[-0.00985060163572591, -0.008058307430709821]","[-0.010211595378647851, -0.007726728448717231]",320
Shanghai,times_1.2,soft_kl_seed7,response_transfer_vs_wait,-0.027667103515142965,"[-0.0297142178052311, -0.025544948145642735]","[-0.030582294420294198, -0.02473709567822083]",321
Shanghai,times_1.2,ce_kl_seed42,accuracy,0.008722741433021809,"[0.003738317757009345, 0.014018691588785045]","[0.0015576323987538938, 0.015887850467289723]",321
Shanghai,times_1.2,ce_kl_seed42,brier,-0.02536832873395271,"[-0.030439732308374042, -0.020225555668330175]","[-0.032710962426067434, -0.018164546931070117]",321
Shanghai,times_1.2,ce_kl_seed42,nll_clipped,-0.03125319017065737,"[-0.03924482577363679, -0.022958969393189775]","[-0.04238669219174184, -0.0194527312640847]",321
Shanghai,times_1.2,ce_kl_seed42,pt_probability,0.032369628086333625,"[0.029073186647243048, 0.03570885473549311]","[0.027683386237644006, 0.03700287319414484]",321
Shanghai,times_1.2,ce_kl_seed42,response_rain,-0.010339821413205792,"[-0.011660285910875813, -0.009021698232055455]","[-0.012173794662743818, -0.008527581412649815]",321
Shanghai,times_1.2,ce_kl_seed42,response_delay,0.00941605001363056,"[0.007769660065037625, 0.011020186595398225]","[0.007133314550514812, 0.011665442733912255]",321
Shanghai,times_1.2,ce_kl_seed42,response_rain_delay_interaction,-0.003156568680424243,"[-0.004033949078892068, -0.002291410424728465]","[-0.004373627977332967, -0.0019148246477811062]",320
Shanghai,times_1.2,ce_kl_seed42,response_fare,-0.0026483040221755008,"[-0.003131319316411594, -0.0021620173622328917]","[-0.003318304698580638, -0.00196560844039179]",321
Shanghai,times_1.2,ce_kl_seed42,response_parking,-0.0005335169046467339,"[-0.001036908016815735, -5.718188424162406e-05]","[-0.0012550051563428105, 0.0001291450063735697]",321
Shanghai,times_1.2,ce_kl_seed42,response_road,-0.016109484633738378,"[-0.019526225264616476, -0.012867238233881391]","[-0.02094638961014799, -0.011667997403740539]",321
Shanghai,times_1.2,ce_kl_seed42,response_walk_vs_wait,0.00047596516087651254,"[0.00012381522672478588, 0.0008372477773374606]","[-2.6183485582610664e-05, 0.0009971821589430426]",320
Shanghai,times_1.2,ce_kl_seed42,response_transfer_vs_wait,0.05871005417094377,"[0.05402732037582269, 0.06343416430315764]","[0.052239861813582575, 0.06510116015349217]",321
Shanghai,times_1.2,ce_kl_seed2026,accuracy,-0.0021806853582554517,"[-0.005607476635514019, 0.0012461059190031153]","[-0.006853582554517135, 0.00241530373831753]",321
Shanghai,times_1.2,ce_kl_seed2026,brier,-0.005724514461853183,"[-0.008445075516916013, -0.002918307185611523]","[-0.009353134046574086, -0.0016590153005374274]",321
Shanghai,times_1.2,ce_kl_seed2026,nll_clipped,-0.005111272959575434,"[-0.010261000369589232, 0.000649333971742319]","[-0.012074601093682542, 0.0029764610839106403]",321
Shanghai,times_1.2,ce_kl_seed2026,pt_probability,0.015174536384508663,"[0.013470174576702743, 0.01681355509661846]","[0.012830146281554572, 0.017458233468621142]",321
Shanghai,times_1.2,ce_kl_seed2026,response_rain,0.0017858131954046053,"[0.0013081266408397402, 0.002253211914877932]","[0.001130696213325468, 0.0024263933876157964]",321
Shanghai,times_1.2,ce_kl_seed2026,response_delay,-0.03625864947266946,"[-0.03884639898024941, -0.03358782810188766]","[-0.03985788965261559, -0.03253117760730766]",321
Shanghai,times_1.2,ce_kl_seed2026,response_rain_delay_interaction,-0.0007361646654317156,"[-0.001241701996067573, -0.0002145745868131894]","[-0.001433479630637679, -4.7524747897657346e-05]",320
Shanghai,times_1.2,ce_kl_seed2026,response_fare,-0.0005423205315695373,"[-0.0007349643896905432, -0.0003542506727868709]","[-0.0008147585247077535, -0.0002790266182998956]",321
Shanghai,times_1.2,ce_kl_seed2026,response_parking,0.0034779322295916786,"[0.0026745020530862603, 0.004309387124401758]","[0.00239046496858478, 0.004633577268953634]",321
Shanghai,times_1.2,ce_kl_seed2026,response_road,-0.024128359542271802,"[-0.02872100209474935, -0.019669758378763065]","[-0.030596596754164755, -0.017878117635875167]",321
Shanghai,times_1.2,ce_kl_seed2026,response_walk_vs_wait,-0.02043914976529777,"[-0.02174514688998863, -0.019131155308390695]","[-0.02225532391304825, -0.01861729249367244]",320
Shanghai,times_1.2,ce_kl_seed2026,response_transfer_vs_wait,-0.05149437125621369,"[-0.05427291410267237, -0.0486003112105937]","[-0.05541471154079047, -0.047399977974922215]",321
Shanghai,times_1.2,ce_kl_seed7,accuracy,0.0018691588785046728,"[-0.0034267912772585674, 0.007476635514018691]","[-0.005607476635514019, 0.009657320872274146]",321
Shanghai,times_1.2,ce_kl_seed7,brier,0.004352664036574619,"[0.001054276911317696, 0.007710600241956443]","[-0.0002086864450596521, 0.009016762967361727]",321
Shanghai,times_1.2,ce_kl_seed7,nll_clipped,0.010310276071518952,"[0.004651264559820141, 0.016365770353495984]","[0.0024420168182486585, 0.01871572246112708]",321
Shanghai,times_1.2,ce_kl_seed7,pt_probability,-0.003674112350282454,"[-0.005931928519455489, -0.0014811518399742638]","[-0.0068448956708705416, -0.0006931366426524801]",321
Shanghai,times_1.2,ce_kl_seed7,response_rain,-0.013214555136696943,"[-0.014378967340397314, -0.012016706245246334]","[-0.014887887371973805, -0.011572918163922936]",321
Shanghai,times_1.2,ce_kl_seed7,response_delay,-0.04549866469397073,"[-0.049639750930852024, -0.04143962581174861]","[-0.05109757225852782, -0.03978908052831176]",321
Shanghai,times_1.2,ce_kl_seed7,response_rain_delay_interaction,0.021486068042577244,"[0.01864020193965614, 0.024262930644017102]","[0.01737644819258638, 0.025182862531104293]",320
Shanghai,times_1.2,ce_kl_seed7,response_fare,0.0013631547444334655,"[0.0008576997489062053, 0.0018584406444356076]","[0.0006823017040696981, 0.0020713304792533693]",321
Shanghai,times_1.2,ce_kl_seed7,response_parking,-0.003821890371796498,"[-0.005343345456939434, -0.002359415642406525]","[-0.005988475924932232, -0.001775812875694161]",321
Shanghai,times_1.2,ce_kl_seed7,response_road,-0.02251371912762662,"[-0.02688596467581807, -0.018369582499960596]","[-0.028572972696388758, -0.016710126617520103]",321
Shanghai,times_1.2,ce_kl_seed7,response_walk_vs_wait,-0.01989789244835265,"[-0.021852255748569367, -0.01793638655710498]","[-0.022613283551977385, -0.01717080094311087]",320
Shanghai,times_1.2,ce_kl_seed7,response_transfer_vs_wait,-0.048583255636845235,"[-0.05342530947127104, -0.04356858167351975]","[-0.0553265975736012, -0.04136361526566975]",321
Shanghai,times_1.2,signed_l1_seed42,accuracy,0.0021806853582554517,"[-0.0009345794392523364, 0.005295950155763241]","[-0.0018691588785046732, 0.0065420560747663555]",321
Shanghai,times_1.2,signed_l1_seed42,brier,-0.006110287694406246,"[-0.008444744821405876, -0.0036936988098044514]","[-0.009271863066884, -0.0027130373795513064]",321
Shanghai,times_1.2,signed_l1_seed42,nll_clipped,-0.007383334552767812,"[-0.012407288003721284, -0.002111658359930276]","[-0.014015872509341939, 0.00011914865807402331]",321
Shanghai,times_1.2,signed_l1_seed42,pt_probability,0.015053034907734932,"[0.013035753161517314, 0.01708422874096154]","[0.012216618505316154, 0.01790622128342348]",321
Shanghai,times_1.2,signed_l1_seed42,response_rain,-0.005798618277285329,"[-0.0064261907160374976, -0.005152288479643447]","[-0.006674878441400803, -0.004906740003465636]",321
Shanghai,times_1.2,signed_l1_seed42,response_delay,0.004878919606453904,"[0.003642146501144702, 0.006080012423250348]","[0.0031364049581155138, 0.006508768724590952]",321
Shanghai,times_1.2,signed_l1_seed42,response_rain_delay_interaction,-0.0015446241479367018,"[-0.0022525068814267845, -0.0008451116645586827]","[-0.002569743433143293, -0.0005933749125299402]",320
Shanghai,times_1.2,signed_l1_seed42,response_fare,-0.0006868956244994547,"[-0.0009611717811161855, -0.0004140709477514494]","[-0.0010612950406423147, -0.0003038932300953207]",321
Shanghai,times_1.2,signed_l1_seed42,response_parking,-0.0017121885424462434,"[-0.0023154209150332158, -0.0011441568243447866]","[-0.0025196945599376044, -0.00093735707662652]",321
Shanghai,times_1.2,signed_l1_seed42,response_road,-0.014295900884632753,"[-0.01712356054012278, -0.011574116118275487]","[-0.01835996391065999, -0.010527098776752319]",321
Shanghai,times_1.2,signed_l1_seed42,response_walk_vs_wait,0.005614453461021185,"[0.005219357689902832, 0.006005872585814347]","[0.005072167523376609, 0.006160918914392821]",320
Shanghai,times_1.2,signed_l1_seed42,response_transfer_vs_wait,-0.017417963849514072,"[-0.0193860016698656, -0.01549738286900105]","[-0.020168389400931123, -0.01472071213892523]",321
Shanghai,times_1.2,signed_l1_seed2026,accuracy,0.010046728971962618,"[0.004750778816199378, 0.015422507788161968]","[0.0025893204828660444, 0.017601246105919004]",321
Shanghai,times_1.2,signed_l1_seed2026,brier,-0.012080624845789636,"[-0.015819262082395785, -0.008303303909611672]","[-0.017265605263770006, -0.006705679495798274]",321
Shanghai,times_1.2,signed_l1_seed2026,nll_clipped,-0.016351352962732598,"[-0.021403384596778242, -0.011091271890757311]","[-0.023218223757862932, -0.008741056485662002]",321
Shanghai,times_1.2,signed_l1_seed2026,pt_probability,0.01720199701593858,"[0.01434856309691833, 0.019990506426857735]","[0.013224283043067392, 0.020997284241648085]",321
Shanghai,times_1.2,signed_l1_seed2026,response_rain,-0.0015797326776468864,"[-0.0022297314492944987, -0.0009507083040995762]","[-0.0024843798270681146, -0.0007170124970974182]",321
Shanghai,times_1.2,signed_l1_seed2026,response_delay,-0.001021250873525566,"[-0.0021406176294028944, 4.28664881004908e-05]","[-0.002616502501496993, 0.00043842507514671285]",321
Shanghai,times_1.2,signed_l1_seed2026,response_rain_delay_interaction,0.00448537350166589,"[0.0037246968878796587, 0.005287737504947594]","[0.0034514689406522016, 0.005652565186064747]",320
Shanghai,times_1.2,signed_l1_seed2026,response_fare,8.647109024992614e-05,"[-0.00024328112625444419, 0.0004185736173549171]","[-0.0003873895422912368, 0.0005479222069265186]",321
Shanghai,times_1.2,signed_l1_seed2026,response_parking,0.0029038468439631002,"[0.0021056357457816042, 0.0037129743703614884]","[0.0018314847551471904, 0.004076434583098532]",321
Shanghai,times_1.2,signed_l1_seed2026,response_road,-0.009631310064473255,"[-0.011459284330895199, -0.007840467682485454]","[-0.01215447940163001, -0.0071135090632839975]",321
Shanghai,times_1.2,signed_l1_seed2026,response_walk_vs_wait,0.014461273641791195,"[0.013763593243202196, 0.015134079689079295]","[0.013502028785488307, 0.015400325823071643]",320
Shanghai,times_1.2,signed_l1_seed2026,response_transfer_vs_wait,0.018628213867962918,"[0.017599863883955087, 0.019676581816602718]","[0.017202084529143975, 0.020117772534066033]",321
Shanghai,times_1.2,signed_l1_seed7,accuracy,0.0009345794392523364,"[-0.00529595015576324, 0.007165109034267913]","[-0.007476635514018691, 0.009968847352024923]",321
Shanghai,times_1.2,signed_l1_seed7,brier,-0.009676553758207314,"[-0.013147992043168166, -0.00611469134214856]","[-0.014318898966352358, -0.004638201884232378]",321
Shanghai,times_1.2,signed_l1_seed7,nll_clipped,-0.01416205022280347,"[-0.019348601169283188, -0.008535032855045503]","[-0.02119364533003043, -0.006220159155621905]",321
Shanghai,times_1.2,signed_l1_seed7,pt_probability,0.005424627133665426,"[0.0027580855126025567, 0.00799539015265733]","[0.0016548336730911643, 0.008937855276307801]",321
Shanghai,times_1.2,signed_l1_seed7,response_rain,-0.012154833341127616,"[-0.013358740507395838, -0.010951922329090468]","[-0.013826497405625277, -0.010434131620805769]",321
Shanghai,times_1.2,signed_l1_seed7,response_delay,-0.037493157766271976,"[-0.040708982587626605, -0.03432385098621412]","[-0.04200928729158794, -0.03313149377327223]",321
Shanghai,times_1.2,signed_l1_seed7,response_rain_delay_interaction,0.019599255989305675,"[0.017649491728106485, 0.021557996261951113]","[0.016815312224225578, 0.022385712602082206]",320
Shanghai,times_1.2,signed_l1_seed7,response_fare,0.005681470802454191,"[0.005029520246771823, 0.0063417482111498575]","[0.00478531880415918, 0.006619895917053018]",321
Shanghai,times_1.2,signed_l1_seed7,response_parking,-0.0018420455240386298,"[-0.0027912570401515545, -0.0009265986929801398]","[-0.0031729966384645937, -0.0005544093702963322]",321
Shanghai,times_1.2,signed_l1_seed7,response_road,-0.026637087520966277,"[-0.03174215094055806, -0.021720866026571518]","[-0.03385286484271973, -0.019761385437865653]",321
Shanghai,times_1.2,signed_l1_seed7,response_walk_vs_wait,-0.024746097484603526,"[-0.026020732233542423, -0.02346716788640925]","[-0.026542695326370845, -0.022974706373128144]",320
Shanghai,times_1.2,signed_l1_seed7,response_transfer_vs_wait,-0.038618885108336484,"[-0.041481929118643485, -0.03573443624785756]","[-0.042639567388904884, -0.03452952599379226]",321
Shanghai,times_1.2,direction_magnitude_seed42,accuracy,0.020872274143302182,"[0.015264797507788162, 0.026479750778816206]","[0.012772585669781933, 0.028971962616822434]",321
Shanghai,times_1.2,direction_magnitude_seed42,brier,-0.015323836684272354,"[-0.018919973945166296, -0.011602900158610053]","[-0.020476835769750328, -0.010058671637923807]",321
Shanghai,times_1.2,direction_magnitude_seed42,nll_clipped,-0.01957785279607069,"[-0.025782313565194812, -0.013026753459879194]","[-0.02806123699254271, -0.010288951953045864]",321
Shanghai,times_1.2,direction_magnitude_seed42,pt_probability,0.030217966501168748,"[0.027838678907260682, 0.03261428860613838]","[0.02695908741675523, 0.033533046051611066]",321
Shanghai,times_1.2,direction_magnitude_seed42,response_rain,-0.007088477087912159,"[-0.007782706346745803, -0.006379825978124996]","[-0.008047677322676713, -0.006118825945214047]",321
Shanghai,times_1.2,direction_magnitude_seed42,response_delay,0.00899652161887873,"[0.007568361802241327, 0.01038665876744135]","[0.007023477809709668, 0.010872825620640823]",321
Shanghai,times_1.2,direction_magnitude_seed42,response_rain_delay_interaction,-0.0021725154248997567,"[-0.0028467831705429234, -0.001495418901904486]","[-0.0031439964748727523, -0.0012434382932435832]",320
Shanghai,times_1.2,direction_magnitude_seed42,response_fare,0.0004015022256292658,"[2.1516941371736515e-05, 0.000787432479013535]","[-0.0001200871999053476, 0.0009332187924928628]",321
Shanghai,times_1.2,direction_magnitude_seed42,response_parking,-0.001067767726298062,"[-0.001555498061568195, -0.0006078492107328227]","[-0.0017465275307577625, -0.00044069172933442553]",321
Shanghai,times_1.2,direction_magnitude_seed42,response_road,-0.013451950572361456,"[-0.01608566900488929, -0.010943624652295472]","[-0.01724042035088036, -0.009918651970196228]",321
Shanghai,times_1.2,direction_magnitude_seed42,response_walk_vs_wait,0.01059285900555551,"[0.009554102600597837, 0.011629591210392764]","[0.00919075223832417, 0.01209280609365007]",320
Shanghai,times_1.2,direction_magnitude_seed42,response_transfer_vs_wait,0.05603915126849186,"[0.05262877081587586, 0.05944084174078062]","[0.051141215480880006, 0.06072628779523219]",321
Shanghai,times_1.2,direction_magnitude_seed2026,accuracy,0.007476635514018693,"[0.002803738317757009, 0.012461059190031152]","[0.0009345794392523364, 0.014330218068535827]",321
Shanghai,times_1.2,direction_magnitude_seed2026,brier,-0.011766815482959086,"[-0.015426491675236745, -0.008124813107989662]","[-0.016777289731851667, -0.0065282041404111455]",321
Shanghai,times_1.2,direction_magnitude_seed2026,nll_clipped,-0.015564470448139765,"[-0.02081845674908908, -0.01006719035430404]","[-0.022743620564586342, -0.007517406638652574]",321
Shanghai,times_1.2,direction_magnitude_seed2026,pt_probability,0.01821532391499136,"[0.01548960882846869, 0.020908405890171865]","[0.014417754987113663, 0.02188157660457613]",321
Shanghai,times_1.2,direction_magnitude_seed2026,response_rain,-0.0014067871548305048,"[-0.0020864089956721785, -0.0007503211312576249]","[-0.0023787665304167895, -0.0004894831979421041]",321
Shanghai,times_1.2,direction_magnitude_seed2026,response_delay,-0.011250799341922238,"[-0.012709125523046356, -0.009865993261192214]","[-0.013303155818920744, -0.009399473537474065]",321
Shanghai,times_1.2,direction_magnitude_seed2026,response_rain_delay_interaction,0.0030560865241568537,"[0.0022602307553461288, 0.003879682158566888]","[0.001955497370298053, 0.0041798645185759705]",320
Shanghai,times_1.2,direction_magnitude_seed2026,response_fare,0.0040933315256302975,"[0.003784965720271396, 0.004406925571670413]","[0.003655305494499216, 0.004550569708026782]",321
Shanghai,times_1.2,direction_magnitude_seed2026,response_parking,0.0027397436516307227,"[0.0019043635797463473, 0.0035923717038653714]","[0.0016096386843799059, 0.003952622780071518]",321
Shanghai,times_1.2,direction_magnitude_seed2026,response_road,-0.01160495946433314,"[-0.013789065609282794, -0.0094609224571153]","[-0.014760024380374038, -0.008612881031836108]",321
Shanghai,times_1.2,direction_magnitude_seed2026,response_walk_vs_wait,-0.014140510628931225,"[-0.015404507399664664, -0.012936097342922552]","[-0.015888046929473622, -0.012504339924360518]",320
Shanghai,times_1.2,direction_magnitude_seed2026,response_transfer_vs_wait,-0.015847144631024834,"[-0.016506977407754954, -0.015186242494627696]","[-0.01675625989790948, -0.014912547560109877]",321
Shanghai,times_1.2,direction_magnitude_seed7,accuracy,-0.0012461059190031153,"[-0.007476635514018693, 0.005295950155763239]","[-0.009657320872274146, 0.007788161993769472]",321
Shanghai,times_1.2,direction_magnitude_seed7,brier,-0.009848332383803983,"[-0.013282755067560645, -0.006343397738314427]","[-0.014432196753981484, -0.004929420438381563]",321
Shanghai,times_1.2,direction_magnitude_seed7,nll_clipped,-0.015144262954825223,"[-0.02029569069353705, -0.00970122536102507]","[-0.022138198565571792, -0.00734544636516809]",321
Shanghai,times_1.2,direction_magnitude_seed7,pt_probability,0.0064067673071569,"[0.0038024284962616924, 0.008929766302745546]","[0.002768941806212961, 0.009938314315194518]",321
Shanghai,times_1.2,direction_magnitude_seed7,response_rain,-0.012549023808348587,"[-0.013629260665020468, -0.011479648056431353]","[-0.014106446389990897, -0.011096461754106567]",321
Shanghai,times_1.2,direction_magnitude_seed7,response_delay,-0.045353294463358194,"[-0.04857679425254232, -0.042131305696889526]","[-0.05002621087706952, -0.040913284934257124]",321
Shanghai,times_1.2,direction_magnitude_seed7,response_rain_delay_interaction,0.023424917249940336,"[0.02135073995043602, 0.025524966817028136]","[0.02053080685556405, 0.026376307728460228]",320
Shanghai,times_1.2,direction_magnitude_seed7,response_fare,0.004687254209756108,"[0.004122785291985559, 0.005258541231586183]","[0.0038974202162589053, 0.005475932675793856]",321
Shanghai,times_1.2,direction_magnitude_seed7,response_parking,-0.002217864878823824,"[-0.0030509912719329196, -0.0014194035061237597]","[-0.0034543228006379163, -0.0010892682193816175]",321
Shanghai,times_1.2,direction_magnitude_seed7,response_road,-0.027094899192220325,"[-0.032305638945293015, -0.022097757503947366]","[-0.03450397313786438, -0.02014304201678608]",321
Shanghai,times_1.2,direction_magnitude_seed7,response_walk_vs_wait,-0.022752172965556382,"[-0.02389267187472141, -0.021628353992791387]","[-0.024370654458388076, -0.021214912028481307]",320
Shanghai,times_1.2,direction_magnitude_seed7,response_transfer_vs_wait,-0.04488279372221584,"[-0.04752108606704253, -0.04217768844414352]","[-0.04862245531963776, -0.0409185792133793]",321
Shanghai,pt_wait_more,s9,accuracy,-0.0006230529595015577,"[-0.0024922118380062306, 0.0012461059190031153]","[-0.0034267912772585674, 0.0018691588785046732]",321
Shanghai,pt_wait_more,s9,brier,0.0016949921233221806,"[0.0014438526355974074, 0.0019430790787461512]","[0.001344679326164726, 0.0020375358584093094]",321
Shanghai,pt_wait_more,s9,nll_clipped,0.002323275828226598,"[0.002000833490980791, 0.002643090116099293]","[0.0018610025861061418, 0.002772506179144201]",321
Shanghai,pt_wait_more,s9,pt_probability,-0.00258304463130802,"[-0.0026512021171668917, -0.002515117777761716]","[-0.002681204694401396, -0.002489985412517922]",321
Shanghai,pt_wait_more,s9,response_rain,0.0006574272088172652,"[0.0005641080102538023, 0.0007487482318764906]","[0.000528932379187314, 0.0007820925982146758]",321
Shanghai,pt_wait_more,s9,response_delay,0.002370099394910061,"[0.0022416319969005742, 0.0025002125998076948]","[0.0021908359213453294, 0.0025475575881132514]",321
Shanghai,pt_wait_more,s9,response_rain_delay_interaction,-0.000747376587241888,"[-0.0008441926260421267, -0.0006501253858220262]","[-0.0008815605936521545, -0.0006128377107407092]",320
Shanghai,pt_wait_more,s9,response_fare,0.0003780547726748517,"[0.00033077524591968436, 0.0004253962242575449]","[0.0003111159389786353, 0.0004434334993292794]",321
Shanghai,pt_wait_more,s9,response_parking,8.082461784190478e-05,"[9.845628916660203e-06, 0.00015348897393897314]","[-1.8270595747733785e-05, 0.0001876169260057426]",321
Shanghai,pt_wait_more,s9,response_road,-0.00027883164816742,"[-0.00036058185775865833, -0.00020240303157970918]","[-0.000392828775661188, -0.00017480815150064199]",321
Shanghai,pt_wait_more,s9,response_walk_vs_wait,-0.0004901999316643923,"[-0.0006505334382012524, -0.0003338964738950352]","[-0.0007098626974963147, -0.00026970573677793735]",320
Shanghai,pt_wait_more,s9,response_transfer_vs_wait,0.0032134871361225938,"[0.0031083485213140275, 0.0033143986054229033]","[0.0030692668277712254, 0.0033542752599944226]",321
Shanghai,pt_wait_more,mnl_s,accuracy,-0.0034267912772585674,"[-0.00809968847352025, 0.0006230529595015582]","[-0.009657320872274146, 0.002180685358255452]",321
Shanghai,pt_wait_more,mnl_s,brier,0.004967670848945029,"[0.002533818739080411, 0.007473738864714647]","[0.001546858593440786, 0.00851193037979307]",321
Shanghai,pt_wait_more,mnl_s,nll_clipped,0.005919557253401863,"[0.0023787438641678024, 0.0095352711739566]","[0.0009754942240245577, 0.010868012242078206]",321
Shanghai,pt_wait_more,mnl_s,pt_probability,-0.01068804817653481,"[-0.012278790809086558, -0.009090442181924917]","[-0.012939798250432006, -0.008483776534117403]",321
Shanghai,pt_wait_more,mnl_s,response_rain,0.0038539190095969325,"[0.0033320588332549366, 0.0043707738451608386]","[0.003115784561311137, 0.004546015374459905]",321
Shanghai,pt_wait_more,mnl_s,response_delay,-0.004305113943888957,"[-0.004853394998209508, -0.003736170525561304]","[-0.005052643932194907, -0.0034909546008384095]",321
Shanghai,pt_wait_more,mnl_s,response_rain_delay_interaction,-0.000123462979695381,"[-0.0005263897263361457, 0.00025467320518435775]","[-0.0006987919751509175, 0.00039566393841669665]",320
Shanghai,pt_wait_more,mnl_s,response_fare,-4.258651997359108e-05,"[-6.51225690385725e-05, -1.860314652461104e-05]","[-7.378121456970393e-05, -8.70977748768865e-06]",321
Shanghai,pt_wait_more,mnl_s,response_parking,-0.0005923506865859844,"[-0.0011787151211756117, -3.516584941808089e-05]","[-0.0014736271435251155, 0.00020968452301776941]",321
Shanghai,pt_wait_more,mnl_s,response_road,-0.0004295848125377544,"[-0.0009955085911907216, 0.00011465002136229795]","[-0.00126609880656971, 0.0003530657819824175]",321
Shanghai,pt_wait_more,mnl_s,response_walk_vs_wait,-0.003728017147737732,"[-0.004149480543012252, -0.003296781706416454]","[-0.004303700844478001, -0.003118487003515359]",320
Shanghai,pt_wait_more,mnl_s,response_transfer_vs_wait,0.002883558025796652,"[0.002094488915351227, 0.0036817543748586916]","[0.0017498001709464225, 0.0039618414587520275]",321
Shanghai,pt_wait_more,soft_kl_seed42,accuracy,-0.0052959501557632415,"[-0.009034267912772585, -0.0015576323987538947]","[-0.010280373831775701, -0.0003115264797507787]",321
Shanghai,pt_wait_more,soft_kl_seed42,brier,0.00646486301803162,"[0.005165657336976289, 0.0077199998236484515]","[0.004628745357017748, 0.008177242406998976]",321
Shanghai,pt_wait_more,soft_kl_seed42,nll_clipped,0.007992576527756031,"[0.006334096340083215, 0.00962615960176847]","[0.00557473872623027, 0.010311915784470113]",321
Shanghai,pt_wait_more,soft_kl_seed42,pt_probability,-0.008469874556161857,"[-0.008783667431201356, -0.008167791645350139]","[-0.008910126102310525, -0.008048493178977306]",321
Shanghai,pt_wait_more,soft_kl_seed42,response_rain,0.0004227597765462049,"[7.512505482476078e-05, 0.0007679410696586714]","[-5.1833569533496254e-05, 0.0008986513104254931]",321
Shanghai,pt_wait_more,soft_kl_seed42,response_delay,-0.0011844699070832439,"[-0.0015810175128629276, -0.0007838541769489321]","[-0.00172621872975285, -0.0006267055167709276]",321
Shanghai,pt_wait_more,soft_kl_seed42,response_rain_delay_interaction,-0.0006704296683892608,"[-0.001058079327842528, -0.00029054504243810996]","[-0.0012277284010409196, -0.00014444479769736113]",320
Shanghai,pt_wait_more,soft_kl_seed42,response_fare,0.00012043554834859022,"[-9.032529300061341e-05, 0.00033957114286511833]","[-0.00016746879439232318, 0.00042802810007445106]",321
Shanghai,pt_wait_more,soft_kl_seed42,response_parking,-0.00034371417630870023,"[-0.0006787651053098876, -2.453861253283866e-05]","[-0.0008074360587735693, 0.00010296175796016251]",321
Shanghai,pt_wait_more,soft_kl_seed42,response_road,-0.0006478206483745872,"[-0.0009179435182954664, -0.00038423191326615233]","[-0.0010398591926605715, -0.000282030403062795]",321
Shanghai,pt_wait_more,soft_kl_seed42,response_walk_vs_wait,-0.009934580093249679,"[-0.010641164131229742, -0.009230414227349684]","[-0.010908026602902457, -0.00897116306670218]",320
Shanghai,pt_wait_more,soft_kl_seed42,response_transfer_vs_wait,-0.047021111154296316,"[-0.049604885988488695, -0.04439751916083383]","[-0.05054484793277692, -0.043255617224496765]",321
Shanghai,pt_wait_more,soft_kl_seed2026,accuracy,-0.02149532710280374,"[-0.027102803738317766, -0.015576323987538944]","[-0.029829633956386294, -0.01370716510903427]",321
Shanghai,pt_wait_more,soft_kl_seed2026,brier,0.024290297665911086,"[0.02219782022432225, 0.026347001003873473]","[0.021377656986637024, 0.02722276297277844]",321
Shanghai,pt_wait_more,soft_kl_seed2026,nll_clipped,0.031104306538891003,"[0.028480543051843093, 0.03369340459073114]","[0.027435482289769577, 0.034753119195544864]",321
Shanghai,pt_wait_more,soft_kl_seed2026,pt_probability,-0.01914004912872645,"[-0.019929532946850466, -0.01832919080921585]","[-0.020215981370064785, -0.01802691697977509]",321
Shanghai,pt_wait_more,soft_kl_seed2026,response_rain,0.0007672404574456616,"[0.000481747867208775, 0.0010493041837233992]","[0.00036707033346642125, 0.0011577671466285007]",321
Shanghai,pt_wait_more,soft_kl_seed2026,response_delay,-0.03994246784632451,"[-0.04326588733678805, -0.03658923640966161]","[-0.04469203771506523, -0.035215668045067754]",321
Shanghai,pt_wait_more,soft_kl_seed2026,response_rain_delay_interaction,-0.000604580418439582,"[-0.001357309040720912, 0.00014595248012925341]","[-0.0016351349067497659, 0.0004398525772017973]",320
Shanghai,pt_wait_more,soft_kl_seed2026,response_fare,-0.0005488625939389999,"[-0.0007298009307631451, -0.00037026299378396576]","[-0.0008026778154696027, -0.00029167841236481376]",321
Shanghai,pt_wait_more,soft_kl_seed2026,response_parking,0.0001128990887852844,"[-0.0001441431147658565, 0.0003673124837912503]","[-0.00024087481763550428, 0.00046298111443671835]",321
Shanghai,pt_wait_more,soft_kl_seed2026,response_road,0.0003613371901051649,"[1.0005311570434929e-05, 0.000717818489837869]","[-0.0001309474438394063, 0.0008704296963121088]",321
Shanghai,pt_wait_more,soft_kl_seed2026,response_walk_vs_wait,0.0015160184470005334,"[0.00026361691234874743, 0.0027946961263769824]","[-0.0002540413469055847, 0.0032840686378607866]",320
Shanghai,pt_wait_more,soft_kl_seed2026,response_transfer_vs_wait,0.04793805473504408,"[0.04636905792682806, 0.049543599935822955]","[0.0458133857555084, 0.050293864647428445]",321
Shanghai,pt_wait_more,soft_kl_seed7,accuracy,0.005919003115264798,"[0.0009345794392523372, 0.010591900311526481]","[-0.0006230529595015577, 0.012461059190031152]",321
Shanghai,pt_wait_more,soft_kl_seed7,brier,-0.0074437265532546525,"[-0.008857767556802548, -0.00602406329794584]","[-0.009410161071499269, -0.005468229118790581]",321
Shanghai,pt_wait_more,soft_kl_seed7,nll_clipped,-0.010269208689169765,"[-0.012143329922374884, -0.00841400754928422]","[-0.012851550435083521, -0.0076822207320573965]",321
Shanghai,pt_wait_more,soft_kl_seed7,pt_probability,0.013969458159163733,"[0.013507281446632149, 0.014433858916105415]","[0.013314152619398178, 0.014614088998094193]",321
Shanghai,pt_wait_more,soft_kl_seed7,response_rain,0.0006174329563836071,"[0.00020121666849402253, 0.00103872765981334]","[4.9233246475713463e-05, 0.001239990536631244]",321
Shanghai,pt_wait_more,soft_kl_seed7,response_delay,0.0010838118436923279,"[3.507786671227757e-05, 0.0021225832550673283]","[-0.00040049732621393606, 0.002461294583088464]",321
Shanghai,pt_wait_more,soft_kl_seed7,response_rain_delay_interaction,0.0008914167294278741,"[0.00038638614971086253, 0.0014024811839429892]","[0.0001896880900609193, 0.0016158027819409878]",320
Shanghai,pt_wait_more,soft_kl_seed7,response_fare,-0.0033411564438885245,"[-0.003672726611342757, -0.003005014736541892]","[-0.003811261578277334, -0.0028650170695500876]",321
Shanghai,pt_wait_more,soft_kl_seed7,response_parking,0.0011322909147939949,"[0.0007178174407218475, 0.0015732224485213138]","[0.0005858196260413369, 0.0017476538370285069]",321
Shanghai,pt_wait_more,soft_kl_seed7,response_road,0.0022431620602667147,"[0.0017562698398795081, 0.002748648382468015]","[0.0015958549050074592, 0.002941875867661656]",321
Shanghai,pt_wait_more,soft_kl_seed7,response_walk_vs_wait,-0.03779693397227675,"[-0.038443652836899656, -0.03714319325733011]","[-0.03869472410157113, -0.03689270877747813]",320
Shanghai,pt_wait_more,soft_kl_seed7,response_transfer_vs_wait,-0.02325080778461379,"[-0.023903736555107472, -0.022616991737271396]","[-0.02414284395859098, -0.02235450969771062]",321
Shanghai,pt_wait_more,ce_kl_seed42,accuracy,-0.005607476635514019,"[-0.008722741433021807, -0.0028037383177570096]","[-0.009968847352024923, -0.0018691588785046732]",321
Shanghai,pt_wait_more,ce_kl_seed42,brier,0.005929662248026719,"[0.005062130098448251, 0.006781844863387347]","[0.004692284753357964, 0.0071172212126562285]",321
Shanghai,pt_wait_more,ce_kl_seed42,nll_clipped,0.00846040887960467,"[0.007251924854563414, 0.009627733764430685]","[0.006800107167504139, 0.01009824561547022]",321
Shanghai,pt_wait_more,ce_kl_seed42,pt_probability,-0.0039031344500727186,"[-0.004218640153617613, -0.0035872940450356956]","[-0.004345071326570517, -0.0034693837732278302]",321
Shanghai,pt_wait_more,ce_kl_seed42,response_rain,0.0010686899851601443,"[0.0008146431244840133, 0.0013411029035985654]","[0.0007183767413804626, 0.0014481647332877823]",321
Shanghai,pt_wait_more,ce_kl_seed42,response_delay,0.004410055103331712,"[0.004114169795704409, 0.004711995422085775]","[0.004003684789397844, 0.0048402694749901205]",321
Shanghai,pt_wait_more,ce_kl_seed42,response_rain_delay_interaction,-0.0010573300532996655,"[-0.0013088468414755984, -0.0008101048533573711]","[-0.0014135277815823554, -0.000718035871790129]",320
Shanghai,pt_wait_more,ce_kl_seed42,response_fare,0.00457527584793783,"[0.004285923133073287, 0.0048713211991426725]","[0.004178304466450836, 0.0049864737492133025]",321
Shanghai,pt_wait_more,ce_kl_seed42,response_parking,-0.0006945874553603176,"[-0.000901718663974343, -0.0004997910217982586]","[-0.0009821954322543657, -0.0004316307707309634]",321
Shanghai,pt_wait_more,ce_kl_seed42,response_road,-0.0003788665494072103,"[-0.0005276102578482153, -0.00023948168004877472]","[-0.0005901391637537663, -0.00019044480446111023]",321
Shanghai,pt_wait_more,ce_kl_seed42,response_walk_vs_wait,-0.0019310601172037422,"[-0.0021863341057905927, -0.0016868555777590237]","[-0.0022840861585320385, -0.0015914442833420365]",320
Shanghai,pt_wait_more,ce_kl_seed42,response_transfer_vs_wait,-0.02578566290548425,"[-0.028445985376823264, -0.02311454067616709]","[-0.029508394544123275, -0.022058771436302718]",321
Shanghai,pt_wait_more,ce_kl_seed2026,accuracy,-0.03333333333333333,"[-0.04049844236760126, -0.026168224299065426]","[-0.04353679906542056, -0.02367601246105919]",321
Shanghai,pt_wait_more,ce_kl_seed2026,brier,0.03314895848562761,"[0.030371402309866298, 0.03588760693668599]","[0.02924460562942639, 0.03700494827372836]",321
Shanghai,pt_wait_more,ce_kl_seed2026,nll_clipped,0.04326864067505611,"[0.03983671377986534, 0.046646462730489356]","[0.03839321521752992, 0.04800847274059178]",321
Shanghai,pt_wait_more,ce_kl_seed2026,pt_probability,-0.029031775982301927,"[-0.029929958376971818, -0.028106750382423815]","[-0.03030745663505468, -0.027710861379136167]",321
Shanghai,pt_wait_more,ce_kl_seed2026,response_rain,-0.0011368685306232665,"[-0.0015372897428678018, -0.0007312376179799115]","[-0.0017022234484527225, -0.0005900315470729527]",321
Shanghai,pt_wait_more,ce_kl_seed2026,response_delay,-0.017455501600844654,"[-0.020158957037965934, -0.014731265707601535]","[-0.02124914536886374, -0.01356232020073004]",321
Shanghai,pt_wait_more,ce_kl_seed2026,response_rain_delay_interaction,0.0017883174266899004,"[0.0011826093019382097, 0.0023990095737826777]","[0.0009280059556304931, 0.002664281494661679]",320
Shanghai,pt_wait_more,ce_kl_seed2026,response_fare,0.0014696904223098933,"[0.0013113746877956986, 0.0016278191751037429]","[0.0012465789472405737, 0.001692784852725439]",321
Shanghai,pt_wait_more,ce_kl_seed2026,response_parking,0.0008205064917650549,"[0.0003355339123081195, 0.0013370769974598632]","[0.000127300260315803, 0.0015405572219708227]",321
Shanghai,pt_wait_more,ce_kl_seed2026,response_road,0.0029308188277241596,"[0.0020917262127651973, 0.0038133561669201864]","[0.0018012572488982543, 0.00413172514877076]",321
Shanghai,pt_wait_more,ce_kl_seed2026,response_walk_vs_wait,-0.019338988192612306,"[-0.021145114828042162, -0.017518968915777963]","[-0.02188085776843415, -0.016725357842769885]",320
Shanghai,pt_wait_more,ce_kl_seed2026,response_transfer_vs_wait,0.039841334083091436,"[0.038419950327537145, 0.04124695283862707]","[0.03782620670609727, 0.04183074850454848]",321
Shanghai,pt_wait_more,ce_kl_seed7,accuracy,0.002180685358255452,"[-0.0006230529595015579, 0.004984423676012461]","[-0.0018691588785046732, 0.006230529595015576]",321
Shanghai,pt_wait_more,ce_kl_seed7,brier,-0.0029342511893353878,"[-0.0035374313748132965, -0.0022956873666580262]","[-0.0037797870365126342, -0.0020784556899126386]",321
Shanghai,pt_wait_more,ce_kl_seed7,nll_clipped,-0.004963314268666448,"[-0.005744744708593974, -0.004153559396992163]","[-0.006055765695028164, -0.003846315281929713]",321
Shanghai,pt_wait_more,ce_kl_seed7,pt_probability,0.0021368225398139787,"[0.0018763246997390115, 0.002396643475202896]","[0.0017756140389926865, 0.0024957495723557984]",321
Shanghai,pt_wait_more,ce_kl_seed7,response_rain,0.006265382018416098,"[0.005738207481430141, 0.0068457725576801095]","[0.005528183394210338, 0.007091162437964751]",321
Shanghai,pt_wait_more,ce_kl_seed7,response_delay,0.021416855569801226,"[0.020513668447599463, 0.022309711205010012]","[0.02017495686993818, 0.02267419105178801]",321
Shanghai,pt_wait_more,ce_kl_seed7,response_rain_delay_interaction,-0.008695167576661333,"[-0.009395399576958233, -0.008005994523296634]","[-0.009669782933014405, -0.007710562682077581]",320
Shanghai,pt_wait_more,ce_kl_seed7,response_fare,-0.0021004736005702865,"[-0.002385581603325973, -0.0018153443242019955]","[-0.002512900022110928, -0.00170355185480481]",321
Shanghai,pt_wait_more,ce_kl_seed7,response_parking,-0.0010902551336451855,"[-0.0014139116210775955, -0.00078295098031607]","[-0.001562960706709237, -0.0006764589610866439]",321
Shanghai,pt_wait_more,ce_kl_seed7,response_road,-0.0007846157162267471,"[-0.001003757671154223, -0.0005755378055238279]","[-0.001104229231106808, -0.0004993720311958726]",321
Shanghai,pt_wait_more,ce_kl_seed7,response_walk_vs_wait,-0.020641853770939633,"[-0.021488961039479056, -0.019754758027328016]","[-0.021863065533010297, -0.019405848095142734]",320
Shanghai,pt_wait_more,ce_kl_seed7,response_transfer_vs_wait,0.012072613520832077,"[0.011124327270650651, 0.013006807824689604]","[0.010728045075784025, 0.01339028599639198]",321
Shanghai,pt_wait_more,signed_l1_seed42,accuracy,-0.004984423676012461,"[-0.009034267912772585, -0.0012461059190031149]","[-0.010514992211838006, 0.00031152647975077915]",321
Shanghai,pt_wait_more,signed_l1_seed42,brier,0.015402894699635754,"[0.013338916650705067, 0.01739097669343922]","[0.012492941423487343, 0.018142914255891308]",321
Shanghai,pt_wait_more,signed_l1_seed42,nll_clipped,0.022200603753574882,"[0.01934400365938352, 0.024985854786026607]","[0.018109216007414688, 0.02613049110201514]",321
Shanghai,pt_wait_more,signed_l1_seed42,pt_probability,-0.010543878026585156,"[-0.011055900311283185, -0.010019786050441643]","[-0.011258767031525214, -0.009838290289132327]",321
Shanghai,pt_wait_more,signed_l1_seed42,response_rain,0.001992625471587493,"[0.0015099952560254717, 0.002498584233711813]","[0.001334943397643735, 0.0027242596892239593]",321
Shanghai,pt_wait_more,signed_l1_seed42,response_delay,0.00848872943366428,"[0.0077236403145383445, 0.009268732711881677]","[0.007423299267624049, 0.009569101309116541]",321
Shanghai,pt_wait_more,signed_l1_seed42,response_rain_delay_interaction,-0.0020325104938820004,"[-0.002521858030273376, -0.0015618076536375043]","[-0.0027324317787423753, -0.001405689508053606]",320
Shanghai,pt_wait_more,signed_l1_seed42,response_fare,0.0007433795204786497,"[0.00046598813569062966, 0.0010289922286973933]","[0.0003625719329324838, 0.001131605023425361]",321
Shanghai,pt_wait_more,signed_l1_seed42,response_parking,-0.001329782549465928,"[-0.0017485598850751592, -0.0009390968086656383]","[-0.0019076124811399948, -0.0007909053264945935]",321
Shanghai,pt_wait_more,signed_l1_seed42,response_road,-0.0014273194230605508,"[-0.0018378049123602862, -0.0010459553229845947]","[-0.001982338403168822, -0.00090750507630315]",321
Shanghai,pt_wait_more,signed_l1_seed42,response_walk_vs_wait,0.0010028737131506204,"[0.0006406796582056227, 0.001374211607970924]","[0.0005207644913807429, 0.0015285810042119897]",320
Shanghai,pt_wait_more,signed_l1_seed42,response_transfer_vs_wait,-0.07451439676139028,"[-0.07991415142296375, -0.06910674130345328]","[-0.08183575847069734, -0.06717545094675344]",321
Shanghai,pt_wait_more,signed_l1_seed2026,accuracy,-0.028037383177570093,"[-0.035202492211838, -0.020872274143302182]","[-0.038006230529595016, -0.018691588785046728]",321
Shanghai,pt_wait_more,signed_l1_seed2026,brier,0.023066017745815126,"[0.020746819915830432, 0.025347040082658003]","[0.01994423005846276, 0.02627042307288745]",321
Shanghai,pt_wait_more,signed_l1_seed2026,nll_clipped,0.029263832769328774,"[0.02639014123333759, 0.03212938953556771]","[0.025253819455872923, 0.03323853007763347]",321
Shanghai,pt_wait_more,signed_l1_seed2026,pt_probability,-0.02217577103542808,"[-0.02289438776555834, -0.021447384645589384]","[-0.023149790436989042, -0.021166934259075385]",321
Shanghai,pt_wait_more,signed_l1_seed2026,response_rain,0.0013393748818528244,"[0.0009225289346040966, 0.0017721377620676596]","[0.0007789312114045488, 0.0019203668297776175]",321
Shanghai,pt_wait_more,signed_l1_seed2026,response_delay,-0.05005481327968037,"[-0.053564803280092985, -0.046454628751790183]","[-0.054992569587302226, -0.044944264278515056]",321
Shanghai,pt_wait_more,signed_l1_seed2026,response_rain_delay_interaction,-0.0013837596110533924,"[-0.0021445558374874386, -0.0006343401249614544]","[-0.002410499564104218, -0.0003228668463663035]",320
Shanghai,pt_wait_more,signed_l1_seed2026,response_fare,-0.0008855740600657241,"[-0.001123954407360138, -0.0006451127876605946]","[-0.0012326046994182273, -0.0005436568246063462]",321
Shanghai,pt_wait_more,signed_l1_seed2026,response_parking,0.0005671119207162352,"[0.0002127080459461034, 0.0009346916714561317]","[6.913195575973326e-05, 0.0010794034964663204]",321
Shanghai,pt_wait_more,signed_l1_seed2026,response_road,6.706100479464664e-05,"[-0.0003247765377395992, 0.0004544077278622585]","[-0.0004761170017797024, 0.0005908534722837849]",321
Shanghai,pt_wait_more,signed_l1_seed2026,response_walk_vs_wait,-0.0036672607064247133,"[-0.00473721826390829, -0.0025989251407301807]","[-0.005183827845951933, -0.002175571913158636]",320
Shanghai,pt_wait_more,signed_l1_seed2026,response_transfer_vs_wait,0.03621502956404493,"[0.03488810927000744, 0.03758588723513382]","[0.03444679578645822, 0.03809700981101653]",321
Shanghai,pt_wait_more,signed_l1_seed7,accuracy,0.003115264797507789,"[-0.0012461059190031155, 0.007476635514018693]","[-0.003115264797507788, 0.009034267912772587]",321
Shanghai,pt_wait_more,signed_l1_seed7,brier,-0.00512128955131699,"[-0.006484229272261385, -0.003767937169461857]","[-0.006991132555269276, -0.0032672725736953897]",321
Shanghai,pt_wait_more,signed_l1_seed7,nll_clipped,-0.007532073892932071,"[-0.009361675746592314, -0.005717200590089662]","[-0.010106916513106096, -0.005057812434591311]",321
Shanghai,pt_wait_more,signed_l1_seed7,pt_probability,0.011442846246643972,"[0.010763160860096325, 0.012117270825610631]","[0.010504301649103423, 0.012392384811156542]",321
Shanghai,pt_wait_more,signed_l1_seed7,response_rain,0.004202300792913942,"[0.0035494882149209855, 0.004872558628008744]","[0.0033026663566188092, 0.005155139896479025]",321
Shanghai,pt_wait_more,signed_l1_seed7,response_delay,0.007972323971095487,"[0.00658700808888516, 0.00933796131687465]","[0.006057027124181808, 0.00983583112094969]",321
Shanghai,pt_wait_more,signed_l1_seed7,response_rain_delay_interaction,-0.004341417539399118,"[-0.005093361115937614, -0.0035840111078402157]","[-0.005406350432981226, -0.003270343735566723]",320
Shanghai,pt_wait_more,signed_l1_seed7,response_fare,-0.0027348135954865785,"[-0.003259301020813137, -0.0022284311866184636]","[-0.0034453507203817645, -0.0020536858402772857]",321
Shanghai,pt_wait_more,signed_l1_seed7,response_parking,0.002583828949111273,"[0.0019158176404664821, 0.003311722902029846]","[0.001676123057756097, 0.0036179239722403935]",321
Shanghai,pt_wait_more,signed_l1_seed7,response_road,0.0025519276287325446,"[0.001971387966446045, 0.0031861631681336052]","[0.0017743065045142657, 0.0034064178001802833]",321
Shanghai,pt_wait_more,signed_l1_seed7,response_walk_vs_wait,-0.03730654222890735,"[-0.03810345110674545, -0.03652200134227348]","[-0.03842425100804442, -0.03620259752204974]",320
Shanghai,pt_wait_more,signed_l1_seed7,response_transfer_vs_wait,-0.0210736433154326,"[-0.022098454927033353, -0.020071764043720897]","[-0.022486800500888065, -0.019701131790182975]",321
Shanghai,pt_wait_more,direction_magnitude_seed42,accuracy,-0.010903426791277258,"[-0.014953271028037386, -0.006853582554517133]","[-0.016822429906542057, -0.005295950155763239]",321
Shanghai,pt_wait_more,direction_magnitude_seed42,brier,0.008310297006568719,"[0.006926802728475878, 0.00964502797381284]","[0.0063636772924912065, 0.010155354497416452]",321
Shanghai,pt_wait_more,direction_magnitude_seed42,nll_clipped,0.009895676063939573,"[0.008194780878791627, 0.01156294461977213]","[0.007398023111445379, 0.012288428717574778]",321
Shanghai,pt_wait_more,direction_magnitude_seed42,pt_probability,-0.0071966932561376195,"[-0.00759283035942803, -0.006805320753573769]","[-0.007745325185775227, -0.0066496203297604466]",321
Shanghai,pt_wait_more,direction_magnitude_seed42,response_rain,0.0012425609931024807,"[0.0008201076187820078, 0.0016788917434085561]","[0.0006684241231786221, 0.0018449144378432127]",321
Shanghai,pt_wait_more,direction_magnitude_seed42,response_delay,0.0028345138066654266,"[0.002391421078266199, 0.003283074747109525]","[0.0022262599347507425, 0.0034401827232877365]",321
Shanghai,pt_wait_more,direction_magnitude_seed42,response_rain_delay_interaction,-0.0014413787517696618,"[-0.001905949577385258, -0.0010020701182401948]","[-0.00209292974133625, -0.0008299031951901294]",320
Shanghai,pt_wait_more,direction_magnitude_seed42,response_fare,0.001395051074547931,"[0.001135377083379903, 0.001646596119039898]","[0.001036765269145973, 0.001742889610847394]",321
Shanghai,pt_wait_more,direction_magnitude_seed42,response_parking,0.00018159269915191557,"[-0.00010475896739885443, 0.00047024392705654423]","[-0.00021383785860282236, 0.0005858506215301071]",321
Shanghai,pt_wait_more,direction_magnitude_seed42,response_road,-0.0005522773273265993,"[-0.0008051427818161676, -0.00031087615895679805]","[-0.0009132189052382547, -0.0002298238710427768]",321
Shanghai,pt_wait_more,direction_magnitude_seed42,response_walk_vs_wait,-0.00849569970741868,"[-0.009091181565279929, -0.007915175102645318]","[-0.00932713462598377, -0.007693917223185628]",320
Shanghai,pt_wait_more,direction_magnitude_seed42,response_transfer_vs_wait,-0.05774966582098854,"[-0.060959160740913766, -0.05452037776103737]","[-0.06202947384367024, -0.053109245700652896]",321
Shanghai,pt_wait_more,direction_magnitude_seed2026,accuracy,-0.030841121495327098,"[-0.038317757009345796, -0.023364485981308414]","[-0.04104458722741433, -0.020249221183800625]",321
Shanghai,pt_wait_more,direction_magnitude_seed2026,brier,0.026020854567603915,"[0.02335437038185163, 0.028596799273923265]","[0.0223036946218791, 0.029558200943716553]",321
Shanghai,pt_wait_more,direction_magnitude_seed2026,nll_clipped,0.03378153049245943,"[0.030404315558790473, 0.037109449979913826]","[0.029068638977184487, 0.038444244816325426]",321
Shanghai,pt_wait_more,direction_magnitude_seed2026,pt_probability,-0.027153683608728593,"[-0.027937795397045086, -0.026367313760837594]","[-0.028213948597437033, -0.025988008317380212]",321
Shanghai,pt_wait_more,direction_magnitude_seed2026,response_rain,-0.00016228975350983046,"[-0.0005923154656528683, 0.00025720873331169433]","[-0.0007490720023253114, 0.00046595286960913524]",321
Shanghai,pt_wait_more,direction_magnitude_seed2026,response_delay,-0.03404250312770638,"[-0.03737605677328632, -0.0307076293770572]","[-0.038658420176164034, -0.029219532630158265]",321
Shanghai,pt_wait_more,direction_magnitude_seed2026,response_rain_delay_interaction,-0.00038470494328066704,"[-0.0011455646572210438, 0.0003668373920691181]","[-0.0014448838721182256, 0.0006650571135477863]",320
Shanghai,pt_wait_more,direction_magnitude_seed2026,response_fare,0.0008128965708696954,"[0.0005565533646588385, 0.001068904816036655]","[0.00045116010087185377, 0.001170860256454283]",321
Shanghai,pt_wait_more,direction_magnitude_seed2026,response_parking,-0.00012145709025896969,"[-0.0005613673257864896, 0.0003093009704369993]","[-0.0007369527578748461, 0.0004831068609432077]",321
Shanghai,pt_wait_more,direction_magnitude_seed2026,response_road,0.0011726131320371064,"[0.0005388756233305203, 0.0018269945678774063]","[0.0002980584639916632, 0.002108147148060323]",321
Shanghai,pt_wait_more,direction_magnitude_seed2026,response_walk_vs_wait,-0.00012878819834440946,"[-0.0017754132031287653, 0.0015465443310686139]","[-0.002378968547217878, 0.0022027456983781707]",320
Shanghai,pt_wait_more,direction_magnitude_seed2026,response_transfer_vs_wait,0.042680096496302763,"[0.04113592089406241, 0.044259685322038854]","[0.04063032036966346, 0.04490038837361325]",321
Shanghai,pt_wait_more,direction_magnitude_seed7,accuracy,0.0018691588785046732,"[-0.002492211838006231, 0.006230529595015578]","[-0.004361370716510903, 0.00809968847352025]",321
Shanghai,pt_wait_more,direction_magnitude_seed7,brier,-0.003854863027907693,"[-0.004878821247396651, -0.002843441568107446]","[-0.005271931211241745, -0.002436360963489927]",321
Shanghai,pt_wait_more,direction_magnitude_seed7,nll_clipped,-0.00539421528882705,"[-0.006715145962995213, -0.004088265037284561]","[-0.007240590523086891, -0.0035440407580030688]",321
Shanghai,pt_wait_more,direction_magnitude_seed7,pt_probability,0.007639449154755037,"[0.007086802384528879, 0.008186512977244605]","[0.006874006790576091, 0.008410260568208256]",321
Shanghai,pt_wait_more,direction_magnitude_seed7,response_rain,0.0033090843868404164,"[0.002834335675120725, 0.00378855541812668]","[0.002652958082615447, 0.00399851184483397]",321
Shanghai,pt_wait_more,direction_magnitude_seed7,response_delay,0.007000153611567904,"[0.005789015802476451, 0.008236708846001238]","[0.0053271975391109205, 0.008797379180381357]",321
Shanghai,pt_wait_more,direction_magnitude_seed7,response_rain_delay_interaction,-0.004116502474062145,"[-0.004998310230910992, -0.003235724390476705]","[-0.00536438627379539, -0.00288318172311847]",320
Shanghai,pt_wait_more,direction_magnitude_seed7,response_fare,-0.0018732021345156376,"[-0.0022138341054366755, -0.0015436215865834854]","[-0.002346628751733407, -0.0014263088617624754]",321
Shanghai,pt_wait_more,direction_magnitude_seed7,response_parking,0.0020227738165781136,"[0.0015635746232352894, 0.0025296983619530994]","[0.0013954762257693619, 0.0027364384407624343]",321
Shanghai,pt_wait_more,direction_magnitude_seed7,response_road,0.0018065119643820408,"[0.0014007947932801143, 0.0022432579348484675]","[0.0012527679556667386, 0.002389307296762353]",321
Shanghai,pt_wait_more,direction_magnitude_seed7,response_walk_vs_wait,-0.028456782456487417,"[-0.029078283579015558, -0.027848088853276512]","[-0.029313099855336585, -0.02760537907898683]",320
Shanghai,pt_wait_more,direction_magnitude_seed7,response_transfer_vs_wait,0.00011598907202203697,"[-0.0009840391857717824, 0.0011815760995484764]","[-0.0014143623522268115, 0.0015994371449200558]",321
Shanghai,pt_walk_more,s9,accuracy,-0.02834890965732087,"[-0.038006230529595016, -0.019003115264797508]","[-0.042367601246105925, -0.015887850467289723]",321
Shanghai,pt_walk_more,s9,brier,0.0401502379519778,"[0.03488193408181157, 0.04540900437070304]","[0.032838842655590346, 0.04760795461704394]",321
Shanghai,pt_walk_more,s9,nll_clipped,0.053422723495395626,"[0.046889967692175336, 0.05991743973632787]","[0.044008603847248945, 0.06263616475451358]",321
Shanghai,pt_walk_more,s9,pt_probability,-0.05161151127306588,"[-0.053298754660993646, -0.049914579769296176]","[-0.05400491984167594, -0.04922262338871607]",321
Shanghai,pt_walk_more,s9,response_rain,0.016956725700343508,"[0.01506511791612129, 0.01877737000114589]","[0.014394265029875336, 0.019417119206138225]",321
Shanghai,pt_walk_more,s9,response_delay,0.05683217957366339,"[0.05409329003992424, 0.059589992117099]","[0.053049234412017574, 0.06075171791198386]",321
Shanghai,pt_walk_more,s9,response_rain_delay_interaction,-0.01801578565937234,"[-0.019938449260951507, -0.01609166238616619]","[-0.020682807878613707, -0.015374586962847095]",320
Shanghai,pt_walk_more,s9,response_fare,0.0067442138548766345,"[0.005705947878645774, 0.007773888282872434]","[0.0053376423508709305, 0.008207484621756252]",321
Shanghai,pt_walk_more,s9,response_parking,0.0003262743748422724,"[-0.0012420156404863451, 0.0019276982715869802]","[-0.0019360028983404238, 0.0025957659327909576]",321
Shanghai,pt_walk_more,s9,response_road,-0.003101318146209479,"[-0.004578561453595525, -0.001683645138395167]","[-0.005245112753734341, -0.0011412526311126569]",321
Shanghai,pt_walk_more,s9,response_walk_vs_wait,0.010193335509393364,"[0.007758595382059022, 0.012612185156362884]","[0.006929722561326343, 0.013600138563090518]",320
Shanghai,pt_walk_more,s9,response_transfer_vs_wait,0.06427163771147669,"[0.06180260844987083, 0.06662299180652866]","[0.06086219069576965, 0.06757437783167215]",321
Shanghai,pt_walk_more,mnl_s,accuracy,-0.0009345794392523366,"[-0.00498442367601246, 0.0024922118380062306]","[-0.006542056074766356, 0.0034267912772585674]",321
Shanghai,pt_walk_more,mnl_s,brier,0.0038094871610158403,"[0.001952715896394659, 0.0057545079498752694]","[0.0012363568017523673, 0.006559198615255491]",321
Shanghai,pt_walk_more,mnl_s,nll_clipped,0.004748167520462655,"[0.0020300175442873494, 0.0074744943195506645]","[0.0010253839485784998, 0.008523654563544768]",321
Shanghai,pt_walk_more,mnl_s,pt_probability,-0.009816891088068618,"[-0.01095703358266583, -0.008701556163230937]","[-0.011452952097143629, -0.008281051837456033]",321
Shanghai,pt_walk_more,mnl_s,response_rain,0.0030151868545730204,"[0.0025825697535139425, 0.0034431769473227537]","[0.002417359953902735, 0.003583451735588474]",321
Shanghai,pt_walk_more,mnl_s,response_delay,-0.0029563273939989987,"[-0.003427120762857819, -0.0024662806642299227]","[-0.0035890838879595864, -0.002263492418769769]",321
Shanghai,pt_walk_more,mnl_s,response_rain_delay_interaction,-0.00017826862549980425,"[-0.0005356787284599729, 0.0001530478759103561]","[-0.0006897763387550782, 0.0002739984709298323]",320
Shanghai,pt_walk_more,mnl_s,response_fare,1.052701093520911e-06,"[-1.6468608282706616e-05, 2.0050754046505282e-05]","[-2.2378419090770532e-05, 2.81359052401009e-05]",321
Shanghai,pt_walk_more,mnl_s,response_parking,-0.00039035620832590824,"[-0.0006987253606063841, -0.0001034925468312405]","[-0.0008537249446715886, 2.6715478651154344e-05]",321
Shanghai,pt_walk_more,mnl_s,response_road,-0.0002711511043384313,"[-0.0005622308316961159, 2.0929371243298925e-06]","[-0.0007006300039564617, 0.00012733255571745704]",321
Shanghai,pt_walk_more,mnl_s,response_walk_vs_wait,-0.0026029346716307843,"[-0.0029601183814213904, -0.002239605258768018]","[-0.003084639391279744, -0.0020883223633470743]",320
Shanghai,pt_walk_more,mnl_s,response_transfer_vs_wait,0.0033356992571747187,"[0.0028562405189867684, 0.00381328127761557]","[0.0026274712270495434, 0.003991436073070687]",321
Shanghai,pt_walk_more,soft_kl_seed42,accuracy,-0.00809968847352025,"[-0.012149532710280376, -0.004361370716510904]","[-0.013395638629283491, -0.003115264797507788]",321
Shanghai,pt_walk_more,soft_kl_seed42,brier,0.0032169813276264874,"[0.0019524603351936429, 0.0045266116304407385]","[0.001487033661061499, 0.004996260369615885]",321
Shanghai,pt_walk_more,soft_kl_seed42,nll_clipped,0.003324154761771792,"[0.0015971882465694162, 0.005120265789438685]","[0.0009251589816787407, 0.00580936977357601]",321
Shanghai,pt_walk_more,soft_kl_seed42,pt_probability,0.009369519453878714,"[0.0086460596516241, 0.010114336921151648]","[0.008360226556279398, 0.01045218206632728]",321
Shanghai,pt_walk_more,soft_kl_seed42,response_rain,7.267751240656012e-05,"[-0.00031849508089625575, 0.000485342795557322]","[-0.00046791211582975596, 0.0006585589900171828]",321
Shanghai,pt_walk_more,soft_kl_seed42,response_delay,0.014104734166203258,"[0.01355429044242867, 0.014643436119053223]","[0.013365620014408598, 0.014878345533445289]",321
Shanghai,pt_walk_more,soft_kl_seed42,response_rain_delay_interaction,-0.00046052795369178057,"[-0.0010001244284560747, 7.320526633480913e-05]","[-0.0012099488111027166, 0.0002721582287563457]",320
Shanghai,pt_walk_more,soft_kl_seed42,response_fare,0.0012601850281623293,"[0.001008670421961312, 0.00152274322263734]","[0.0009033499394378094, 0.0016183669329258217]",321
Shanghai,pt_walk_more,soft_kl_seed42,response_parking,0.00034964163541051086,"[-0.0001396449334989084, 0.0008570112717393031]","[-0.00033272200719543335, 0.00105935335913644]",321
Shanghai,pt_walk_more,soft_kl_seed42,response_road,0.0006945316108216378,"[0.00034643771979853377, 0.001063613002870313]","[0.0002268647283280843, 0.0012212665523823067]",321
Shanghai,pt_walk_more,soft_kl_seed42,response_walk_vs_wait,0.0010060075670480727,"[0.0006095785697882698, 0.001403531724354252]","[0.0004698695860190704, 0.0015687330418630325]",320
Shanghai,pt_walk_more,soft_kl_seed42,response_transfer_vs_wait,-0.02397859923982546,"[-0.024743872763722485, -0.023177128429945293]","[-0.02504047221853035, -0.022866765290028727]",321
Shanghai,pt_walk_more,soft_kl_seed2026,accuracy,-0.02398753894080997,"[-0.030218068535825548, -0.017757009345794394]","[-0.03271028037383177, -0.01557632398753894]",321
Shanghai,pt_walk_more,soft_kl_seed2026,brier,0.029201965702584584,"[0.02658565657607038, 0.03178125068597932]","[0.02553498290122209, 0.03282426713111589]",321
Shanghai,pt_walk_more,soft_kl_seed2026,nll_clipped,0.03753718045957179,"[0.034327244893883446, 0.040715723863493064]","[0.03294515181504294, 0.0420191141242517]",321
Shanghai,pt_walk_more,soft_kl_seed2026,pt_probability,-0.025376006142842664,"[-0.026239612137908225, -0.02449739472968489]","[-0.026573872063703347, -0.024175184218273166]",321
Shanghai,pt_walk_more,soft_kl_seed2026,response_rain,0.0021120774736656947,"[0.001663013366616775, 0.0025753222492949984]","[0.0014854434952342945, 0.0027498186804568885]",321
Shanghai,pt_walk_more,soft_kl_seed2026,response_delay,-0.03444165502010476,"[-0.03786663587054243, -0.030968390729255117]","[-0.03940149568753155, -0.029545101292599633]",321
Shanghai,pt_walk_more,soft_kl_seed2026,response_rain_delay_interaction,-0.0007475734397303313,"[-0.0016764207787378358, 0.00018714108886972895]","[-0.0020017117194341075, 0.0005686773211191857]",320
Shanghai,pt_walk_more,soft_kl_seed2026,response_fare,0.00044233539951181856,"[0.00020747427767682297, 0.0006706286094084708]","[0.00012793812677380266, 0.000767970068824136]",321
Shanghai,pt_walk_more,soft_kl_seed2026,response_parking,0.0005930612020403426,"[0.00025418219722319983, 0.0009342249471264835]","[0.00012170423860908298, 0.0010899013616260703]",321
Shanghai,pt_walk_more,soft_kl_seed2026,response_road,0.0014594195184306563,"[0.000958888224004028, 0.00198666641714974]","[0.0007604562982081253, 0.0022280585976764264]",321
Shanghai,pt_walk_more,soft_kl_seed2026,response_walk_vs_wait,-0.011736765166278928,"[-0.013205545195516127, -0.010241253463197078]","[-0.013813446820596799, -0.0095812729694334]",320
Shanghai,pt_walk_more,soft_kl_seed2026,response_transfer_vs_wait,0.040590539365728324,"[0.03917833559470385, 0.04201791287687059]","[0.03867084951331474, 0.04263093043553912]",321
Shanghai,pt_walk_more,soft_kl_seed7,accuracy,0.013395638629283491,"[0.00809968847352025, 0.018691588785046728]","[0.006230529595015576, 0.02110689252336426]",321
Shanghai,pt_walk_more,soft_kl_seed7,brier,-0.00881270904335342,"[-0.010188600067677018, -0.007395586399046289]","[-0.010709113903328158, -0.006907564659160002]",321
Shanghai,pt_walk_more,soft_kl_seed7,nll_clipped,-0.010604325920518317,"[-0.012339791180586375, -0.008847665352473168]","[-0.01300942176415251, -0.008193273339366598]",321
Shanghai,pt_walk_more,soft_kl_seed7,pt_probability,0.009339061436298481,"[0.008659971283191695, 0.010007336841652467]","[0.008383104693263513, 0.010291843435500752]",321
Shanghai,pt_walk_more,soft_kl_seed7,response_rain,0.0011011667758504921,"[0.0007254303000704894, 0.0014685583768000482]","[0.0005957058977591008, 0.0016245687740196297]",321
Shanghai,pt_walk_more,soft_kl_seed7,response_delay,0.03777416225673625,"[0.03626013144160217, 0.03931569201129016]","[0.0355756141497417, 0.03986763587820625]",321
Shanghai,pt_walk_more,soft_kl_seed7,response_rain_delay_interaction,0.0037519486038945617,"[0.0029464459418089965, 0.004550187737834922]","[0.0026351680552559806, 0.004901885253093495]",320
Shanghai,pt_walk_more,soft_kl_seed7,response_fare,-0.003713270771169217,"[-0.004027833716473847, -0.003399947075596851]","[-0.004154476047293326, -0.0032725948596669142]",321
Shanghai,pt_walk_more,soft_kl_seed7,response_parking,0.0006108674861931727,"[0.0003734576147386218, 0.0008609818428104911]","[0.00028972551835892356, 0.0009589364216880532]",321
Shanghai,pt_walk_more,soft_kl_seed7,response_road,0.0006278411389511323,"[0.00042218828451967685, 0.0008453393209946118]","[0.00035103371662792757, 0.0009242505753395422]",321
Shanghai,pt_walk_more,soft_kl_seed7,response_walk_vs_wait,-0.02883164507802576,"[-0.029637646799126633, -0.02800946288984929]","[-0.02992753018981174, -0.027664201306113613]",320
Shanghai,pt_walk_more,soft_kl_seed7,response_transfer_vs_wait,0.021424427396411837,"[0.020248519535817647, 0.022585882504711455]","[0.01978948474332191, 0.023044760273972585]",321
Shanghai,pt_walk_more,ce_kl_seed42,accuracy,-0.011214953271028038,"[-0.016822429906542057, -0.005919003115264798]","[-0.019003115264797508, -0.004049844236760125]",321
Shanghai,pt_walk_more,ce_kl_seed42,brier,0.003331053372186133,"[0.0003397638935283796, 0.006414984097115075]","[-0.0007081758036828849, 0.007503406233321702]",321
Shanghai,pt_walk_more,ce_kl_seed42,nll_clipped,0.00573861231479335,"[0.0014201988514770854, 0.010218044326332696]","[-0.0003607844352117316, 0.011981085700589724]",321
Shanghai,pt_walk_more,ce_kl_seed42,pt_probability,0.022891072753121976,"[0.02135275326874122, 0.02446767062970493]","[0.020713989456449793, 0.025090206623540307]",321
Shanghai,pt_walk_more,ce_kl_seed42,response_rain,0.00032540374780741065,"[-0.000647668506822482, 0.0013258611037746948]","[-0.001080755230272914, 0.0016989303147492774]",321
Shanghai,pt_walk_more,ce_kl_seed42,response_delay,0.020652348355526495,"[0.01890983314070607, 0.022382942326308875]","[0.01814136818784646, 0.023046903585220137]",321
Shanghai,pt_walk_more,ce_kl_seed42,response_rain_delay_interaction,-0.002788382791914046,"[-0.003814347306033596, -0.0017261165305558252]","[-0.004206516777513319, -0.0012976093079861337]",320
Shanghai,pt_walk_more,ce_kl_seed42,response_fare,0.003144219981918454,"[0.0026767549728771607, 0.0036132651215819555]","[0.00249080575855356, 0.0037972525464272195]",321
Shanghai,pt_walk_more,ce_kl_seed42,response_parking,-0.0022398913482267906,"[-0.0032439647770466464, -0.0012943867907345852]","[-0.0036021430731527624, -0.0009448153220662593]",321
Shanghai,pt_walk_more,ce_kl_seed42,response_road,-0.0005002143876946233,"[-0.0015038128112474707, 0.0005181843002915746]","[-0.0018807306668120567, 0.0009040525802512656]",321
Shanghai,pt_walk_more,ce_kl_seed42,response_walk_vs_wait,0.01475621541030705,"[0.01356966207316621, 0.01594562567061432]","[0.013103351308861299, 0.01642322614099946]",320
Shanghai,pt_walk_more,ce_kl_seed42,response_transfer_vs_wait,-0.05752646616903769,"[-0.05973131140944986, -0.05524201829873484]","[-0.06054345387302218, -0.05433877014133078]",321
Shanghai,pt_walk_more,ce_kl_seed2026,accuracy,-0.04485981308411215,"[-0.0529595015576324, -0.03676012461059191]","[-0.0560747663551402, -0.03364485981308411]",321
Shanghai,pt_walk_more,ce_kl_seed2026,brier,0.04624780203525037,"[0.042322721021595934, 0.05019444694783952]","[0.040560432831125794, 0.051758861726085174]",321
Shanghai,pt_walk_more,ce_kl_seed2026,nll_clipped,0.05960583694421707,"[0.054929429108448335, 0.06415616634051392]","[0.05291113066437874, 0.06608474586118249]",321
Shanghai,pt_walk_more,ce_kl_seed2026,pt_probability,-0.038960974978578984,"[-0.04032941770926625, -0.0375405930831805]","[-0.04089256507047658, -0.03692182772571152]",321
Shanghai,pt_walk_more,ce_kl_seed2026,response_rain,-0.0006752492413156872,"[-0.0010835483742767593, -0.0002578389204202972]","[-0.0012426584656205248, -0.0001069779910010833]",321
Shanghai,pt_walk_more,ce_kl_seed2026,response_delay,-0.02740699835730908,"[-0.030785860193855596, -0.024016853428853395]","[-0.0320740117340126, -0.022483284250325218]",321
Shanghai,pt_walk_more,ce_kl_seed2026,response_rain_delay_interaction,0.0008975837103207595,"[0.0002768087679578457, 0.0015183127713675004]","[6.952391866836815e-06, 0.0017865876602445468]",320
Shanghai,pt_walk_more,ce_kl_seed2026,response_fare,0.004615431401959832,"[0.004396749846056986, 0.004840369273638614]","[0.004317667221939162, 0.004925118956636531]",321
Shanghai,pt_walk_more,ce_kl_seed2026,response_parking,0.0012740901326093346,"[0.0007678936575060693, 0.0018066853818678034]","[0.0005657244082018037, 0.0020044152651016956]",321
Shanghai,pt_walk_more,ce_kl_seed2026,response_road,0.0033522251981812474,"[0.002465810493284668, 0.004280160954715306]","[0.0021664938499216814, 0.004639041253635397]",321
Shanghai,pt_walk_more,ce_kl_seed2026,response_walk_vs_wait,-0.029794097048579715,"[-0.03244797360373956, -0.027122643933257234]","[-0.03351567794535834, -0.02596425592027618]",320
Shanghai,pt_walk_more,ce_kl_seed2026,response_transfer_vs_wait,0.0302110207252599,"[0.0291986242109312, 0.031248387600211106]","[0.028776450074481635, 0.031659500572356794]",321
Shanghai,pt_walk_more,ce_kl_seed7,accuracy,-0.004361370716510904,"[-0.008722741433021807, -2.593979029498029e-19]","[-0.010280373831775701, 0.0015576323987538945]",321
Shanghai,pt_walk_more,ce_kl_seed7,brier,0.0017997751806327958,"[-0.00041869974155273916, 0.004032956908720428]","[-0.0012378150525636851, 0.004875300751970395]",321
Shanghai,pt_walk_more,ce_kl_seed7,nll_clipped,0.0005301450228852181,"[-0.0021224233539172055, 0.0032059325371716916]","[-0.003203500991729274, 0.004123511977757435]",321
Shanghai,pt_walk_more,ce_kl_seed7,pt_probability,-0.013350273865765408,"[-0.014328894529120296, -0.012390714213041722]","[-0.01471099429673641, -0.012047235929942843]",321
Shanghai,pt_walk_more,ce_kl_seed7,response_rain,0.01368774836911962,"[0.012592027560630784, 0.014812264735650884]","[0.012146472803975608, 0.015268428148948392]",321
Shanghai,pt_walk_more,ce_kl_seed7,response_delay,0.02715062486396586,"[0.0259960035951605, 0.028270696485531155]","[0.02557179930794337, 0.02873811262913231]",321
Shanghai,pt_walk_more,ce_kl_seed7,response_rain_delay_interaction,-0.007106209208723157,"[-0.008133341902197194, -0.006082718265388394]","[-0.008541340882148288, -0.005692100873205382]",320
Shanghai,pt_walk_more,ce_kl_seed7,response_fare,-0.0023192239350804658,"[-0.002867730070671467, -0.0017590733674409977]","[-0.0031069179099978664, -0.0015488057609464733]",321
Shanghai,pt_walk_more,ce_kl_seed7,response_parking,-0.0037119068507093507,"[-0.004784602541882672, -0.0026945030183249917]","[-0.005246012279694187, -0.0023562825454625297]",321
Shanghai,pt_walk_more,ce_kl_seed7,response_road,-0.005217193802847669,"[-0.006356718197517167, -0.004126800225635649]","[-0.0068225475993388945, -0.0037376902604365375]",321
Shanghai,pt_walk_more,ce_kl_seed7,response_walk_vs_wait,-0.019764432613737882,"[-0.02169168909301144, -0.01785083403752651]","[-0.022412802987524127, -0.01700827388458493]",320
Shanghai,pt_walk_more,ce_kl_seed7,response_transfer_vs_wait,0.0618178520403872,"[0.05906055377044852, 0.06456919502527844]","[0.05784525516641695, 0.06579679112688845]",321
Shanghai,pt_walk_more,signed_l1_seed42,accuracy,-0.004049844236760126,"[-0.007165109034267913, -0.0012461059190031153]","[-0.008411214953271028, 0.0]",321
Shanghai,pt_walk_more,signed_l1_seed42,brier,0.002516867985678618,"[0.0015033041283199053, 0.0035974865162629716]","[0.0011113349356438487, 0.003998107408330878]",321
Shanghai,pt_walk_more,signed_l1_seed42,nll_clipped,0.0026520602741303763,"[0.0012595140459029774, 0.0041240258169385115]","[0.0007224562610599465, 0.0046406728044727525]",321
Shanghai,pt_walk_more,signed_l1_seed42,pt_probability,0.008072255675048448,"[0.007457117746987399, 0.008698586213019475]","[0.007218249491369224, 0.00895866233415936]",321
Shanghai,pt_walk_more,signed_l1_seed42,response_rain,0.0019696633856615916,"[0.0014368031510497178, 0.002537469974373731]","[0.0012424020920633527, 0.0027779990196448528]",321
Shanghai,pt_walk_more,signed_l1_seed42,response_delay,0.01666390403780239,"[0.015908475246895513, 0.017434498876611762]","[0.015610195195224032, 0.017758358328971668]",321
Shanghai,pt_walk_more,signed_l1_seed42,response_rain_delay_interaction,-0.0008012517588213086,"[-0.0013541094866012602, -0.0002457765000872314]","[-0.001566717324433127, -3.08133810589074e-05]",320
Shanghai,pt_walk_more,signed_l1_seed42,response_fare,-0.00017267720907276665,"[-0.00043984964443515766, 9.17785670434203e-05]","[-0.0005492070408369708, 0.00018627476890069428]",321
Shanghai,pt_walk_more,signed_l1_seed42,response_parking,-0.00015204880282143566,"[-0.0005184373844449766, 0.0001946513201588782]","[-0.0006609129928330952, 0.0003281521145254373]",321
Shanghai,pt_walk_more,signed_l1_seed42,response_road,-0.00014592739651879047,"[-0.0004575888861284078, 0.0001535769238650241]","[-0.0005695175379514695, 0.0002488613121408808]",321
Shanghai,pt_walk_more,signed_l1_seed42,response_walk_vs_wait,0.009920878754928707,"[0.009141292399642906, 0.010726838849950581]","[0.008814343841509085, 0.01106622939682927]",320
Shanghai,pt_walk_more,signed_l1_seed42,response_transfer_vs_wait,-0.011194099660533426,"[-0.011899998602950568, -0.010469196680091856]","[-0.012144738950139577, -0.010181749205074546]",321
Shanghai,pt_walk_more,signed_l1_seed2026,accuracy,-0.0323208722741433,"[-0.039797507788162004, -0.02484423676012461]","[-0.04279643691588786, -0.022215488707165165]",321
Shanghai,pt_walk_more,signed_l1_seed2026,brier,0.028664934893447357,"[0.025566937435778883, 0.03174275281989324]","[0.024371124702416806, 0.03294532213926463]",321
Shanghai,pt_walk_more,signed_l1_seed2026,nll_clipped,0.03655481628333376,"[0.032740481038028124, 0.0403013553580557]","[0.0310946127683538, 0.041756386479429926]",321
Shanghai,pt_walk_more,signed_l1_seed2026,pt_probability,-0.030916121636874204,"[-0.031813537279924385, -0.030010157031807875]","[-0.03213477045627466, -0.0296431399334978]",321
Shanghai,pt_walk_more,signed_l1_seed2026,response_rain,0.002159674358887836,"[0.0016390037116510475, 0.0026967794764961037]","[0.0014353313604427785, 0.0028997101163857164]",321
Shanghai,pt_walk_more,signed_l1_seed2026,response_delay,-0.042355810144098005,"[-0.045937914937165945, -0.03869815275647512]","[-0.04748768367604396, -0.03718734451805713]",321
Shanghai,pt_walk_more,signed_l1_seed2026,response_rain_delay_interaction,-0.0018198479083366692,"[-0.002646997714327881, -0.0009996816206108172]","[-0.0029565148341258248, -0.0006860649656312554]",320
Shanghai,pt_walk_more,signed_l1_seed2026,response_fare,-0.0010212403127337541,"[-0.0012864488870416102, -0.0007504146099322682]","[-0.0014077060196600925, -0.0006427832431598048]",321
Shanghai,pt_walk_more,signed_l1_seed2026,response_parking,0.001409759402646454,"[0.0009254980611838285, 0.0019160982975707248]","[0.0007414798118823971, 0.00210942491900605]",321
Shanghai,pt_walk_more,signed_l1_seed2026,response_road,0.0009311938025869684,"[0.00045002329386654674, 0.0014353290374312445]","[0.00025942741118580384, 0.001638650682223872]",321
Shanghai,pt_walk_more,signed_l1_seed2026,response_walk_vs_wait,-0.006844428298063576,"[-0.00823291475475338, -0.005428756606693284]","[-0.00876408893813145, -0.004884370138170198]",320
Shanghai,pt_walk_more,signed_l1_seed2026,response_transfer_vs_wait,0.034898566749422724,"[0.03356014133091564, 0.03625703830840617]","[0.033066633714774966, 0.03684525837979606]",321
Shanghai,pt_walk_more,signed_l1_seed7,accuracy,0.00529595015576324,"[0.0003115264797507777, 0.010280373831775701]","[-0.0015576323987538947, 0.012772585669781933]",321
Shanghai,pt_walk_more,signed_l1_seed7,brier,-0.004850255859245956,"[-0.00612576397872346, -0.0035241705416351812]","[-0.006627267488331465, -0.003008235176574706]",321
Shanghai,pt_walk_more,signed_l1_seed7,nll_clipped,-0.006186088172881845,"[-0.00780581321317608, -0.004528729292711562]","[-0.008470324523600215, -0.003894668196368664]",321
Shanghai,pt_walk_more,signed_l1_seed7,pt_probability,0.005559966066776778,"[0.004691765948323492, 0.00642268134974454]","[0.004374768492349386, 0.006760713337239519]",321
Shanghai,pt_walk_more,signed_l1_seed7,response_rain,0.005754346880957345,"[0.005016260438619001, 0.006500778933319719]","[0.004725460939956509, 0.006821333498743324]",321
Shanghai,pt_walk_more,signed_l1_seed7,response_delay,0.02583557867511782,"[0.02456695764728842, 0.027090593756428943]","[0.02404681504551739, 0.027594024504170783]",321
Shanghai,pt_walk_more,signed_l1_seed7,response_rain_delay_interaction,-0.0006038541090674698,"[-0.0014091261924495428, 0.00017401568271452545]","[-0.0017042804955953526, 0.0004812492291682951]",320
Shanghai,pt_walk_more,signed_l1_seed7,response_fare,-0.0034069267110289816,"[-0.003907529545535923, -0.0029126439928265748]","[-0.004094047431262483, -0.0027078458554810644]",321
Shanghai,pt_walk_more,signed_l1_seed7,response_parking,0.0016678392515746974,"[0.0012035747624446298, 0.0021713006742461074]","[0.0010305737274353655, 0.0023980845714632036]",321
Shanghai,pt_walk_more,signed_l1_seed7,response_road,0.0008107056127530392,"[0.00045600879960620887, 0.001189817277557939]","[0.0003297059671993939, 0.0013395356400246001]",321
Shanghai,pt_walk_more,signed_l1_seed7,response_walk_vs_wait,-0.03138341123703867,"[-0.03241053297393402, -0.030348184459399928]","[-0.03284432860738889, -0.02992301144988227]",320
Shanghai,pt_walk_more,signed_l1_seed7,response_transfer_vs_wait,0.021750553374721253,"[0.019990540241874827, 0.023494466782382158]","[0.019205288923740085, 0.02418034385318209]",321
Shanghai,pt_walk_more,direction_magnitude_seed42,accuracy,-0.007788161993769472,"[-0.011838006230529595, -0.0037383177570093464]","[-0.013395638629283491, -0.002180685358255452]",321
Shanghai,pt_walk_more,direction_magnitude_seed42,brier,0.004014625872736585,"[0.0026630159375930855, 0.0054158074001288345]","[0.002148744105908566, 0.0059008781089087275]",321
Shanghai,pt_walk_more,direction_magnitude_seed42,nll_clipped,0.004122969017020908,"[0.002263125237091339, 0.006049341662285766]","[0.0015542252516198424, 0.006787572665402782]",321
Shanghai,pt_walk_more,direction_magnitude_seed42,pt_probability,0.01004086003154284,"[0.009258545309340007, 0.010833768202601192]","[0.008941949537312947, 0.011182961212308834]",321
Shanghai,pt_walk_more,direction_magnitude_seed42,response_rain,0.0011406165788478198,"[0.0006844298328008979, 0.0016222921812274374]","[0.0004905991864062823, 0.001809582686504331]",321
Shanghai,pt_walk_more,direction_magnitude_seed42,response_delay,0.018082142433273458,"[0.01730315882561734, 0.018882024802290762]","[0.017017321545062036, 0.01913883241032746]",321
Shanghai,pt_walk_more,direction_magnitude_seed42,response_rain_delay_interaction,-0.0016157315112650394,"[-0.002216841191984713, -0.0009981627577038482]","[-0.0024441211144946907, -0.00073376545200931]",320
Shanghai,pt_walk_more,direction_magnitude_seed42,response_fare,0.0011358097242046368,"[0.0008736113544750807, 0.0013907529111963194]","[0.0007633037602592759, 0.0014951899361933037]",321
Shanghai,pt_walk_more,direction_magnitude_seed42,response_parking,0.0014578291096048563,"[0.0009736121420362657, 0.001980799117424406]","[0.0007901063986772502, 0.002166819158575941]",321
Shanghai,pt_walk_more,direction_magnitude_seed42,response_road,0.0007450210621052442,"[0.00038591662880230545, 0.0011137004024885894]","[0.00025200097752021294, 0.0012641491510577457]",321
Shanghai,pt_walk_more,direction_magnitude_seed42,response_walk_vs_wait,-0.00110482731834054,"[-0.0015093701944888902, -0.0006935462642191239]","[-0.001663977873523327, -0.0005374227024558966]",320
Shanghai,pt_walk_more,direction_magnitude_seed42,response_transfer_vs_wait,-0.03147543771801708,"[-0.03233767717386193, -0.030601628258464585]","[-0.03267787310807615, -0.03026031521156233]",321
Shanghai,pt_walk_more,direction_magnitude_seed2026,accuracy,-0.03613707165109035,"[-0.0442367601246106, -0.02772585669781932]","[-0.04727511682242991, -0.02429906542056075]",321
Shanghai,pt_walk_more,direction_magnitude_seed2026,brier,0.031781856117162756,"[0.028382272545740977, 0.0351302201425905]","[0.027072604748263285, 0.036349547280465445]",321
Shanghai,pt_walk_more,direction_magnitude_seed2026,nll_clipped,0.04055702331660416,"[0.0364050341823286, 0.0445681168917949]","[0.03470087507051325, 0.04610671932788224]",321
Shanghai,pt_walk_more,direction_magnitude_seed2026,pt_probability,-0.03221006819229817,"[-0.03324605106278917, -0.03118488441478182]","[-0.033608029709140286, -0.03071739760432588]",321
Shanghai,pt_walk_more,direction_magnitude_seed2026,response_rain,0.0011379618511021695,"[0.0006383988170701767, 0.0016337705764490123]","[0.0004251524553608115, 0.0018474521216968265]",321
Shanghai,pt_walk_more,direction_magnitude_seed2026,response_delay,-0.04018780336689169,"[-0.043868753624459106, -0.0364470236838978]","[-0.045239580791070766, -0.03486877058544185]",321
Shanghai,pt_walk_more,direction_magnitude_seed2026,response_rain_delay_interaction,-0.0017817371059209107,"[-0.0026051509175217505, -0.0009616933274921502]","[-0.0029569021558368304, -0.0006074073014605379]",320
Shanghai,pt_walk_more,direction_magnitude_seed2026,response_fare,0.0017226802597164737,"[0.001429231068542999, 0.002013727860101658]","[0.0013237261285895128, 0.002131881292784627]",321
Shanghai,pt_walk_more,direction_magnitude_seed2026,response_parking,0.00018761741038052094,"[-0.00030975426747420124, 0.0006867696980821009]","[-0.0005155006098645127, 0.0008685497224702269]",321
Shanghai,pt_walk_more,direction_magnitude_seed2026,response_road,0.0016668277366139064,"[0.0010059171701517432, 0.00236013982549449]","[0.0007571648201409066, 0.0026492396012714517]",321
Shanghai,pt_walk_more,direction_magnitude_seed2026,response_walk_vs_wait,-0.01839525745017454,"[-0.02067280577066299, -0.016068651418510237]","[-0.021508378562248257, -0.015176841897677904]",320
Shanghai,pt_walk_more,direction_magnitude_seed2026,response_transfer_vs_wait,0.04709913943694017,"[0.045349957821223405, 0.04888770672959795]","[0.04467940403067295, 0.04961971535950875]",321
Shanghai,pt_walk_more,direction_magnitude_seed7,accuracy,0.0015576323987538938,"[-0.0037383177570093473, 0.0071651090342679125]","[-0.006153621495327102, 0.009034267912772587]",321
Shanghai,pt_walk_more,direction_magnitude_seed7,brier,-0.0009852796847215888,"[-0.002305674733104828, 0.0003791049852558096]","[-0.0028189656000551706, 0.000939665825477788]",321
Shanghai,pt_walk_more,direction_magnitude_seed7,nll_clipped,-0.000684309665309648,"[-0.0022186888721900523, 0.0008877091228113015]","[-0.0028877797072253994, 0.001536267280504724]",321
Shanghai,pt_walk_more,direction_magnitude_seed7,pt_probability,-0.003369683507725457,"[-0.004122321050544487, -0.0026138354006957406]","[-0.004424928075541827, -0.0023074135507784826]",321
Shanghai,pt_walk_more,direction_magnitude_seed7,response_rain,0.005553498121436883,"[0.004960879203036566, 0.006154226430479982]","[0.004687645580660192, 0.0063769881361138035]",321
Shanghai,pt_walk_more,direction_magnitude_seed7,response_delay,0.031502993876039054,"[0.03036884273028123, 0.03265203677112022]","[0.029956723159437308, 0.033157435399364096]",321
Shanghai,pt_walk_more,direction_magnitude_seed7,response_rain_delay_interaction,0.00010190324392169713,"[-0.00080118836750074, 0.000977735153495151]","[-0.0011830964826826883, 0.0012852601819862421]",320
Shanghai,pt_walk_more,direction_magnitude_seed7,response_fare,-0.0017197117720066202,"[-0.002055935265722676, -0.001384223517134925]","[-0.0021726234760889754, -0.0012566767624257325]",321
Shanghai,pt_walk_more,direction_magnitude_seed7,response_parking,0.0006343629501319005,"[0.00033914310004666586, 0.0009381411951093287]","[0.0002324196636224183, 0.0010785293967007557]",321
Shanghai,pt_walk_more,direction_magnitude_seed7,response_road,-0.0007541909628196668,"[-0.0010844910975742934, -0.00045096331574835164]","[-0.001229055863776102, -0.00033604556062139836]",321
Shanghai,pt_walk_more,direction_magnitude_seed7,response_walk_vs_wait,-0.0217689442448318,"[-0.022795931545791227, -0.02074255690095015]","[-0.023159880825046667, -0.020349691599981738]",320
Shanghai,pt_walk_more,direction_magnitude_seed7,response_transfer_vs_wait,0.045269430113080135,"[0.04360866359379897, 0.046949809382893025]","[0.042982763211160166, 0.04760382909402454]",321
