kind,repeat,profile,field,value,n,accuracy_gain,brier_change
original,0,survey_options,age_group,18-24,48,0.0020833333333333333,-0.044178647756031926
original,0,survey_options,age_group,25-34,79,0.005063291139240506,-0.05764008818193398
original,0,survey_options,age_group,35-44,50,0.008,-0.048839401269494945
original,0,survey_options,age_group,45-64,129,0.02170542635658915,-0.07898823194627114
original,0,survey_options,age_group,65+,15,0.0,-0.024626788063200383
original,0,survey_options,income_group,high,209,0.008133971291866028,-0.06383236121678942
original,0,survey_options,income_group,low,53,0.018867924528301886,-0.05759731654281235
original,0,survey_options,income_group,medium,59,0.016949152542372885,-0.05561651852671184
original,0,survey_options,habitual_mode,bike,36,0.0,-0.04538114002637149
original,0,survey_options,habitual_mode,car,37,0.04594594594594595,-0.02198690496282188
original,0,survey_options,habitual_mode,mixed,72,0.005555555555555556,-0.05663362766984608
original,0,survey_options,habitual_mode,pt,136,0.009558823529411767,-0.08118862438103533
original,0,survey_options,habitual_mode,walk,40,0.0075000000000000015,-0.052712130788263464
original,0,survey_options,car_ownership,False,171,0.006432748538011696,-0.07596421781395482
original,0,survey_options,car_ownership,True,150,0.017333333333333333,-0.0445674307864518
original,0,survey_options,task,B0,321,0.012461059190031152,-0.0614170427200654
original,0,survey_options,task,W1,321,-0.003115264797507788,-0.07292835828923284
original,0,survey_options,task,D1,321,0.006230529595015576,-0.01835278257398662
original,0,survey_options,task,WD1,320,0.0,-0.035289755761621536
original,0,survey_options,task,F1,321,0.006230529595015576,-0.0449397310530244
original,0,survey_options,task,P1,321,0.03115264797507788,-0.09394400568700692
original,0,survey_options,task,R1,321,0.018691588785046728,-0.07868753886598194
original,0,survey_options,task,A_WALK,320,0.0125,-0.1279058328002007
original,0,survey_options,task,A_WAIT,321,0.012461059190031152,-0.07353052623726457
original,0,survey_options,task,A_TRANSFER,321,0.018691588785046728,-0.006573074193457666
original,0,ownership,age_group,18-24,48,0.03125000000000001,-0.051683167753063475
original,0,ownership,age_group,25-34,79,0.035443037974683546,-0.04610793756692726
original,0,ownership,age_group,35-44,50,0.034,-0.07117155695206118
original,0,ownership,age_group,45-64,129,0.01782945736434109,-0.03511191015473014
original,0,ownership,age_group,65+,15,0.046666666666666676,-0.019400097360330264
original,0,ownership,income_group,high,209,0.022488038277511967,-0.043531756030831155
original,0,ownership,income_group,low,53,0.04716981132075473,-0.05456014601695959
original,0,ownership,income_group,medium,59,0.030508474576271188,-0.04258491675525307
original,0,ownership,habitual_mode,bike,36,0.058333333333333334,-0.08107168468817087
original,0,ownership,habitual_mode,car,37,0.01891891891891892,0.0041264497422061255
original,0,ownership,habitual_mode,mixed,72,0.04444444444444445,-0.04331716070981523
original,0,ownership,habitual_mode,pt,136,0.021323529411764706,-0.062062219619547186
original,0,ownership,habitual_mode,walk,40,0.0025,-0.004428384755621554
original,0,ownership,car_ownership,False,171,0.03216374269005848,-0.05332452981523491
original,0,ownership,car_ownership,True,150,0.023333333333333334,-0.03589226826331554
original,0,ownership,task,B0,321,0.006230529595015576,-0.0195445070738064
original,0,ownership,task,W1,321,-0.003115264797507788,-0.025558417608644225
original,0,ownership,task,D1,321,0.06853582554517133,-0.13001932391497223
original,0,ownership,task,WD1,320,0.125,-0.13432872957073547
original,0,ownership,task,F1,321,0.0,-0.012437937655455826
original,0,ownership,task,P1,321,0.012461059190031152,-0.029536095050476767
original,0,ownership,task,R1,321,0.003115264797507788,-0.019844230000889803
original,0,ownership,task,A_WALK,320,0.071875,-0.08021067132994801
original,0,ownership,task,A_WAIT,321,-0.003115264797507788,-0.004612214666638221
original,0,ownership,task,A_TRANSFER,321,0.0,0.0035638745022974305
permutation,0,survey_options,age_group,18-24,48,0.004166666666666667,-0.04730693886980911
permutation,0,survey_options,age_group,25-34,79,0.021518987341772152,-0.052226029888790285
permutation,0,survey_options,age_group,35-44,50,-0.022000000000000002,-0.04941927808969245
permutation,0,survey_options,age_group,45-64,129,0.012403100775193798,-0.0780850634736001
permutation,0,survey_options,age_group,65+,15,0.03333333333333333,-0.05382662139670064
permutation,0,survey_options,income_group,high,209,0.009090909090909092,-0.06723280955455371
permutation,0,survey_options,income_group,low,53,0.011320754716981133,-0.05130258550285492
permutation,0,survey_options,income_group,medium,59,0.006779661016949153,-0.05046155274477586
permutation,0,survey_options,habitual_mode,bike,36,-0.002777777777777778,-0.02871024275951599
permutation,0,survey_options,habitual_mode,car,37,0.016216216216216214,-0.03158325428304197
permutation,0,survey_options,habitual_mode,mixed,72,0.0,-0.052471464384425265
permutation,0,survey_options,habitual_mode,pt,136,0.014705882352941176,-0.08290778776152719
permutation,0,survey_options,habitual_mode,walk,40,0.01,-0.06230930303583419
permutation,0,survey_options,car_ownership,False,171,0.004093567251461988,-0.0712892202571472
permutation,0,survey_options,car_ownership,True,150,0.014666666666666668,-0.05038312784348428
permutation,0,survey_options,task,B0,321,0.006230529595015576,-0.060503074805487646
permutation,0,survey_options,task,W1,321,0.0,-0.07359897157550986
permutation,0,survey_options,task,D1,321,0.006230529595015576,-0.022942151406674716
permutation,0,survey_options,task,WD1,320,-0.003125,-0.03624064484504756
permutation,0,survey_options,task,F1,321,-0.006230529595015576,-0.04233350224877482
permutation,0,survey_options,task,P1,321,0.03115264797507788,-0.09443619323802578
permutation,0,survey_options,task,R1,321,0.028037383177570093,-0.07813738995156193
permutation,0,survey_options,task,A_WALK,320,0.009375,-0.13496285272181682
permutation,0,survey_options,task,A_WAIT,321,0.009345794392523364,-0.07288388957325923
permutation,0,survey_options,task,A_TRANSFER,321,0.009345794392523364,0.0006136778475939494
permutation,0,ownership,age_group,18-24,48,0.03333333333333333,-0.05890208505990432
permutation,0,ownership,age_group,25-34,79,0.031645569620253174,-0.030239569214494222
permutation,0,ownership,age_group,35-44,50,0.024000000000000004,-0.06648010455093466
permutation,0,ownership,age_group,45-64,129,0.014728682170542637,-0.03581151134666706
permutation,0,ownership,age_group,65+,15,0.03333333333333333,-0.08697595543938921
permutation,0,ownership,income_group,high,209,0.018660287081339714,-0.04145661925749323
permutation,0,ownership,income_group,low,53,0.02830188679245283,-0.03623561375808234
permutation,0,ownership,income_group,medium,59,0.03898305084745763,-0.06575651897768851
permutation,0,ownership,habitual_mode,bike,36,0.036111111111111115,-0.06616138901884248
permutation,0,ownership,habitual_mode,car,37,0.01891891891891892,0.002175875155125885
permutation,0,ownership,habitual_mode,mixed,72,0.051388888888888894,-0.060861866134737985
permutation,0,ownership,habitual_mode,pt,136,0.016176470588235296,-0.05878136544551187
permutation,0,ownership,habitual_mode,walk,40,-0.004999999999999999,0.005326677813783705
permutation,0,ownership,car_ownership,False,171,0.03333333333333334,-0.05634727430392981
permutation,0,ownership,car_ownership,True,150,0.013333333333333334,-0.032194477784707166
permutation,0,ownership,task,B0,321,0.006230529595015576,-0.02669415432115237
permutation,0,ownership,task,W1,321,0.0,-0.029660357530803663
permutation,0,ownership,task,D1,321,0.056074766355140186,-0.11544935803488021
permutation,0,ownership,task,WD1,320,0.121875,-0.12858949615149592
permutation,0,ownership,task,F1,321,-0.003115264797507788,-0.007742504516951091
permutation,0,ownership,task,P1,321,0.01557632398753894,-0.031055948889465078
permutation,0,ownership,task,R1,321,0.003115264797507788,-0.018926919427394773
permutation,0,ownership,task,A_WALK,320,0.0625,-0.08185647413202202
permutation,0,ownership,task,A_WAIT,321,-0.009345794392523364,-0.010578414727056343
permutation,0,ownership,task,A_TRANSFER,321,-0.012461059190031152,-0.001398224626658708
permutation,1,survey_options,age_group,18-24,48,0.004166666666666667,-0.05034509233022368
permutation,1,survey_options,age_group,25-34,79,0.01139240506329114,-0.04868757480009954
permutation,1,survey_options,age_group,35-44,50,0.0019999999999999996,-0.049162289255605035
permutation,1,survey_options,age_group,45-64,129,0.012403100775193798,-0.07988347999897275
permutation,1,survey_options,age_group,65+,15,0.006666666666666667,-0.03325189018266375
permutation,1,survey_options,income_group,high,209,0.009090909090909092,-0.06557745005302035
permutation,1,survey_options,income_group,low,53,0.011320754716981131,-0.05016135553319339
permutation,1,survey_options,income_group,medium,59,0.006779661016949153,-0.053567892747555766
permutation,1,survey_options,habitual_mode,bike,36,0.0,-0.039559012808610836
permutation,1,survey_options,habitual_mode,car,37,0.02162162162162162,-0.023603157069618925
permutation,1,survey_options,habitual_mode,mixed,72,0.001388888888888889,-0.04990537694098751
permutation,1,survey_options,habitual_mode,pt,136,0.0125,-0.08339889936070634
permutation,1,survey_options,habitual_mode,walk,40,0.0075000000000000015,-0.05729664627383098
permutation,1,survey_options,car_ownership,False,171,0.007017543859649124,-0.07578979095884862
permutation,1,survey_options,car_ownership,True,150,0.011333333333333334,-0.043764602149887845
permutation,1,survey_options,task,B0,321,0.0,-0.06057230900151491
permutation,1,survey_options,task,W1,321,0.003115264797507788,-0.07321970799702383
permutation,1,survey_options,task,D1,321,0.006230529595015576,-0.019039790002437218
permutation,1,survey_options,task,WD1,320,0.0,-0.036115532395028106
permutation,1,survey_options,task,F1,321,0.009345794392523364,-0.040836397757108
permutation,1,survey_options,task,P1,321,0.03115264797507788,-0.0934897825918527
permutation,1,survey_options,task,R1,321,0.021806853582554516,-0.08244540510422659
permutation,1,survey_options,task,A_WALK,320,0.00625,-0.13069491737561514
permutation,1,survey_options,task,A_WAIT,321,0.006230529595015576,-0.0708435198268147
permutation,1,survey_options,task,A_TRANSFER,321,0.006230529595015576,-0.0016864466861091967
permutation,1,ownership,age_group,18-24,48,0.03541666666666667,-0.06174544388048836
permutation,1,ownership,age_group,25-34,79,0.03544303797468354,-0.04633541057002678
permutation,1,ownership,age_group,35-44,50,0.024000000000000004,-0.06264935912279153
permutation,1,ownership,age_group,45-64,129,0.010077519379844961,-0.03485163428918919
permutation,1,ownership,age_group,65+,15,0.04000000000000001,-0.05626509325208731
permutation,1,ownership,income_group,high,209,0.0215311004784689,-0.044951706779381165
permutation,1,ownership,income_group,low,53,0.018867924528301886,-0.044784849586732615
permutation,1,ownership,income_group,medium,59,0.03559322033898305,-0.05640813855142976
permutation,1,ownership,habitual_mode,bike,36,0.04722222222222223,-0.08224465363963546
permutation,1,ownership,habitual_mode,car,37,0.010810810810810811,0.006687390221029233
permutation,1,ownership,habitual_mode,mixed,72,0.04583333333333333,-0.051949471849836164
permutation,1,ownership,habitual_mode,pt,136,0.016176470588235296,-0.0594662545053206
permutation,1,ownership,habitual_mode,walk,40,0.0,-0.013885931019031194
permutation,1,ownership,car_ownership,False,171,0.03450292397660819,-0.06327589779865478
permutation,1,ownership,car_ownership,True,150,0.011333333333333332,-0.028509369306345865
permutation,1,ownership,task,B0,321,0.003115264797507788,-0.02681864581261018
permutation,1,ownership,task,W1,321,0.003115264797507788,-0.02631012769912885
permutation,1,ownership,task,D1,321,0.06542056074766354,-0.12357991565070915
permutation,1,ownership,task,WD1,320,0.115625,-0.12821991235413252
permutation,1,ownership,task,F1,321,-0.006230529595015576,-0.011473634636150325
permutation,1,ownership,task,P1,321,0.009345794392523364,-0.0327632668143039
permutation,1,ownership,task,R1,321,-0.003115264797507788,-0.02948934063279948
permutation,1,ownership,task,A_WALK,320,0.06875,-0.08939020789233083
permutation,1,ownership,task,A_WAIT,321,-0.012461059190031152,-0.00516256519029355
permutation,1,ownership,task,A_TRANSFER,321,-0.006230529595015576,0.002274181331396137
permutation,2,survey_options,age_group,18-24,48,-0.006250000000000001,-0.03902345271944265
permutation,2,survey_options,age_group,25-34,79,0.005063291139240506,-0.05702744673211939
permutation,2,survey_options,age_group,35-44,50,-0.006000000000000001,-0.03617301786697081
permutation,2,survey_options,age_group,45-64,129,0.021705426356589147,-0.08551452853687286
permutation,2,survey_options,age_group,65+,15,0.0,-0.027066210869980324
permutation,2,survey_options,income_group,high,209,0.010047846889952153,-0.06657934298258063
permutation,2,survey_options,income_group,low,53,0.009433962264150943,-0.05371510580164929
permutation,2,survey_options,income_group,medium,59,0.0,-0.04851405032506367
permutation,2,survey_options,habitual_mode,bike,36,-0.002777777777777778,-0.037708295697556626
permutation,2,survey_options,habitual_mode,car,37,0.02702702702702703,-0.029551704044409627
permutation,2,survey_options,habitual_mode,mixed,72,-0.006944444444444444,-0.048526477251860455
permutation,2,survey_options,habitual_mode,pt,136,0.0125,-0.08446022983817872
permutation,2,survey_options,habitual_mode,walk,40,0.0125,-0.05482257362860171
permutation,2,survey_options,car_ownership,False,171,0.006432748538011696,-0.07478421357611867
permutation,2,survey_options,car_ownership,True,150,0.01,-0.045574744923394854
permutation,2,survey_options,task,B0,321,0.003115264797507788,-0.06100519885014569
permutation,2,survey_options,task,W1,321,0.006230529595015576,-0.07580597267074403
permutation,2,survey_options,task,D1,321,0.0,-0.020325202254049678
permutation,2,survey_options,task,WD1,320,-0.003125,-0.03669294669879853
permutation,2,survey_options,task,F1,321,-0.003115264797507788,-0.041018064046586616
permutation,2,survey_options,task,P1,321,0.03426791277258567,-0.09363881961255437
permutation,2,survey_options,task,R1,321,0.03115264797507788,-0.07959701243140725
permutation,2,survey_options,task,A_WALK,320,0.003125,-0.1314779731363553
permutation,2,survey_options,task,A_WAIT,321,0.003115264797507788,-0.07075707997595891
permutation,2,survey_options,task,A_TRANSFER,321,0.006230529595015576,-0.001727936791165841
permutation,2,ownership,age_group,18-24,48,0.03541666666666667,-0.05982139458638646
permutation,2,ownership,age_group,25-34,79,0.035443037974683546,-0.04484638422860095
permutation,2,ownership,age_group,35-44,50,0.01,-0.04438551085622297
permutation,2,ownership,age_group,45-64,129,0.011627906976744186,-0.03569490622228956
permutation,2,ownership,age_group,65+,15,0.04000000000000001,-0.033005652405384917
permutation,2,ownership,income_group,high,209,0.0215311004784689,-0.04672731909878087
permutation,2,ownership,income_group,low,53,0.026415094339622643,-0.02980435837152823
permutation,2,ownership,income_group,medium,59,0.02033898305084746,-0.040468709159950884
permutation,2,ownership,habitual_mode,bike,36,0.036111111111111115,-0.06922020536157046
permutation,2,ownership,habitual_mode,car,37,0.010810810810810813,-0.0005079494926101991
permutation,2,ownership,habitual_mode,mixed,72,0.041666666666666664,-0.049232862555045796
permutation,2,ownership,habitual_mode,pt,136,0.01838235294117647,-0.05855284662902311
permutation,2,ownership,habitual_mode,walk,40,-0.0024999999999999996,0.00713450609950639
permutation,2,ownership,car_ownership,False,171,0.0304093567251462,-0.053049408156663154
permutation,2,ownership,car_ownership,True,150,0.012666666666666666,-0.031078971539892676
permutation,2,ownership,task,B0,321,0.006230529595015576,-0.0222588392049509
permutation,2,ownership,task,W1,321,0.0,-0.02622121269185383
permutation,2,ownership,task,D1,321,0.07165109034267912,-0.12686640952677286
permutation,2,ownership,task,WD1,320,0.10625,-0.1272734597819653
permutation,2,ownership,task,F1,321,0.0,-0.004755647813054742
permutation,2,ownership,task,P1,321,0.003115264797507788,-0.027629467016341
permutation,2,ownership,task,R1,321,-0.003115264797507788,-0.015619793944519136
permutation,2,ownership,task,A_WALK,320,0.059375,-0.08034413729867426
permutation,2,ownership,task,A_WAIT,321,-0.009345794392523364,0.000763757536406152
permutation,2,ownership,task,A_TRANSFER,321,-0.012461059190031152,0.0016348592524241938
permutation,3,survey_options,age_group,18-24,48,0.004166666666666667,-0.05064887894101563
permutation,3,survey_options,age_group,25-34,79,0.005063291139240506,-0.05154237131848821
permutation,3,survey_options,age_group,35-44,50,0.008,-0.056646571421719374
permutation,3,survey_options,age_group,45-64,129,0.020155038759689922,-0.07688570536140846
permutation,3,survey_options,age_group,65+,15,0.02666666666666667,-0.037856358165269194
permutation,3,survey_options,income_group,high,209,0.009569377990430622,-0.06513487501813454
permutation,3,survey_options,income_group,low,53,0.02641509433962264,-0.06020205408562776
permutation,3,survey_options,income_group,medium,59,0.010169491525423728,-0.0511445036133496
permutation,3,survey_options,habitual_mode,bike,36,0.0,-0.03146179120087467
permutation,3,survey_options,habitual_mode,car,37,0.04054054054054054,-0.03284949177674743
permutation,3,survey_options,habitual_mode,mixed,72,0.001388888888888889,-0.05056420203704986
permutation,3,survey_options,habitual_mode,pt,136,0.014705882352941176,-0.08309184961357423
permutation,3,survey_options,habitual_mode,walk,40,0.01,-0.06330634213577974
permutation,3,survey_options,car_ownership,False,171,0.006432748538011695,-0.07122992350655889
permutation,3,survey_options,car_ownership,True,150,0.019333333333333334,-0.05094071025929632
permutation,3,survey_options,task,B0,321,0.009345794392523364,-0.059692631562347345
permutation,3,survey_options,task,W1,321,0.0,-0.07489449017537352
permutation,3,survey_options,task,D1,321,0.009345794392523364,-0.020977228370897532
permutation,3,survey_options,task,WD1,320,0.0,-0.03804696115615731
permutation,3,survey_options,task,F1,321,0.003115264797507788,-0.04062830947431302
permutation,3,survey_options,task,P1,321,0.021806853582554516,-0.09673624310039436
permutation,3,survey_options,task,R1,321,0.028037383177570093,-0.08454121738635582
permutation,3,survey_options,task,A_WALK,320,0.015625,-0.1296394404023785
permutation,3,survey_options,task,A_WAIT,321,0.01557632398753894,-0.07131367954126089
permutation,3,survey_options,task,A_TRANSFER,321,0.021806853582554516,-0.0016567235791754339
permutation,3,ownership,age_group,18-24,48,0.03958333333333334,-0.0629171841302883
permutation,3,ownership,age_group,25-34,79,0.03670886075949367,-0.049523124354936665
permutation,3,ownership,age_group,35-44,50,0.03,-0.06614488821368401
permutation,3,ownership,age_group,45-64,129,0.013178294573643412,-0.03632183769181539
permutation,3,ownership,age_group,65+,15,0.006666666666666669,-0.041945682236172455
permutation,3,ownership,income_group,high,209,0.02200956937799043,-0.04724451284369866
permutation,3,ownership,income_group,low,53,0.03018867924528302,-0.044965101796570324
permutation,3,ownership,income_group,medium,59,0.03220338983050847,-0.055882115071416286
permutation,3,ownership,habitual_mode,bike,36,0.052777777777777785,-0.08007117526033031
permutation,3,ownership,habitual_mode,car,37,0.010810810810810811,0.0009779894243614814
permutation,3,ownership,habitual_mode,mixed,72,0.04861111111111111,-0.05435598953262414
permutation,3,ownership,habitual_mode,pt,136,0.01764705882352941,-0.059929660010261114
permutation,3,ownership,habitual_mode,walk,40,-0.0024999999999999996,-0.01609641650874604
permutation,3,ownership,car_ownership,False,171,0.03391812865497076,-0.0613923463428925
permutation,3,ownership,car_ownership,True,150,0.015333333333333336,-0.0337080476275346
permutation,3,ownership,task,B0,321,0.0,-0.02480523219816717
permutation,3,ownership,task,W1,321,-0.003115264797507788,-0.027470566232483905
permutation,3,ownership,task,D1,321,0.07476635514018691,-0.12226399767084742
permutation,3,ownership,task,WD1,320,0.121875,-0.13380699053091383
permutation,3,ownership,task,F1,321,-0.003115264797507788,-0.011092943441154232
permutation,3,ownership,task,P1,321,0.012461059190031152,-0.03554950598181828
permutation,3,ownership,task,R1,321,0.003115264797507788,-0.027084034382150287
permutation,3,ownership,task,A_WALK,320,0.0625,-0.0903477534665424
permutation,3,ownership,task,A_WAIT,321,-0.01557632398753894,-0.007965014058141274
permutation,3,ownership,task,A_TRANSFER,321,0.0,-0.005063128754633987
permutation,4,survey_options,age_group,18-24,48,0.008333333333333333,-0.04215118674923939
permutation,4,survey_options,age_group,25-34,79,0.002531645569620253,-0.04675790602675938
permutation,4,survey_options,age_group,35-44,50,-0.004000000000000001,-0.05254259082477498
permutation,4,survey_options,age_group,45-64,129,0.01627906976744186,-0.08116844338522565
permutation,4,survey_options,age_group,65+,15,0.006666666666666667,-0.03105212392548497
permutation,4,survey_options,income_group,high,209,0.006220095693779905,-0.06287606885436248
permutation,4,survey_options,income_group,low,53,0.020754716981132074,-0.05867980713568887
permutation,4,survey_options,income_group,medium,59,0.0033898305084745766,-0.051349897765073635
permutation,4,survey_options,habitual_mode,bike,36,-0.005555555555555556,-0.02666057916130902
permutation,4,survey_options,habitual_mode,car,37,0.008108108108108112,-0.017656574182123373
permutation,4,survey_options,habitual_mode,mixed,72,0.002777777777777778,-0.052887404747516936
permutation,4,survey_options,habitual_mode,pt,136,0.013970588235294118,-0.08494023236934636
permutation,4,survey_options,habitual_mode,walk,40,0.01,-0.05769833245736491
permutation,4,survey_options,car_ownership,False,171,0.007017543859649123,-0.07005553680301052
permutation,4,survey_options,car_ownership,True,150,0.009333333333333334,-0.04867516895718544
permutation,4,survey_options,task,B0,321,0.0,-0.06128228524169854
permutation,4,survey_options,task,W1,321,0.009345794392523364,-0.073275007995392
permutation,4,survey_options,task,D1,321,0.003115264797507788,-0.021714181147524172
permutation,4,survey_options,task,WD1,320,-0.00625,-0.03595204436869635
permutation,4,survey_options,task,F1,321,0.003115264797507788,-0.04102121548791716
permutation,4,survey_options,task,P1,321,0.03115264797507788,-0.09128510778694994
permutation,4,survey_options,task,R1,321,0.021806853582554516,-0.0782151777821777
permutation,4,survey_options,task,A_WALK,320,0.003125,-0.1268851930231209
permutation,4,survey_options,task,A_WAIT,321,0.006230529595015576,-0.07190698903819848
permutation,4,survey_options,task,A_TRANSFER,321,0.009345794392523364,0.00027825267460205867
permutation,4,ownership,age_group,18-24,48,0.03125,-0.04650470338205992
permutation,4,ownership,age_group,25-34,79,0.029113924050632914,-0.042782890423964784
permutation,4,ownership,age_group,35-44,50,0.028000000000000004,-0.06250510186101382
permutation,4,ownership,age_group,45-64,129,0.013178294573643412,-0.033964155622083346
permutation,4,ownership,age_group,65+,15,0.05333333333333334,-0.03127685595407515
permutation,4,ownership,income_group,high,209,0.018660287081339714,-0.040850518283564535
permutation,4,ownership,income_group,low,53,0.033962264150943396,-0.03792239806230687
permutation,4,ownership,income_group,medium,59,0.03389830508474576,-0.05152902872670192
permutation,4,ownership,habitual_mode,bike,36,0.044444444444444446,-0.061426995047673
permutation,4,ownership,habitual_mode,car,37,0.008108108108108109,0.004874292620034513
permutation,4,ownership,habitual_mode,mixed,72,0.045833333333333344,-0.04429418160905061
permutation,4,ownership,habitual_mode,pt,136,0.01985294117647059,-0.06004526176926776
permutation,4,ownership,habitual_mode,walk,40,-0.005,-0.005037461054891319
permutation,4,ownership,car_ownership,False,171,0.03333333333333334,-0.05334363412110757
permutation,4,ownership,car_ownership,True,150,0.013333333333333334,-0.0297739778582218
permutation,4,ownership,task,B0,321,0.009345794392523364,-0.021769412931796135
permutation,4,ownership,task,W1,321,-0.006230529595015576,-0.02593802588337529
permutation,4,ownership,task,D1,321,0.06853582554517133,-0.12734993271777834
permutation,4,ownership,task,WD1,320,0.115625,-0.12648385500048964
permutation,4,ownership,task,F1,321,0.003115264797507788,-0.009487643354071268
permutation,4,ownership,task,P1,321,0.003115264797507788,-0.02772603966286136
permutation,4,ownership,task,R1,321,0.0,-0.020545888824634543
permutation,4,ownership,task,A_WALK,320,0.053125,-0.07285410606152154
permutation,4,ownership,task,A_WAIT,321,-0.006230529595015576,-0.004464733151603907
permutation,4,ownership,task,A_TRANSFER,321,0.0,0.012612670839595786
permutation,5,survey_options,age_group,18-24,48,0.0020833333333333333,-0.04346958538632362
permutation,5,survey_options,age_group,25-34,79,0.006329113924050633,-0.05171370552986449
permutation,5,survey_options,age_group,35-44,50,-0.004,-0.04339642604827526
permutation,5,survey_options,age_group,45-64,129,0.015503875968992248,-0.07806528922816276
permutation,5,survey_options,age_group,65+,15,0.013333333333333334,-0.05686728121701322
permutation,5,survey_options,income_group,high,209,0.006698564593301436,-0.06575042550946301
permutation,5,survey_options,income_group,low,53,0.015094339622641508,-0.052907828376083696
permutation,5,survey_options,income_group,medium,59,0.006779661016949153,-0.04608850561177252
permutation,5,survey_options,habitual_mode,bike,36,-0.002777777777777778,-0.030284731436296793
permutation,5,survey_options,habitual_mode,car,37,-0.018918918918918923,-0.0069414063478343705
permutation,5,survey_options,habitual_mode,mixed,72,0.001388888888888889,-0.04245077093949389
permutation,5,survey_options,habitual_mode,pt,136,0.021323529411764706,-0.09316281416480321
permutation,5,survey_options,habitual_mode,walk,40,0.01,-0.05478737664678583
permutation,5,survey_options,car_ownership,False,171,0.014035087719298248,-0.07554438963093922
permutation,5,survey_options,car_ownership,True,150,0.0013333333333333333,-0.04231390026409451
permutation,5,survey_options,task,B0,321,0.003115264797507788,-0.05891770930896112
permutation,5,survey_options,task,W1,321,0.006230529595015576,-0.07302010707201588
permutation,5,survey_options,task,D1,321,0.0,-0.020278448162862527
permutation,5,survey_options,task,WD1,320,-0.003125,-0.0355609289344927
permutation,5,survey_options,task,F1,321,-0.003115264797507788,-0.041190770522281116
permutation,5,survey_options,task,P1,321,0.037383177570093455,-0.09283949642680354
permutation,5,survey_options,task,R1,321,0.024922118380062305,-0.08136094430062671
permutation,5,survey_options,task,A_WALK,320,0.003125,-0.1299461927272781
permutation,5,survey_options,task,A_WAIT,321,0.003115264797507788,-0.06948275902335016
permutation,5,survey_options,task,A_TRANSFER,321,0.009345794392523364,0.001855351315204965
permutation,5,ownership,age_group,18-24,48,0.0375,-0.05266985765464375
permutation,5,ownership,age_group,25-34,79,0.03417721518987342,-0.050476762760398204
permutation,5,ownership,age_group,35-44,50,0.042,-0.07643525822563993
permutation,5,ownership,age_group,45-64,129,0.013178294573643412,-0.03721258518189781
permutation,5,ownership,age_group,65+,15,0.046666666666666676,-0.05403542760028855
permutation,5,ownership,income_group,high,209,0.023923444976076555,-0.04645247940474901
permutation,5,ownership,income_group,low,53,0.0339622641509434,-0.045217307147665586
permutation,5,ownership,income_group,medium,59,0.03728813559322034,-0.0651432163529946
permutation,5,ownership,habitual_mode,bike,36,0.05555555555555555,-0.0816416249648354
permutation,5,ownership,habitual_mode,car,37,0.016216216216216217,0.006389263862012648
permutation,5,ownership,habitual_mode,mixed,72,0.04722222222222223,-0.05211216115046188
permutation,5,ownership,habitual_mode,pt,136,0.02426470588235294,-0.06855526627571455
permutation,5,ownership,habitual_mode,walk,40,-0.0075000000000000015,-0.004256192176886508
permutation,5,ownership,car_ownership,False,171,0.03508771929824562,-0.06265296632472973
permutation,5,ownership,car_ownership,True,150,0.02,-0.03489918665144478
permutation,5,ownership,task,B0,321,0.01557632398753894,-0.025538018208520977
permutation,5,ownership,task,W1,321,0.0,-0.03015470404110853
permutation,5,ownership,task,D1,321,0.0778816199376947,-0.13774440552559836
permutation,5,ownership,task,WD1,320,0.121875,-0.13060833793365811
permutation,5,ownership,task,F1,321,-0.003115264797507788,-0.012900554367881008
permutation,5,ownership,task,P1,321,0.009345794392523364,-0.03303752251848546
permutation,5,ownership,task,R1,321,0.003115264797507788,-0.027990176436393708
permutation,5,ownership,task,A_WALK,320,0.071875,-0.09207625274344422
permutation,5,ownership,task,A_WAIT,321,-0.006230529595015576,-0.004478347654613935
permutation,5,ownership,task,A_TRANSFER,321,-0.009345794392523364,-0.003209903964593199
permutation,6,survey_options,age_group,18-24,48,-0.010416666666666666,-0.0456069608569297
permutation,6,survey_options,age_group,25-34,79,0.007594936708860761,-0.049538872691277526
permutation,6,survey_options,age_group,35-44,50,-0.004000000000000001,-0.04384311621378144
permutation,6,survey_options,age_group,45-64,129,0.004651162790697675,-0.08115582760079033
permutation,6,survey_options,age_group,65+,15,0.006666666666666667,-0.04112962371494417
permutation,6,survey_options,income_group,high,209,0.0014354066985645937,-0.06649096776496168
permutation,6,survey_options,income_group,low,53,0.01320754716981132,-0.05736449499482753
permutation,6,survey_options,income_group,medium,59,-0.006779661016949152,-0.04142333039077776
permutation,6,survey_options,habitual_mode,bike,36,-0.005555555555555556,-0.03379610595282671
permutation,6,survey_options,habitual_mode,car,37,0.0,-0.015795759593393528
permutation,6,survey_options,habitual_mode,mixed,72,-0.008333333333333333,-0.04812226047870131
permutation,6,survey_options,habitual_mode,pt,136,0.007352941176470588,-0.08732044878632787
permutation,6,survey_options,habitual_mode,walk,40,0.01,-0.055985507049858295
permutation,6,survey_options,car_ownership,False,171,3.2462661538747265e-19,-0.07007283361742807
permutation,6,survey_options,car_ownership,True,150,0.004,-0.049323016280523574
permutation,6,survey_options,task,B0,321,-0.003115264797507788,-0.058753600128206726
permutation,6,survey_options,task,W1,321,0.006230529595015576,-0.07397847046465567
permutation,6,survey_options,task,D1,321,-0.006230529595015576,-0.020813674028840372
permutation,6,survey_options,task,WD1,320,-0.00625,-0.035520925562275776
permutation,6,survey_options,task,F1,321,-0.006230529595015576,-0.03905643229899795
permutation,6,survey_options,task,P1,321,0.021806853582554516,-0.09296683758815899
permutation,6,survey_options,task,R1,321,0.021806853582554516,-0.08159525916231723
permutation,6,survey_options,task,A_WALK,320,-0.003125,-0.12958790258507621
permutation,6,survey_options,task,A_WAIT,321,-0.003115264797507788,-0.07070603225360188
permutation,6,survey_options,task,A_TRANSFER,321,-0.003115264797507788,-0.00145449372288434
permutation,6,ownership,age_group,18-24,48,0.02916666666666667,-0.052582135864973865
permutation,6,ownership,age_group,25-34,79,0.03417721518987341,-0.04341783616236378
permutation,6,ownership,age_group,35-44,50,0.036000000000000004,-0.06962161820363072
permutation,6,ownership,age_group,45-64,129,0.013178294573643412,-0.030334244722874878
permutation,6,ownership,age_group,65+,15,0.02666666666666667,-0.04442315240923831
permutation,6,ownership,income_group,high,209,0.020574162679425835,-0.041677650266476775
permutation,6,ownership,income_group,low,53,0.032075471698113214,-0.03975941277892826
permutation,6,ownership,income_group,medium,59,0.03389830508474577,-0.054179992558298466
permutation,6,ownership,habitual_mode,bike,36,0.04722222222222223,-0.07307754017758532
permutation,6,ownership,habitual_mode,car,37,0.008108108108108109,0.007038087658576683
permutation,6,ownership,habitual_mode,mixed,72,0.044444444444444446,-0.05062231916647675
permutation,6,ownership,habitual_mode,pt,136,0.022058823529411766,-0.061316410770953456
permutation,6,ownership,habitual_mode,walk,40,-0.005000000000000001,0.008493092598631874
permutation,6,ownership,car_ownership,False,171,0.0327485380116959,-0.056263569755248856
permutation,6,ownership,car_ownership,True,150,0.016000000000000004,-0.029289512771792665
permutation,6,ownership,task,B0,321,0.009345794392523364,-0.018732164167085757
permutation,6,ownership,task,W1,321,0.0,-0.02794325231789541
permutation,6,ownership,task,D1,321,0.08411214953271028,-0.1268845927146735
permutation,6,ownership,task,WD1,320,0.10625,-0.1268816955509558
permutation,6,ownership,task,F1,321,-0.003115264797507788,-0.00347342746949639
permutation,6,ownership,task,P1,321,0.006230529595015576,-0.02616455430739596
permutation,6,ownership,task,R1,321,0.0,-0.02325185447090806
permutation,6,ownership,task,A_WALK,320,0.059375,-0.07927026107120197
permutation,6,ownership,task,A_WAIT,321,-0.009345794392523364,-0.005267529967144915
permutation,6,ownership,task,A_TRANSFER,321,-0.003115264797507788,0.0005301453639606567
permutation,7,survey_options,age_group,18-24,48,0.0020833333333333333,-0.05134581258098947
permutation,7,survey_options,age_group,25-34,79,0.007594936708860759,-0.05422234781792856
permutation,7,survey_options,age_group,35-44,50,-0.006000000000000001,-0.04240291554602999
permutation,7,survey_options,age_group,45-64,129,0.0186046511627907,-0.08145519238729873
permutation,7,survey_options,age_group,65+,15,0.013333333333333334,-0.03214831154422123
permutation,7,survey_options,income_group,high,209,0.00861244019138756,-0.06758430058538599
permutation,7,survey_options,income_group,low,53,0.013207547169811321,-0.055553138696603464
permutation,7,survey_options,income_group,medium,59,0.00847457627118644,-0.04726812841804325
permutation,7,survey_options,habitual_mode,bike,36,-0.002777777777777778,-0.037880515576847254
permutation,7,survey_options,habitual_mode,car,37,-0.0027027027027027037,-0.022603603007878753
permutation,7,survey_options,habitual_mode,mixed,72,0.008333333333333335,-0.05455368860759513
permutation,7,survey_options,habitual_mode,pt,136,0.016911764705882352,-0.08453827484833781
permutation,7,survey_options,habitual_mode,walk,40,0.0075000000000000015,-0.05582879796878497
permutation,7,survey_options,car_ownership,False,171,0.010526315789473684,-0.0716757910667173
permutation,7,survey_options,car_ownership,True,150,0.008000000000000002,-0.05067796318347699
permutation,7,survey_options,task,B0,321,0.006230529595015576,-0.05963897935698706
permutation,7,survey_options,task,W1,321,0.01557632398753894,-0.07352268939563124
permutation,7,survey_options,task,D1,321,-0.009345794392523364,-0.021711676441287246
permutation,7,survey_options,task,WD1,320,-0.003125,-0.03942868703913848
permutation,7,survey_options,task,F1,321,0.0,-0.042371999159747896
permutation,7,survey_options,task,P1,321,0.028037383177570093,-0.09451396545857806
permutation,7,survey_options,task,R1,321,0.03426791277258567,-0.08203178740829696
permutation,7,survey_options,task,A_WALK,320,0.00625,-0.13437174116452427
permutation,7,survey_options,task,A_WAIT,321,0.006230529595015576,-0.07296327706482529
permutation,7,survey_options,task,A_TRANSFER,321,0.009345794392523364,0.0012441086196993123
permutation,7,ownership,age_group,18-24,48,0.025000000000000005,-0.05405707949162273
permutation,7,ownership,age_group,25-34,79,0.03417721518987342,-0.05164177318264788
permutation,7,ownership,age_group,35-44,50,0.032,-0.06187871331106466
permutation,7,ownership,age_group,45-64,129,0.012403100775193798,-0.031600384026370776
permutation,7,ownership,age_group,65+,15,0.06666666666666668,-0.05653873957134126
permutation,7,ownership,income_group,high,209,0.023444976076555026,-0.045446315426295215
permutation,7,ownership,income_group,low,53,0.030188679245283016,-0.043617723695173895
permutation,7,ownership,income_group,medium,59,0.027118644067796613,-0.048862490095124396
permutation,7,ownership,habitual_mode,bike,36,0.058333333333333334,-0.07914090607129064
permutation,7,ownership,habitual_mode,car,37,0.013513513513513516,0.0016588107160988845
permutation,7,ownership,habitual_mode,mixed,72,0.043055555555555555,-0.051096562207072954
permutation,7,ownership,habitual_mode,pt,136,0.01838235294117647,-0.06007245962110346
permutation,7,ownership,habitual_mode,walk,40,-0.0024999999999999996,-0.0014100646525531738
permutation,7,ownership,car_ownership,False,171,0.03333333333333334,-0.05660254983104845
permutation,7,ownership,car_ownership,True,150,0.016000000000000004,-0.03342580116295313
permutation,7,ownership,task,B0,321,0.006230529595015576,-0.022042338421794067
permutation,7,ownership,task,W1,321,-0.003115264797507788,-0.02407480690086254
permutation,7,ownership,task,D1,321,0.06230529595015576,-0.12670693141457812
permutation,7,ownership,task,WD1,320,0.10625,-0.12888154138476043
permutation,7,ownership,task,F1,321,0.0,-0.00827734579271998
permutation,7,ownership,task,P1,321,0.006230529595015576,-0.033218199243718764
permutation,7,ownership,task,R1,321,0.003115264797507788,-0.023008835976033537
permutation,7,ownership,task,A_WALK,320,0.078125,-0.08720871331834827
permutation,7,ownership,task,A_WAIT,321,-0.003115264797507788,-0.007819853972483465
permutation,7,ownership,task,A_TRANSFER,321,-0.003115264797507788,0.0028055716048685443
permutation,8,survey_options,age_group,18-24,48,0.006250000000000001,-0.05319261440281733
permutation,8,survey_options,age_group,25-34,79,0.012658227848101266,-0.04792849559987594
permutation,8,survey_options,age_group,35-44,50,-0.006000000000000001,-0.04217112380894245
permutation,8,survey_options,age_group,45-64,129,0.01782945736434109,-0.0849245738934877
permutation,8,survey_options,age_group,65+,15,0.0,-0.042889586729201186
permutation,8,survey_options,income_group,high,209,0.007655502392344498,-0.06828245573339277
permutation,8,survey_options,income_group,low,53,0.011320754716981133,-0.050098320219192825
permutation,8,survey_options,income_group,medium,59,0.01864406779661017,-0.05289021097413858
permutation,8,survey_options,habitual_mode,bike,36,-0.002777777777777778,-0.03885499914769805
permutation,8,survey_options,habitual_mode,car,37,0.024324324324324322,-0.016130160832296483
permutation,8,survey_options,habitual_mode,mixed,72,0.005555555555555556,-0.050726566484756146
permutation,8,survey_options,habitual_mode,pt,136,0.011764705882352941,-0.09001773242482172
permutation,8,survey_options,habitual_mode,walk,40,0.0125,-0.05391115876450472
permutation,8,survey_options,car_ownership,False,171,0.008771929824561403,-0.07595257209763742
permutation,8,survey_options,car_ownership,True,150,0.012,-0.047059178924496584
permutation,8,survey_options,task,B0,321,0.006230529595015576,-0.06038915603703396
permutation,8,survey_options,task,W1,321,0.0,-0.07814412146234039
permutation,8,survey_options,task,D1,321,0.0,-0.021341737922850205
permutation,8,survey_options,task,WD1,320,-0.003125,-0.03588769721600861
permutation,8,survey_options,task,F1,321,0.006230529595015576,-0.04340953453473245
permutation,8,survey_options,task,P1,321,0.028037383177570093,-0.09444772826600417
permutation,8,survey_options,task,R1,321,0.03115264797507788,-0.07979598948190843
permutation,8,survey_options,task,A_WALK,320,0.009375,-0.13361848279856622
permutation,8,survey_options,task,A_WAIT,321,0.009345794392523364,-0.07551726365504362
permutation,8,survey_options,task,A_TRANSFER,321,0.01557632398753894,-0.0026113367486721197
permutation,8,ownership,age_group,18-24,48,0.03958333333333333,-0.06248378471403304
permutation,8,ownership,age_group,25-34,79,0.025316455696202538,-0.037599641648976896
permutation,8,ownership,age_group,35-44,50,0.02,-0.06051672078128219
permutation,8,ownership,age_group,45-64,129,0.013178294573643412,-0.03561866543803329
permutation,8,ownership,age_group,65+,15,0.04000000000000001,-0.05284947187695037
permutation,8,ownership,income_group,high,209,0.018660287081339714,-0.04305715662877673
permutation,8,ownership,income_group,low,53,0.024528301886792458,-0.039007340828145304
permutation,8,ownership,income_group,medium,59,0.03389830508474576,-0.05621431382985396
permutation,8,ownership,habitual_mode,bike,36,0.058333333333333334,-0.0899653034973506
permutation,8,ownership,habitual_mode,car,37,0.00810810810810811,0.006160878261390551
permutation,8,ownership,habitual_mode,mixed,72,0.03888888888888889,-0.04323078263314116
permutation,8,ownership,habitual_mode,pt,136,0.017647058823529415,-0.0629186407513161
permutation,8,ownership,habitual_mode,walk,40,-0.01,0.007434265168272622
permutation,8,ownership,car_ownership,False,171,0.0304093567251462,-0.05530115154178934
permutation,8,ownership,car_ownership,True,150,0.013333333333333334,-0.0328432160108096
permutation,8,ownership,task,B0,321,0.003115264797507788,-0.01734160059110259
permutation,8,ownership,task,W1,321,-0.003115264797507788,-0.02788042100774715
permutation,8,ownership,task,D1,321,0.04984423676012461,-0.12634525093669463
permutation,8,ownership,task,WD1,320,0.11875,-0.12959027196792858
permutation,8,ownership,task,F1,321,0.0,-0.009608804796691921
permutation,8,ownership,task,P1,321,0.009345794392523364,-0.027573402545509718
permutation,8,ownership,task,R1,321,0.0,-0.02100938191523014
permutation,8,ownership,task,A_WALK,320,0.059375,-0.08357859541806718
permutation,8,ownership,task,A_WAIT,321,-0.012461059190031152,-0.004488041573792792
permutation,8,ownership,task,A_TRANSFER,321,0.0,-0.0014581137179394406
permutation,9,survey_options,age_group,18-24,48,0.004166666666666667,-0.04407274545363554
permutation,9,survey_options,age_group,25-34,79,0.005063291139240506,-0.049317268883602924
permutation,9,survey_options,age_group,35-44,50,0.0,-0.04266387307486575
permutation,9,survey_options,age_group,45-64,129,0.017054263565891473,-0.08060917755047756
permutation,9,survey_options,age_group,65+,15,0.006666666666666667,-0.03898066021643491
permutation,9,survey_options,income_group,high,209,0.005741626794258373,-0.06378941900902006
permutation,9,survey_options,income_group,low,53,0.007547169811320755,-0.05033285277947701
permutation,9,survey_options,income_group,medium,59,0.02203389830508475,-0.05302396126073015
permutation,9,survey_options,habitual_mode,bike,36,0.0,-0.03219618302527146
permutation,9,survey_options,habitual_mode,car,37,0.02972972972972973,-0.026727248497428573
permutation,9,survey_options,habitual_mode,mixed,72,0.0,-0.05518172346628551
permutation,9,survey_options,habitual_mode,pt,136,0.009558823529411765,-0.08014261314078945
permutation,9,survey_options,habitual_mode,walk,40,0.0125,-0.052689830613650034
permutation,9,survey_options,car_ownership,False,171,0.005263157894736843,-0.06852460857981506
permutation,9,survey_options,car_ownership,True,150,0.013333333333333334,-0.04940223611621453
permutation,9,survey_options,task,B0,321,0.003115264797507788,-0.05939434620570902
permutation,9,survey_options,task,W1,321,0.003115264797507788,-0.0707642504661292
permutation,9,survey_options,task,D1,321,0.006230529595015576,-0.01917037352924815
permutation,9,survey_options,task,WD1,320,0.0,-0.03522780739594718
permutation,9,survey_options,task,F1,321,0.003115264797507788,-0.04134073812953388
permutation,9,survey_options,task,P1,321,0.01557632398753894,-0.09401419433686367
permutation,9,survey_options,task,R1,321,0.028037383177570093,-0.08144763635409455
permutation,9,survey_options,task,A_WALK,320,0.00625,-0.12595544414558274
permutation,9,survey_options,task,A_WAIT,321,0.012461059190031152,-0.07026989574089465
permutation,9,survey_options,task,A_TRANSFER,321,0.012461059190031152,0.0015018863249026237
permutation,9,ownership,age_group,18-24,48,0.0375,-0.05781255649652802
permutation,9,ownership,age_group,25-34,79,0.029113924050632914,-0.039107338749249175
permutation,9,ownership,age_group,35-44,50,0.034,-0.06480418096795057
permutation,9,ownership,age_group,45-64,129,0.013953488372093025,-0.03479807053824298
permutation,9,ownership,age_group,65+,15,0.02666666666666667,-0.03478545436532929
permutation,9,ownership,income_group,high,209,0.020095693779904306,-0.04259347129238477
permutation,9,ownership,income_group,low,53,0.032075471698113214,-0.04699592604611004
permutation,9,ownership,income_group,medium,59,0.03559322033898305,-0.04614584501326428
permutation,9,ownership,habitual_mode,bike,36,0.05,-0.07621775904081668
permutation,9,ownership,habitual_mode,car,37,0.016216216216216217,0.004392046085922409
permutation,9,ownership,habitual_mode,mixed,72,0.04583333333333333,-0.04431749165693539
permutation,9,ownership,habitual_mode,pt,136,0.016176470588235296,-0.06098999469520262
permutation,9,ownership,habitual_mode,walk,40,0.002500000000000001,-0.0012148034549416542
permutation,9,ownership,car_ownership,False,171,0.031578947368421054,-0.05401925604924554
permutation,9,ownership,car_ownership,True,150,0.017333333333333333,-0.0325208776794257
permutation,9,ownership,task,B0,321,0.012461059190031152,-0.022807175134246918
permutation,9,ownership,task,W1,321,-0.003115264797507788,-0.02693015565409496
permutation,9,ownership,task,D1,321,0.06230529595015576,-0.12503187250199632
permutation,9,ownership,task,WD1,320,0.1125,-0.13147623787280177
permutation,9,ownership,task,F1,321,-0.006230529595015576,-0.01027725271673129
permutation,9,ownership,task,P1,321,0.01557632398753894,-0.029460057087516783
permutation,9,ownership,task,R1,321,0.0,-0.019749254761393366
permutation,9,ownership,task,A_WALK,320,0.059375,-0.07605066567684796
permutation,9,ownership,task,A_WAIT,321,-0.003115264797507788,-0.002395273654994864
permutation,9,ownership,task,A_TRANSFER,321,0.0,0.003111545787373858
permutation,10,survey_options,age_group,18-24,48,0.0020833333333333333,-0.045749059943829586
permutation,10,survey_options,age_group,25-34,79,0.012658227848101266,-0.058314577274718546
permutation,10,survey_options,age_group,35-44,50,0.01,-0.048767841395723634
permutation,10,survey_options,age_group,45-64,129,0.010852713178294573,-0.08223668857080224
permutation,10,survey_options,age_group,65+,15,0.006666666666666667,-0.02998719612398953
permutation,10,survey_options,income_group,high,209,0.010047846889952153,-0.06884364356060979
permutation,10,survey_options,income_group,low,53,0.011320754716981131,-0.04859032760155172
permutation,10,survey_options,income_group,medium,59,0.006779661016949153,-0.05654119410570194
permutation,10,survey_options,habitual_mode,bike,36,-0.002777777777777778,-0.037693771289300966
permutation,10,survey_options,habitual_mode,car,37,0.043243243243243246,-0.03834126974633356
permutation,10,survey_options,habitual_mode,mixed,72,0.001388888888888889,-0.0516042930623189
permutation,10,survey_options,habitual_mode,pt,136,0.008088235294117648,-0.08461028926769956
permutation,10,survey_options,habitual_mode,walk,40,0.01,-0.05753570328407055
permutation,10,survey_options,car_ownership,False,171,0.005847953216374269,-0.07604685126939957
permutation,10,survey_options,car_ownership,True,150,0.013999999999999997,-0.04863685168145851
permutation,10,survey_options,task,B0,321,0.01557632398753894,-0.06425016695748988
permutation,10,survey_options,task,W1,321,-0.006230529595015576,-0.07434403131239388
permutation,10,survey_options,task,D1,321,0.003115264797507788,-0.02265875234399769
permutation,10,survey_options,task,WD1,320,-0.003125,-0.0365431103955541
permutation,10,survey_options,task,F1,321,0.003115264797507788,-0.043394161814587114
permutation,10,survey_options,task,P1,321,0.021806853582554516,-0.09648478830717203
permutation,10,survey_options,task,R1,321,0.021806853582554516,-0.08448610184761184
permutation,10,survey_options,task,A_WALK,320,0.0125,-0.1337945191970991
permutation,10,survey_options,task,A_WAIT,321,0.009345794392523364,-0.07450767794722012
permutation,10,survey_options,task,A_TRANSFER,321,0.018691588785046728,-0.0026911302527371814
permutation,10,ownership,age_group,18-24,48,0.014583333333333335,-0.041924955685996725
permutation,10,ownership,age_group,25-34,79,0.035443037974683546,-0.052413491293144744
permutation,10,ownership,age_group,35-44,50,0.032,-0.06498048533334046
permutation,10,ownership,age_group,45-64,129,0.016279069767441864,-0.036468644737111255
permutation,10,ownership,age_group,65+,15,0.02666666666666667,-0.05262816763427842
permutation,10,ownership,income_group,high,209,0.020095693779904306,-0.046033572787210056
permutation,10,ownership,income_group,low,53,0.032075471698113214,-0.04110048977705308
permutation,10,ownership,income_group,medium,59,0.028813559322033905,-0.0524851350278663
permutation,10,ownership,habitual_mode,bike,36,0.05,-0.07090327539244277
permutation,10,ownership,habitual_mode,car,37,0.016216216216216217,0.002183679734557786
permutation,10,ownership,habitual_mode,mixed,72,0.036111111111111115,-0.047309707197674994
permutation,10,ownership,habitual_mode,pt,136,0.020588235294117647,-0.06524356143336706
permutation,10,ownership,habitual_mode,walk,40,-0.005,-0.0036205150058751696
permutation,10,ownership,car_ownership,False,171,0.02923976608187135,-0.05691650235182561
permutation,10,ownership,car_ownership,True,150,0.017333333333333333,-0.03442162490128432
permutation,10,ownership,task,B0,321,0.006230529595015576,-0.025701374876569382
permutation,10,ownership,task,W1,321,-0.003115264797507788,-0.02605350851706528
permutation,10,ownership,task,D1,321,0.09034267912772585,-0.13051688074575302
permutation,10,ownership,task,WD1,320,0.103125,-0.12554361660728958
permutation,10,ownership,task,F1,321,0.0,-0.011538909085785358
permutation,10,ownership,task,P1,321,0.003115264797507788,-0.031053289236325842
permutation,10,ownership,task,R1,321,-0.003115264797507788,-0.022575012939714565
permutation,10,ownership,task,A_WALK,320,0.065625,-0.08905837842480627
permutation,10,ownership,task,A_WAIT,321,-0.009345794392523364,-0.007443359708831025
permutation,10,ownership,task,A_TRANSFER,321,-0.01557632398753894,0.005017640348002459
permutation,11,survey_options,age_group,18-24,48,0.0020833333333333333,-0.05156274609318929
permutation,11,survey_options,age_group,25-34,79,0.0037974683544303805,-0.049560168194784045
permutation,11,survey_options,age_group,35-44,50,0.013999999999999999,-0.048912372525946476
permutation,11,survey_options,age_group,45-64,129,0.01007751937984496,-0.0881022761826218
permutation,11,survey_options,age_group,65+,15,0.006666666666666667,-0.04331335384735271
permutation,11,survey_options,income_group,high,209,0.006698564593301435,-0.06530841080745853
permutation,11,survey_options,income_group,low,53,0.011320754716981133,-0.06361314601977285
permutation,11,survey_options,income_group,medium,59,0.00847457627118644,-0.0649122553155942
permutation,11,survey_options,habitual_mode,bike,36,0.0,-0.0498470201028586
permutation,11,survey_options,habitual_mode,car,37,0.032432432432432434,-0.03812662862385792
permutation,11,survey_options,habitual_mode,mixed,72,0.0,-0.04910711274800064
permutation,11,survey_options,habitual_mode,pt,136,0.007352941176470588,-0.08602114270007837
permutation,11,survey_options,habitual_mode,walk,40,0.0075000000000000015,-0.060275303839362436
permutation,11,survey_options,car_ownership,False,171,0.005847953216374269,-0.07795962659458386
permutation,11,survey_options,car_ownership,True,150,0.01,-0.050131210091686765
permutation,11,survey_options,task,B0,321,0.006230529595015576,-0.06390786297798999
permutation,11,survey_options,task,W1,321,-0.003115264797507788,-0.07734554566407795
permutation,11,survey_options,task,D1,321,0.009345794392523364,-0.026596812591594944
permutation,11,survey_options,task,WD1,320,0.0,-0.03977621997160537
permutation,11,survey_options,task,F1,321,0.0,-0.04636866367331262
permutation,11,survey_options,task,P1,321,0.024922118380062305,-0.09617918174702089
permutation,11,survey_options,task,R1,321,0.01557632398753894,-0.07930913413777589
permutation,11,survey_options,task,A_WALK,320,0.003125,-0.1392326532118398
permutation,11,survey_options,task,A_WAIT,321,0.009345794392523364,-0.07619168882055916
permutation,11,survey_options,task,A_TRANSFER,321,0.012461059190031152,-0.0053411111733971395
permutation,11,ownership,age_group,18-24,48,0.03541666666666667,-0.06016270054839018
permutation,11,ownership,age_group,25-34,79,0.0379746835443038,-0.0483844932009794
permutation,11,ownership,age_group,35-44,50,0.027999999999999997,-0.06659379033046349
permutation,11,ownership,age_group,45-64,129,0.01627906976744186,-0.03342535442431124
permutation,11,ownership,age_group,65+,15,0.03333333333333333,-0.036868524289870454
permutation,11,ownership,income_group,high,209,0.022488038277511963,-0.04431717106734856
permutation,11,ownership,income_group,low,53,0.035849056603773584,-0.04715854529889689
permutation,11,ownership,income_group,medium,59,0.03559322033898305,-0.053272559947289806
permutation,11,ownership,habitual_mode,bike,36,0.061111111111111116,-0.08740068561323268
permutation,11,ownership,habitual_mode,car,37,0.016216216216216217,-0.0014160202257817785
permutation,11,ownership,habitual_mode,mixed,72,0.04722222222222223,-0.044570467637230014
permutation,11,ownership,habitual_mode,pt,136,0.02132352941176471,-0.06186460781671883
permutation,11,ownership,habitual_mode,walk,40,-0.01,-0.0020823731855714386
permutation,11,ownership,car_ownership,False,171,0.03333333333333333,-0.0575775790020796
permutation,11,ownership,car_ownership,True,150,0.02,-0.03372671120967914
permutation,11,ownership,task,B0,321,0.012461059190031152,-0.024898535637291774
permutation,11,ownership,task,W1,321,-0.003115264797507788,-0.026198647775208316
permutation,11,ownership,task,D1,321,0.07476635514018691,-0.13002200595826188
permutation,11,ownership,task,WD1,320,0.11875,-0.12943159093649867
permutation,11,ownership,task,F1,321,-0.003115264797507788,-0.015258318277460957
permutation,11,ownership,task,P1,321,0.01557632398753894,-0.03204118165928068
permutation,11,ownership,task,R1,321,0.0,-0.02129290442857146
permutation,11,ownership,task,A_WALK,320,0.065625,-0.08405478817598581
permutation,11,ownership,task,A_WAIT,321,-0.003115264797507788,-0.00044358496248970096
permutation,11,ownership,task,A_TRANSFER,321,-0.006230529595015576,-0.0014217260347802825
permutation,12,survey_options,age_group,18-24,48,-0.004166666666666666,-0.044871705804058755
permutation,12,survey_options,age_group,25-34,79,0.002531645569620253,-0.04645140202816049
permutation,12,survey_options,age_group,35-44,50,0.004,-0.04842735263744175
permutation,12,survey_options,age_group,45-64,129,0.008527131782945736,-0.08169977340952732
permutation,12,survey_options,age_group,65+,15,0.0,-0.05288273248813797
permutation,12,survey_options,income_group,high,209,0.005263157894736843,-0.06508550393102931
permutation,12,survey_options,income_group,low,53,0.0056603773584905665,-0.05933221851430892
permutation,12,survey_options,income_group,medium,59,-0.0016949152542372887,-0.04796447669490141
permutation,12,survey_options,habitual_mode,bike,36,0.002777777777777778,-0.03970033651961028
permutation,12,survey_options,habitual_mode,car,37,-0.002702702702702703,-0.018075491136085368
permutation,12,survey_options,habitual_mode,mixed,72,-0.006944444444444444,-0.04540655766555887
permutation,12,survey_options,habitual_mode,pt,136,0.008823529411764707,-0.08362249545410134
permutation,12,survey_options,habitual_mode,walk,40,0.015000000000000003,-0.07093613018558827
permutation,12,survey_options,car_ownership,False,171,0.0005847953216374268,-0.07420723793373112
permutation,12,survey_options,car_ownership,True,150,0.008000000000000002,-0.045919628941164393
permutation,12,survey_options,task,B0,321,-0.003115264797507788,-0.05878745922735907
permutation,12,survey_options,task,W1,321,0.006230529595015576,-0.07491834371517574
permutation,12,survey_options,task,D1,321,0.003115264797507788,-0.01928975022117726
permutation,12,survey_options,task,WD1,320,0.0,-0.03865478307596794
permutation,12,survey_options,task,F1,321,-0.003115264797507788,-0.042326417572982826
permutation,12,survey_options,task,P1,321,0.021806853582554516,-0.0945450006684109
permutation,12,survey_options,task,R1,321,0.021806853582554516,-0.08098246595362454
permutation,12,survey_options,task,A_WALK,320,-0.003125,-0.12991342187174376
permutation,12,survey_options,task,A_WAIT,321,-0.003115264797507788,-0.07202905314003183
permutation,12,survey_options,task,A_TRANSFER,321,0.0,0.0009076788619323317
permutation,12,ownership,age_group,18-24,48,0.027083333333333338,-0.05308562459398674
permutation,12,ownership,age_group,25-34,79,0.030379746835443044,-0.03819666604561218
permutation,12,ownership,age_group,35-44,50,0.032,-0.07040499753857488
permutation,12,ownership,age_group,45-64,129,0.01627906976744186,-0.03391508813900018
permutation,12,ownership,age_group,65+,15,0.07333333333333332,-0.08022967254119769
permutation,12,ownership,income_group,high,209,0.0215311004784689,-0.039868840232518646
permutation,12,ownership,income_group,low,53,0.033962264150943396,-0.054267892488615056
permutation,12,ownership,income_group,medium,59,0.03728813559322034,-0.05856952580677058
permutation,12,ownership,habitual_mode,bike,36,0.061111111111111116,-0.07614159758834743
permutation,12,ownership,habitual_mode,car,37,0.013513513513513516,-0.001330199889998648
permutation,12,ownership,habitual_mode,mixed,72,0.044444444444444446,-0.04814657717212553
permutation,12,ownership,habitual_mode,pt,136,0.02058823529411765,-0.06101893215543103
permutation,12,ownership,habitual_mode,walk,40,-0.004999999999999999,-0.002723617361258544
permutation,12,ownership,car_ownership,False,171,0.03450292397660819,-0.05598560370886379
permutation,12,ownership,car_ownership,True,150,0.017333333333333333,-0.03393899799251167
permutation,12,ownership,task,B0,321,0.006230529595015576,-0.023647777773926317
permutation,12,ownership,task,W1,321,0.0,-0.027591250254507385
permutation,12,ownership,task,D1,321,0.08099688473520249,-0.1248730592216124
permutation,12,ownership,task,WD1,320,0.11875,-0.13710869707903398
permutation,12,ownership,task,F1,321,0.0,-0.012756714715159108
permutation,12,ownership,task,P1,321,0.003115264797507788,-0.027439506092954636
permutation,12,ownership,task,R1,321,0.0,-0.024933709914822244
permutation,12,ownership,task,A_WALK,320,0.065625,-0.07857925952423847
permutation,12,ownership,task,A_WAIT,321,-0.006230529595015576,-0.006235241939126924
permutation,12,ownership,task,A_TRANSFER,321,-0.003115264797507788,0.005482222427552843
permutation,13,survey_options,age_group,18-24,48,0.0020833333333333333,-0.05103773832311446
permutation,13,survey_options,age_group,25-34,79,0.011392405063291138,-0.0515309970269989
permutation,13,survey_options,age_group,35-44,50,-0.006000000000000001,-0.050516713174690926
permutation,13,survey_options,age_group,45-64,129,0.010852713178294573,-0.07984729357775663
permutation,13,survey_options,age_group,65+,15,0.0,-0.03729040949418507
permutation,13,survey_options,income_group,high,209,0.006698564593301435,-0.06538582771766999
permutation,13,survey_options,income_group,low,53,0.007547169811320755,-0.053238837321778205
permutation,13,survey_options,income_group,medium,59,0.005084745762711865,-0.05794841536056035
permutation,13,survey_options,habitual_mode,bike,36,0.0,-0.035477051504681716
permutation,13,survey_options,habitual_mode,car,37,0.008108108108108109,-0.017160883362540055
permutation,13,survey_options,habitual_mode,mixed,72,0.005555555555555556,-0.05294148595602529
permutation,13,survey_options,habitual_mode,pt,136,0.00735294117647059,-0.08694106184000912
permutation,13,survey_options,habitual_mode,walk,40,0.01,-0.05895887349156874
permutation,13,survey_options,car_ownership,False,171,0.0029239766081871343,-0.07559115080138876
permutation,13,survey_options,car_ownership,True,150,0.010666666666666665,-0.04653444060188571
permutation,13,survey_options,task,B0,321,0.006230529595015576,-0.06215694049652798
permutation,13,survey_options,task,W1,321,-0.003115264797507788,-0.07334389758575398
permutation,13,survey_options,task,D1,321,0.003115264797507788,-0.022550676935140044
permutation,13,survey_options,task,WD1,320,0.0,-0.035566569667957224
permutation,13,survey_options,task,F1,321,0.0,-0.04234756099210141
permutation,13,survey_options,task,P1,321,0.009345794392523364,-0.09448330221286953
permutation,13,survey_options,task,R1,321,0.024922118380062305,-0.07867569726130129
permutation,13,survey_options,task,A_WALK,320,0.009375,-0.1344055268435585
permutation,13,survey_options,task,A_WAIT,321,0.009345794392523364,-0.07134780945347236
permutation,13,survey_options,task,A_TRANSFER,321,0.006230529595015576,-0.0059164027338402606
permutation,13,ownership,age_group,18-24,48,0.0375,-0.06342503583649851
permutation,13,ownership,age_group,25-34,79,0.035443037974683546,-0.040681003386592515
permutation,13,ownership,age_group,35-44,50,0.03,-0.07195691214897959
permutation,13,ownership,age_group,45-64,129,0.012403100775193798,-0.030409779562901043
permutation,13,ownership,age_group,65+,15,0.05333333333333334,-0.042262718608503086
permutation,13,ownership,income_group,high,209,0.02200956937799043,-0.04062613341951174
permutation,13,ownership,income_group,low,53,0.032075471698113214,-0.056175669616331886
permutation,13,ownership,income_group,medium,59,0.03728813559322034,-0.04990977226338908
permutation,13,ownership,habitual_mode,bike,36,0.05277777777777778,-0.07257871245783908
permutation,13,ownership,habitual_mode,car,37,0.010810810810810813,0.006355300297811496
permutation,13,ownership,habitual_mode,mixed,72,0.04583333333333333,-0.04084492797510216
permutation,13,ownership,habitual_mode,pt,136,0.02205882352941177,-0.06276525361947582
permutation,13,ownership,habitual_mode,walk,40,-0.0025,-0.013956302349106237
permutation,13,ownership,car_ownership,False,171,0.033918128654970764,-0.05652138020033685
permutation,13,ownership,car_ownership,True,150,0.018000000000000002,-0.03165128615750599
permutation,13,ownership,task,B0,321,0.003115264797507788,-0.02067296549024501
permutation,13,ownership,task,W1,321,0.0,-0.026695315132606506
permutation,13,ownership,task,D1,321,0.0778816199376947,-0.130370085699617
permutation,13,ownership,task,WD1,320,0.115625,-0.13056355010364482
permutation,13,ownership,task,F1,321,0.0,-0.008046731119254935
permutation,13,ownership,task,P1,321,0.009345794392523364,-0.029046710130405506
permutation,13,ownership,task,R1,321,0.0,-0.02141413193855927
permutation,13,ownership,task,A_WALK,320,0.075,-0.08031125610834339
permutation,13,ownership,task,A_WAIT,321,-0.009345794392523364,0.0016453842383265446
permutation,13,ownership,task,A_TRANSFER,321,-0.006230529595015576,-0.004335167629290058
permutation,14,survey_options,age_group,18-24,48,0.004166666666666667,-0.04221876609726415
permutation,14,survey_options,age_group,25-34,79,0.012658227848101266,-0.048044132740603845
permutation,14,survey_options,age_group,35-44,50,-0.008,-0.04604694307182438
permutation,14,survey_options,age_group,45-64,129,0.015503875968992248,-0.0864179462802943
permutation,14,survey_options,age_group,65+,15,0.013333333333333334,-0.03758024028861413
permutation,14,survey_options,income_group,high,209,0.011004784688995215,-0.06734334925797933
permutation,14,survey_options,income_group,low,53,0.0056603773584905665,-0.04864877697876781
permutation,14,survey_options,income_group,medium,59,0.006779661016949153,-0.053945896821396694
permutation,14,survey_options,habitual_mode,bike,36,-0.005555555555555556,-0.04301663106543768
permutation,14,survey_options,habitual_mode,car,37,-7.50150692314295e-19,-0.01772304452185529
permutation,14,survey_options,habitual_mode,mixed,72,0.006944444444444444,-0.0549005856910517
permutation,14,survey_options,habitual_mode,pt,136,0.016911764705882355,-0.08389229559922821
permutation,14,survey_options,habitual_mode,walk,40,0.01,-0.05673518375849039
permutation,14,survey_options,car_ownership,False,171,0.007602339181286551,-0.07472847949552339
permutation,14,survey_options,car_ownership,True,150,0.011333333333333332,-0.047049220623468536
permutation,14,survey_options,task,B0,321,0.003115264797507788,-0.06247748489275122
permutation,14,survey_options,task,W1,321,0.003115264797507788,-0.07244582904979405
permutation,14,survey_options,task,D1,321,0.006230529595015576,-0.022189811315636503
permutation,14,survey_options,task,WD1,320,-0.00625,-0.03611691705788092
permutation,14,survey_options,task,F1,321,0.0,-0.04374881563021828
permutation,14,survey_options,task,P1,321,0.028037383177570093,-0.09452566323738892
permutation,14,survey_options,task,R1,321,0.03426791277258567,-0.08227767473947101
permutation,14,survey_options,task,A_WALK,320,0.009375,-0.1327036740529714
permutation,14,survey_options,task,A_WAIT,321,0.006230529595015576,-0.07122660808375446
permutation,14,survey_options,task,A_TRANSFER,321,0.009345794392523364,-0.0009120854212587163
permutation,14,ownership,age_group,18-24,48,0.02916666666666667,-0.05439511050999326
permutation,14,ownership,age_group,25-34,79,0.030379746835443037,-0.03707776563098887
permutation,14,ownership,age_group,35-44,50,0.036000000000000004,-0.07123010130896158
permutation,14,ownership,age_group,45-64,129,0.01782945736434109,-0.041117974058983334
permutation,14,ownership,age_group,65+,15,0.04000000000000001,-0.04601933504887978
permutation,14,ownership,income_group,high,209,0.022009569377990434,-0.04670610079412239
permutation,14,ownership,income_group,low,53,0.026415094339622643,-0.03128960414984622
permutation,14,ownership,income_group,medium,59,0.0423728813559322,-0.06230844827465241
permutation,14,ownership,habitual_mode,bike,36,0.0638888888888889,-0.08653166286296388
permutation,14,ownership,habitual_mode,car,37,0.01891891891891892,0.0035248017596452566
permutation,14,ownership,habitual_mode,mixed,72,0.044444444444444446,-0.050384429603919964
permutation,14,ownership,habitual_mode,pt,136,0.017647058823529415,-0.06307926156239041
permutation,14,ownership,habitual_mode,walk,40,-0.0025,0.0023764541952309482
permutation,14,ownership,car_ownership,False,171,0.03508771929824561,-0.059420167057421334
permutation,14,ownership,car_ownership,True,150,0.016666666666666666,-0.032901826448659154
permutation,14,ownership,task,B0,321,0.006230529595015576,-0.0267664332910569
permutation,14,ownership,task,W1,321,-0.003115264797507788,-0.025984564440791887
permutation,14,ownership,task,D1,321,0.09345794392523364,-0.1325236856913924
permutation,14,ownership,task,WD1,320,0.103125,-0.12832121206991814
permutation,14,ownership,task,F1,321,-0.003115264797507788,-0.011309953184808078
permutation,14,ownership,task,P1,321,0.009345794392523364,-0.029374507481427573
permutation,14,ownership,task,R1,321,0.003115264797507788,-0.02179150275255214
permutation,14,ownership,task,A_WALK,320,0.0625,-0.08591262878683277
permutation,14,ownership,task,A_WAIT,321,-0.006230529595015576,-0.005456146878436002
permutation,14,ownership,task,A_TRANSFER,321,0.0,-0.0036350478165367967
permutation,15,survey_options,age_group,18-24,48,0.0020833333333333333,-0.04121934137233094
permutation,15,survey_options,age_group,25-34,79,0.0037974683544303805,-0.04576455433458535
permutation,15,survey_options,age_group,35-44,50,0.0,-0.052292257334436494
permutation,15,survey_options,age_group,45-64,129,0.011627906976744186,-0.07860774104350653
permutation,15,survey_options,age_group,65+,15,0.013333333333333334,-0.04404116907270292
permutation,15,survey_options,income_group,high,209,0.003349282296650718,-0.062320249977682936
permutation,15,survey_options,income_group,low,53,0.013207547169811321,-0.06347906187251816
permutation,15,survey_options,income_group,medium,59,0.011864406779661017,-0.04441075679914647
permutation,15,survey_options,habitual_mode,bike,36,-0.002777777777777778,-0.03558123917199219
permutation,15,survey_options,habitual_mode,car,37,0.016216216216216217,-0.019580012615190063
permutation,15,survey_options,habitual_mode,mixed,72,0.001388888888888889,-0.047625022825055624
permutation,15,survey_options,habitual_mode,pt,136,0.010294117647058823,-0.08503280385182743
permutation,15,survey_options,habitual_mode,walk,40,0.0025,-0.05026772828806381
permutation,15,survey_options,car_ownership,False,171,0.003508771929824562,-0.07112830019344901
permutation,15,survey_options,car_ownership,True,150,0.01,-0.04564411895099372
permutation,15,survey_options,task,B0,321,0.003115264797507788,-0.05899413688010628
permutation,15,survey_options,task,W1,321,0.009345794392523364,-0.07443777902323695
permutation,15,survey_options,task,D1,321,0.006230529595015576,-0.01829159883730737
permutation,15,survey_options,task,WD1,320,-0.003125,-0.03519332237560546
permutation,15,survey_options,task,F1,321,-0.003115264797507788,-0.039741969564703515
permutation,15,survey_options,task,P1,321,0.01557632398753894,-0.09481911436374262
permutation,15,survey_options,task,R1,321,0.024922118380062305,-0.07780157631861878
permutation,15,survey_options,task,A_WALK,320,0.0,-0.12412279301852931
permutation,15,survey_options,task,A_WAIT,321,0.003115264797507788,-0.06794297427777463
permutation,15,survey_options,task,A_TRANSFER,321,0.009345794392523364,-0.001499197011303227
permutation,15,ownership,age_group,18-24,48,0.037500000000000006,-0.05043072784787243
permutation,15,ownership,age_group,25-34,79,0.029113924050632914,-0.03620305252034256
permutation,15,ownership,age_group,35-44,50,0.034,-0.06260680355106603
permutation,15,ownership,age_group,45-64,129,0.013953488372093023,-0.03296715861676368
permutation,15,ownership,age_group,65+,15,0.03333333333333333,-0.0557654090309772
permutation,15,ownership,income_group,high,209,0.020574162679425842,-0.04072359414563507
permutation,15,ownership,income_group,low,53,0.035849056603773584,-0.03943541627576959
permutation,15,ownership,income_group,medium,59,0.03220338983050847,-0.049135468158167724
permutation,15,ownership,habitual_mode,bike,36,0.04444444444444445,-0.0645963607729087
permutation,15,ownership,habitual_mode,car,37,0.013513513513513514,0.005112548695172639
permutation,15,ownership,habitual_mode,mixed,72,0.043055555555555555,-0.049088387870702466
permutation,15,ownership,habitual_mode,pt,136,0.022058823529411766,-0.06018151703840076
permutation,15,ownership,habitual_mode,walk,40,-0.0024999999999999996,0.008876351740774873
permutation,15,ownership,car_ownership,False,171,0.0327485380116959,-0.05382681183021251
permutation,15,ownership,car_ownership,True,150,0.016666666666666666,-0.02863944024946049
permutation,15,ownership,task,B0,321,0.009345794392523364,-0.021168598464192282
permutation,15,ownership,task,W1,321,-0.003115264797507788,-0.02478866465768443
permutation,15,ownership,task,D1,321,0.0778816199376947,-0.1268830249242801
permutation,15,ownership,task,WD1,320,0.109375,-0.12983507990758641
permutation,15,ownership,task,F1,321,0.0,-0.002368899100358575
permutation,15,ownership,task,P1,321,0.012461059190031152,-0.03114609430917595
permutation,15,ownership,task,R1,321,-0.003115264797507788,-0.01883125347216925
permutation,15,ownership,task,A_WALK,320,0.0625,-0.07083612832458232
permutation,15,ownership,task,A_WAIT,321,-0.006230529595015576,0.0015988521669846713
permutation,15,ownership,task,A_TRANSFER,321,-0.006230529595015576,0.002919769244524267
permutation,16,survey_options,age_group,18-24,48,0.0,-0.04062367891446338
permutation,16,survey_options,age_group,25-34,79,0.0037974683544303805,-0.05301666455543807
permutation,16,survey_options,age_group,35-44,50,0.01,-0.052359508291705686
permutation,16,survey_options,age_group,45-64,129,0.018604651162790697,-0.08526832203832126
permutation,16,survey_options,age_group,65+,15,0.02,-0.05434366417969055
permutation,16,survey_options,income_group,high,209,0.01339712918660287,-0.0703444463451886
permutation,16,survey_options,income_group,low,53,0.007547169811320755,-0.05194702863970283
permutation,16,survey_options,income_group,medium,59,0.005084745762711865,-0.0528104271855808
permutation,16,survey_options,habitual_mode,bike,36,0.0,-0.02490796583374004
permutation,16,survey_options,habitual_mode,car,37,0.024324324324324322,-0.02855125946231571
permutation,16,survey_options,habitual_mode,mixed,72,0.001388888888888889,-0.054146562597822225
permutation,16,survey_options,habitual_mode,pt,136,0.016911764705882352,-0.08993492843656437
permutation,16,survey_options,habitual_mode,walk,40,0.005,-0.062205271586541454
permutation,16,survey_options,car_ownership,False,171,0.007017543859649124,-0.0713258353615753
permutation,16,survey_options,car_ownership,True,150,0.015333333333333332,-0.05582852774112373
permutation,16,survey_options,task,B0,321,0.006230529595015576,-0.06191157599007986
permutation,16,survey_options,task,W1,321,0.009345794392523364,-0.07743651018907081
permutation,16,survey_options,task,D1,321,0.003115264797507788,-0.022249010652265297
permutation,16,survey_options,task,WD1,320,0.0,-0.03762445866787965
permutation,16,survey_options,task,F1,321,0.006230529595015576,-0.0456404672332419
permutation,16,survey_options,task,P1,321,0.028037383177570093,-0.09825667970818315
permutation,16,survey_options,task,R1,321,0.021806853582554516,-0.08432861901820339
permutation,16,survey_options,task,A_WALK,320,0.0125,-0.13516782735260793
permutation,16,survey_options,task,A_WAIT,321,0.009345794392523364,-0.07501303293905207
permutation,16,survey_options,task,A_TRANSFER,321,0.012461059190031152,-0.003865850098633915
permutation,16,ownership,age_group,18-24,48,0.04583333333333334,-0.058966287846461164
permutation,16,ownership,age_group,25-34,79,0.026582278481012658,-0.03909129509598783
permutation,16,ownership,age_group,35-44,50,0.038000000000000006,-0.06315866705417778
permutation,16,ownership,age_group,45-64,129,0.013953488372093025,-0.03363807842218271
permutation,16,ownership,age_group,65+,15,0.04000000000000001,-0.051888101502299985
permutation,16,ownership,income_group,high,209,0.023444976076555026,-0.043772332132470115
permutation,16,ownership,income_group,low,53,0.0358490566037736,-0.04538280206693534
permutation,16,ownership,income_group,medium,59,0.030508474576271188,-0.04475347789295435
permutation,16,ownership,habitual_mode,bike,36,0.05277777777777778,-0.07162982495688536
permutation,16,ownership,habitual_mode,car,37,0.010810810810810813,-0.0002948055936901324
permutation,16,ownership,habitual_mode,mixed,72,0.04861111111111111,-0.04552625196494308
permutation,16,ownership,habitual_mode,pt,136,0.01985294117647059,-0.060816225977377
permutation,16,ownership,habitual_mode,walk,40,0.002500000000000001,-0.001392068527613806
permutation,16,ownership,car_ownership,False,171,0.033918128654970764,-0.05270052034389304
permutation,16,ownership,car_ownership,True,150,0.018666666666666665,-0.03454914761408283
permutation,16,ownership,task,B0,321,0.009345794392523364,-0.02033038947344701
permutation,16,ownership,task,W1,321,-0.003115264797507788,-0.027757494037458013
permutation,16,ownership,task,D1,321,0.07476635514018691,-0.12032324539796697
permutation,16,ownership,task,WD1,320,0.121875,-0.12718820988302942
permutation,16,ownership,task,F1,321,-0.003115264797507788,-0.008213213528473689
permutation,16,ownership,task,P1,321,0.012461059190031152,-0.02937456072128336
permutation,16,ownership,task,R1,321,0.0,-0.024354701425443017
permutation,16,ownership,task,A_WALK,320,0.065625,-0.08323184792155183
permutation,16,ownership,task,A_WAIT,321,-0.006230529595015576,-0.00269524638763228
permutation,16,ownership,task,A_TRANSFER,321,-0.003115264797507788,0.00043440612379297595
permutation,17,survey_options,age_group,18-24,48,0.004166666666666667,-0.04650675706393792
permutation,17,survey_options,age_group,25-34,79,0.012658227848101266,-0.04828001152670883
permutation,17,survey_options,age_group,35-44,50,0.0,-0.03824689057271173
permutation,17,survey_options,age_group,45-64,129,0.01705426356589147,-0.08412023092840966
permutation,17,survey_options,age_group,65+,15,0.006666666666666667,-0.043710127917952896
permutation,17,survey_options,income_group,high,209,0.00861244019138756,-0.06334020901289932
permutation,17,survey_options,income_group,low,53,0.020754716981132078,-0.057732565368598304
permutation,17,survey_options,income_group,medium,59,0.010169491525423728,-0.05369528540028946
permutation,17,survey_options,habitual_mode,bike,36,-0.005555555555555556,-0.03293822244165517
permutation,17,survey_options,habitual_mode,car,37,0.02702702702702703,-0.02333180255300435
permutation,17,survey_options,habitual_mode,mixed,72,0.006944444444444444,-0.05445377412112069
permutation,17,survey_options,habitual_mode,pt,136,0.013235294117647057,-0.08035544941432464
permutation,17,survey_options,habitual_mode,walk,40,0.01,-0.06419714818547892
permutation,17,survey_options,car_ownership,False,171,0.007017543859649124,-0.0752547075435109
permutation,17,survey_options,car_ownership,True,150,0.015333333333333332,-0.04398264331272255
permutation,17,survey_options,task,B0,321,0.01557632398753894,-0.05867464535753746
permutation,17,survey_options,task,W1,321,0.009345794392523364,-0.07610812294069919
permutation,17,survey_options,task,D1,321,0.006230529595015576,-0.021173542805265122
permutation,17,survey_options,task,WD1,320,-0.00625,-0.03732381547069765
permutation,17,survey_options,task,F1,321,0.006230529595015576,-0.039962198996829984
permutation,17,survey_options,task,P1,321,0.018691588785046728,-0.09231365755246207
permutation,17,survey_options,task,R1,321,0.03115264797507788,-0.08262839340468066
permutation,17,survey_options,task,A_WALK,320,0.00625,-0.128355362439499
permutation,17,survey_options,task,A_WAIT,321,0.006230529595015576,-0.06864879575168331
permutation,17,survey_options,task,A_TRANSFER,321,0.01557632398753894,-0.0018526270645321582
permutation,17,ownership,age_group,18-24,48,0.041666666666666664,-0.05867661192265281
permutation,17,ownership,age_group,25-34,79,0.03291139240506329,-0.043515872991242835
permutation,17,ownership,age_group,35-44,50,0.04,-0.06111357344636479
permutation,17,ownership,age_group,45-64,129,0.011627906976744186,-0.03694114575034688
permutation,17,ownership,age_group,65+,15,0.04666666666666666,-0.0646368408907914
permutation,17,ownership,income_group,high,209,0.02200956937799043,-0.04149394919441002
permutation,17,ownership,income_group,low,53,0.03018867924528302,-0.0483529008941541
permutation,17,ownership,income_group,medium,59,0.0440677966101695,-0.06457510672963582
permutation,17,ownership,habitual_mode,bike,36,0.055555555555555566,-0.08080822480876425
permutation,17,ownership,habitual_mode,car,37,0.010810810810810813,0.0032547020938588594
permutation,17,ownership,habitual_mode,mixed,72,0.04722222222222222,-0.054426615863897396
permutation,17,ownership,habitual_mode,pt,136,0.020588235294117647,-0.06146054014573763
permutation,17,ownership,habitual_mode,walk,40,0.005000000000000001,0.0005287872898322804
permutation,17,ownership,car_ownership,False,171,0.03742690058479532,-0.06020804453227388
permutation,17,ownership,car_ownership,True,150,0.016,-0.03166196540701027
permutation,17,ownership,task,B0,321,-0.003115264797507788,-0.023115003704773707
permutation,17,ownership,task,W1,321,0.0,-0.03184418911148191
permutation,17,ownership,task,D1,321,0.102803738317757,-0.1290004293818791
permutation,17,ownership,task,WD1,320,0.115625,-0.131884923092145
permutation,17,ownership,task,F1,321,-0.003115264797507788,-0.010425527384564724
permutation,17,ownership,task,P1,321,0.009345794392523364,-0.03152186912197332
permutation,17,ownership,task,R1,321,0.006230529595015576,-0.024435682070087197
permutation,17,ownership,task,A_WALK,320,0.053125,-0.08063395406714159
permutation,17,ownership,task,A_WAIT,321,-0.003115264797507788,-0.005459286688475409
permutation,17,ownership,task,A_TRANSFER,321,-0.003115264797507788,-0.0011562559415411557
permutation,18,survey_options,age_group,18-24,48,0.0020833333333333333,-0.04327586318224828
permutation,18,survey_options,age_group,25-34,79,0.013924050632911394,-0.05450703645005746
permutation,18,survey_options,age_group,35-44,50,-0.008,-0.03416038193923519
permutation,18,survey_options,age_group,45-64,129,0.01627906976744186,-0.08200522532322865
permutation,18,survey_options,age_group,65+,15,0.006666666666666667,-0.038546312787654254
permutation,18,survey_options,income_group,high,209,0.006698564593301435,-0.06325469646440181
permutation,18,survey_options,income_group,low,53,0.016981132075471698,-0.05149942773366257
permutation,18,survey_options,income_group,medium,59,0.011864406779661016,-0.05590650740392258
permutation,18,survey_options,habitual_mode,bike,36,0.0,-0.03230695874165733
permutation,18,survey_options,habitual_mode,car,37,0.013513513513513514,-0.025211694139719652
permutation,18,survey_options,habitual_mode,mixed,72,0.0,-0.044479333242483744
permutation,18,survey_options,habitual_mode,pt,136,0.016176470588235296,-0.08796802973219346
permutation,18,survey_options,habitual_mode,walk,40,0.0075000000000000015,-0.04965344832172739
permutation,18,survey_options,car_ownership,False,171,0.00935672514619883,-0.07471152077916891
permutation,18,survey_options,car_ownership,True,150,0.009333333333333332,-0.0431501007635843
permutation,18,survey_options,task,B0,321,0.009345794392523364,-0.05909668808186406
permutation,18,survey_options,task,W1,321,0.006230529595015576,-0.0722635150502625
permutation,18,survey_options,task,D1,321,0.006230529595015576,-0.020423650710089853
permutation,18,survey_options,task,WD1,320,0.0,-0.03670398778994354
permutation,18,survey_options,task,F1,321,0.0,-0.04106231957973465
permutation,18,survey_options,task,P1,321,0.021806853582554516,-0.09257309353770202
permutation,18,survey_options,task,R1,321,0.028037383177570093,-0.07806451399651017
permutation,18,survey_options,task,A_WALK,320,0.00625,-0.1325587363537499
permutation,18,survey_options,task,A_WAIT,321,0.006230529595015576,-0.07168230607026872
permutation,18,survey_options,task,A_TRANSFER,321,0.009345794392523364,0.00410192099945005
permutation,18,ownership,age_group,18-24,48,0.027083333333333338,-0.05382186950081947
permutation,18,ownership,age_group,25-34,79,0.04050632911392405,-0.05221858961088458
permutation,18,ownership,age_group,35-44,50,0.03,-0.06370607295816307
permutation,18,ownership,age_group,45-64,129,0.0124031007751938,-0.03174784412246474
permutation,18,ownership,age_group,65+,15,0.006666666666666669,0.0025510968234361683
permutation,18,ownership,income_group,high,209,0.024401913875598084,-0.04197798971530809
permutation,18,ownership,income_group,low,53,0.026415094339622643,-0.04307245199629012
permutation,18,ownership,income_group,medium,59,0.020338983050847456,-0.0490675863788307
permutation,18,ownership,habitual_mode,bike,36,0.052777777777777785,-0.07406018890791549
permutation,18,ownership,habitual_mode,car,37,0.008108108108108109,0.003579403659062105
permutation,18,ownership,habitual_mode,mixed,72,0.044444444444444446,-0.04444203186042099
permutation,18,ownership,habitual_mode,pt,136,0.016911764705882355,-0.06058647942631937
permutation,18,ownership,habitual_mode,walk,40,6.938893903907229e-19,0.0005522239643906433
permutation,18,ownership,car_ownership,False,171,0.03333333333333333,-0.05593290604799068
permutation,18,ownership,car_ownership,True,150,0.013333333333333334,-0.02924466978964917
permutation,18,ownership,task,B0,321,0.003115264797507788,-0.020120846012200662
permutation,18,ownership,task,W1,321,-0.003115264797507788,-0.027006491330024748
permutation,18,ownership,task,D1,321,0.08099688473520249,-0.12064830244584786
permutation,18,ownership,task,WD1,320,0.109375,-0.1294874507600006
permutation,18,ownership,task,F1,321,-0.006230529595015576,-0.009612324487470167
permutation,18,ownership,task,P1,321,0.006230529595015576,-0.02975022466793136
permutation,18,ownership,task,R1,321,0.003115264797507788,-0.019262083391071334
permutation,18,ownership,task,A_WALK,320,0.0625,-0.08073854466487437
permutation,18,ownership,task,A_WAIT,321,-0.009345794392523364,-0.005717710673827342
permutation,18,ownership,task,A_TRANSFER,321,-0.006230529595015576,0.0070129822356865806
permutation,19,survey_options,age_group,18-24,48,-0.002083333333333333,-0.051243089867736534
permutation,19,survey_options,age_group,25-34,79,0.005063291139240506,-0.0547613738039751
permutation,19,survey_options,age_group,35-44,50,-0.006000000000000001,-0.038146567323072096
permutation,19,survey_options,age_group,45-64,129,0.010077519379844961,-0.08137256588697334
permutation,19,survey_options,age_group,65+,15,0.006666666666666667,-0.026869216735510463
permutation,19,survey_options,income_group,high,209,0.005741626794258374,-0.06807988146810906
permutation,19,survey_options,income_group,low,53,0.0018867924528301887,-0.053755928165935274
permutation,19,survey_options,income_group,medium,59,0.0016949152542372877,-0.04263533968037023
permutation,19,survey_options,habitual_mode,bike,36,0.0,-0.04793938204249808
permutation,19,survey_options,habitual_mode,car,37,-0.010810810810810811,-0.012453469721757952
permutation,19,survey_options,habitual_mode,mixed,72,-0.0013888888888888885,-0.04784687104222829
permutation,19,survey_options,habitual_mode,pt,136,0.011029411764705883,-0.08262559919012687
permutation,19,survey_options,habitual_mode,walk,40,0.01,-0.06811480306596358
permutation,19,survey_options,car_ownership,False,171,0.0029239766081871343,-0.07733325598030091
permutation,19,survey_options,car_ownership,True,150,0.006,-0.042461717920931674
permutation,19,survey_options,task,B0,321,0.0,-0.0606290512661658
permutation,19,survey_options,task,W1,321,0.003115264797507788,-0.07380642573708139
permutation,19,survey_options,task,D1,321,-0.003115264797507788,-0.019813733438064206
permutation,19,survey_options,task,WD1,320,0.0,-0.034702875805336306
permutation,19,survey_options,task,F1,321,0.0,-0.041956558669996286
permutation,19,survey_options,task,P1,321,0.01557632398753894,-0.0954225410455217
permutation,19,survey_options,task,R1,321,0.028037383177570093,-0.07932342332352428
permutation,19,survey_options,task,A_WALK,320,0.0,-0.1277262696494116
permutation,19,survey_options,task,A_WAIT,321,0.0,-0.07145191887068897
permutation,19,survey_options,task,A_TRANSFER,321,0.0,-0.006156716956366056
permutation,19,ownership,age_group,18-24,48,0.03333333333333333,-0.05181363112757285
permutation,19,ownership,age_group,25-34,79,0.031645569620253174,-0.047893958084546454
permutation,19,ownership,age_group,35-44,50,0.032,-0.06120303444902365
permutation,19,ownership,age_group,45-64,129,0.014728682170542637,-0.034767757661492836
permutation,19,ownership,age_group,65+,15,0.04000000000000001,-0.06018036178204971
permutation,19,ownership,income_group,high,209,0.021531100478468904,-0.04343462637880789
permutation,19,ownership,income_group,low,53,0.030188679245283026,-0.04582090136717548
permutation,19,ownership,income_group,medium,59,0.03559322033898305,-0.05444457940145801
permutation,19,ownership,habitual_mode,bike,36,0.058333333333333334,-0.0938934316340697
permutation,19,ownership,habitual_mode,car,37,0.008108108108108109,0.0026615233960085353
permutation,19,ownership,habitual_mode,mixed,72,0.044444444444444446,-0.044958343464619084
permutation,19,ownership,habitual_mode,pt,136,0.01911764705882353,-0.05980306225725274
permutation,19,ownership,habitual_mode,walk,40,6.938893903907229e-19,-0.001666762517600752
permutation,19,ownership,car_ownership,False,171,0.033918128654970764,-0.05488789369768964
permutation,19,ownership,car_ownership,True,150,0.016000000000000004,-0.035551633653414925
permutation,19,ownership,task,B0,321,0.009345794392523364,-0.02290782730065504
permutation,19,ownership,task,W1,321,-0.003115264797507788,-0.027691909099702292
permutation,19,ownership,task,D1,321,0.06542056074766354,-0.12614443442052195
permutation,19,ownership,task,WD1,320,0.11875,-0.13506693448501012
permutation,19,ownership,task,F1,321,0.003115264797507788,-0.006771613158110678
permutation,19,ownership,task,P1,321,0.006230529595015576,-0.03100233533049436
permutation,19,ownership,task,R1,321,0.003115264797507788,-0.023012387951443364
permutation,19,ownership,task,A_WALK,320,0.065625,-0.08227319454651114
permutation,19,ownership,task,A_WAIT,321,-0.006230529595015576,-0.003920312346166977
permutation,19,ownership,task,A_TRANSFER,321,-0.006230529595015576,-0.0005722401201999016
reassignment,0,survey_options,age_group,18-24,48,0.0020833333333333333,-0.05320736181253052
reassignment,0,survey_options,age_group,25-34,79,0.011392405063291138,-0.0557752917238809
reassignment,0,survey_options,age_group,35-44,50,0.01,-0.056880589523160545
reassignment,0,survey_options,age_group,45-64,129,0.00930232558139535,-0.07952738886699441
reassignment,0,survey_options,age_group,65+,15,0.0,-0.0288547182717666
reassignment,0,survey_options,income_group,high,209,0.007655502392344497,-0.06594248731632253
reassignment,0,survey_options,income_group,low,53,0.015094339622641513,-0.06866529923160392
reassignment,0,survey_options,income_group,medium,59,0.005084745762711865,-0.05211600201488887
reassignment,0,survey_options,habitual_mode,bike,36,0.0,-0.03922308943508493
reassignment,0,survey_options,habitual_mode,car,37,0.02162162162162162,-0.029997790631516325
reassignment,0,survey_options,habitual_mode,mixed,72,0.0,-0.0574855552484229
reassignment,0,survey_options,habitual_mode,pt,136,0.010294117647058823,-0.08319800056493425
reassignment,0,survey_options,habitual_mode,walk,40,0.0125,-0.06300618248795478
reassignment,0,survey_options,car_ownership,False,171,0.005847953216374269,-0.07224141655237493
reassignment,0,survey_options,car_ownership,True,150,0.011333333333333334,-0.05428535064539167
reassignment,0,survey_options,task,B0,321,0.006230529595015576,-0.0654609059298162
reassignment,0,survey_options,task,W1,321,-0.003115264797507788,-0.0752337804609673
reassignment,0,survey_options,task,D1,321,0.003115264797507788,-0.021934701357090174
reassignment,0,survey_options,task,WD1,320,0.0,-0.034540640587364634
reassignment,0,survey_options,task,F1,321,-0.003115264797507788,-0.04544010243562337
reassignment,0,survey_options,task,P1,321,0.03115264797507788,-0.09876188209949958
reassignment,0,survey_options,task,R1,321,0.021806853582554516,-0.08233962746630469
reassignment,0,survey_options,task,A_WALK,320,0.00625,-0.1261992134287025
reassignment,0,survey_options,task,A_WAIT,321,0.009345794392523364,-0.07703552808003282
reassignment,0,survey_options,task,A_TRANSFER,321,0.012461059190031152,-0.012126851791445806
reassignment,0,ownership,age_group,18-24,48,0.041666666666666664,-0.06166111219044765
reassignment,0,ownership,age_group,25-34,79,0.029113924050632914,-0.05021154352853903
reassignment,0,ownership,age_group,35-44,50,0.038,-0.06855028628443981
reassignment,0,ownership,age_group,45-64,129,0.01782945736434109,-0.04026207493551489
reassignment,0,ownership,age_group,65+,15,0.03333333333333333,-0.04460813856809746
reassignment,0,ownership,income_group,high,209,0.024880382775119617,-0.050646241942452805
reassignment,0,ownership,income_group,low,53,0.03584905660377359,-0.04643966914300049
reassignment,0,ownership,income_group,medium,59,0.03220338983050848,-0.0537376669960895
reassignment,0,ownership,habitual_mode,bike,36,0.05833333333333335,-0.0737481668450946
reassignment,0,ownership,habitual_mode,car,37,0.016216216216216217,-0.004451310425436796
reassignment,0,ownership,habitual_mode,mixed,72,0.037500000000000006,-0.05549067107932334
reassignment,0,ownership,habitual_mode,pt,136,0.027941176470588233,-0.06657224549141079
reassignment,0,ownership,habitual_mode,walk,40,-0.005,-0.00870257966533079
reassignment,0,ownership,car_ownership,False,171,0.03274853801169591,-0.05964699772326255
reassignment,0,ownership,car_ownership,True,150,0.02266666666666667,-0.040115018484286995
reassignment,0,ownership,task,B0,321,0.009345794392523364,-0.026854813749087034
reassignment,0,ownership,task,W1,321,-0.003115264797507788,-0.02679382566835025
reassignment,0,ownership,task,D1,321,0.08099688473520249,-0.1362739292175513
reassignment,0,ownership,task,WD1,320,0.109375,-0.1290730912234889
reassignment,0,ownership,task,F1,321,0.006230529595015576,-0.01343467887862493
reassignment,0,ownership,task,P1,321,0.012461059190031152,-0.03643309147077094
reassignment,0,ownership,task,R1,321,0.0,-0.021620705222634495
reassignment,0,ownership,task,A_WALK,320,0.06875,-0.08893943783494383
reassignment,0,ownership,task,A_WAIT,321,-0.006230529595015576,-0.01730577696411658
reassignment,0,ownership,task,A_TRANSFER,321,0.003115264797507788,-0.009354260638672469
reassignment,1,survey_options,age_group,18-24,48,0.004166666666666667,-0.053359158637995986
reassignment,1,survey_options,age_group,25-34,79,0.006329113924050633,-0.05018088360178
reassignment,1,survey_options,age_group,35-44,50,0.0,-0.044111951609539665
reassignment,1,survey_options,age_group,45-64,129,0.006201550387596899,-0.08130047074317698
reassignment,1,survey_options,age_group,65+,15,0.006666666666666667,-0.023186624749621302
reassignment,1,survey_options,income_group,high,209,0.0033492822966507173,-0.06115846348512798
reassignment,1,survey_options,income_group,low,53,0.009433962264150943,-0.06627503061597637
reassignment,1,survey_options,income_group,medium,59,0.006779661016949153,-0.05545748484266212
reassignment,1,survey_options,habitual_mode,bike,36,0.0,-0.03612278163483862
reassignment,1,survey_options,habitual_mode,car,37,-0.0054054054054054074,-0.018132211517159234
reassignment,1,survey_options,habitual_mode,mixed,72,0.0,-0.049760214165820535
reassignment,1,survey_options,habitual_mode,pt,136,0.009558823529411767,-0.08456132094754004
reassignment,1,survey_options,habitual_mode,walk,40,0.0125,-0.06280750157404884
reassignment,1,survey_options,car_ownership,False,171,0.006432748538011696,-0.07326442969886265
reassignment,1,survey_options,car_ownership,True,150,0.0033333333333333335,-0.04692313078833364
reassignment,1,survey_options,task,B0,321,0.0,-0.06172178173896781
reassignment,1,survey_options,task,W1,321,0.003115264797507788,-0.07279704885082403
reassignment,1,survey_options,task,D1,321,-0.003115264797507788,-0.01978186048838172
reassignment,1,survey_options,task,WD1,320,0.0,-0.035932350000490804
reassignment,1,survey_options,task,F1,321,-0.006230529595015576,-0.040128203980465404
reassignment,1,survey_options,task,P1,321,0.021806853582554516,-0.09349156417059688
reassignment,1,survey_options,task,R1,321,0.03426791277258567,-0.07892598750362906
reassignment,1,survey_options,task,A_WALK,320,0.0,-0.1335235574754619
reassignment,1,survey_options,task,A_WAIT,321,-0.003115264797507788,-0.07052120706688485
reassignment,1,survey_options,task,A_TRANSFER,321,0.003115264797507788,-0.003433979053500232
reassignment,1,ownership,age_group,18-24,48,0.04583333333333334,-0.061837936542425115
reassignment,1,ownership,age_group,25-34,79,0.029113924050632914,-0.04910293614141011
reassignment,1,ownership,age_group,35-44,50,0.027999999999999997,-0.06758189138437752
reassignment,1,ownership,age_group,45-64,129,0.013953488372093023,-0.03719981180660562
reassignment,1,ownership,age_group,65+,15,0.04666666666666666,-0.045145498012559994
reassignment,1,ownership,income_group,high,209,0.02200956937799043,-0.04933782641336596
reassignment,1,ownership,income_group,low,53,0.035849056603773584,-0.04434271227634866
reassignment,1,ownership,income_group,medium,59,0.03220338983050847,-0.05153620679029224
reassignment,1,ownership,habitual_mode,bike,36,0.061111111111111116,-0.07939373233954605
reassignment,1,ownership,habitual_mode,car,37,0.010810810810810811,-0.0025124531803417715
reassignment,1,ownership,habitual_mode,mixed,72,0.04305555555555556,-0.051480915537247686
reassignment,1,ownership,habitual_mode,pt,136,0.020588235294117647,-0.06623978575820078
reassignment,1,ownership,habitual_mode,walk,40,-0.0024999999999999996,-0.0009008439493440934
reassignment,1,ownership,car_ownership,False,171,0.03450292397660819,-0.05989258511904237
reassignment,1,ownership,car_ownership,True,150,0.016666666666666666,-0.03640515744207307
reassignment,1,ownership,task,B0,321,0.003115264797507788,-0.026195111458618605
reassignment,1,ownership,task,W1,321,-0.006230529595015576,-0.028339956673572964
reassignment,1,ownership,task,D1,321,0.0778816199376947,-0.1390076222163216
reassignment,1,ownership,task,WD1,320,0.1125,-0.13211216291782416
reassignment,1,ownership,task,F1,321,-0.003115264797507788,-0.008746028486576433
reassignment,1,ownership,task,P1,321,0.009345794392523364,-0.0312577870900334
reassignment,1,ownership,task,R1,321,0.003115264797507788,-0.02328013875830388
reassignment,1,ownership,task,A_WALK,320,0.090625,-0.09496038337853936
reassignment,1,ownership,task,A_WAIT,321,-0.012461059190031152,-0.002225705041201641
reassignment,1,ownership,task,A_TRANSFER,321,-0.012461059190031152,-0.0038472880683126666
reassignment,2,survey_options,age_group,18-24,48,0.0020833333333333333,-0.0379639372739778
reassignment,2,survey_options,age_group,25-34,79,0.008860759493670886,-0.05700647896004284
reassignment,2,survey_options,age_group,35-44,50,-0.016,-0.0436366238854719
reassignment,2,survey_options,age_group,45-64,129,0.006201550387596899,-0.0814646858513326
reassignment,2,survey_options,age_group,65+,15,0.006666666666666667,-0.04047403693843632
reassignment,2,survey_options,income_group,high,209,0.0009569377990430621,-0.06456318716065862
reassignment,2,survey_options,income_group,low,53,0.0037735849056603783,-0.05623944523624308
reassignment,2,survey_options,income_group,medium,59,0.00847457627118644,-0.053377463323183556
reassignment,2,survey_options,habitual_mode,bike,36,0.0,-0.04159557767459798
reassignment,2,survey_options,habitual_mode,car,37,-0.01891891891891892,-0.023580043769626725
reassignment,2,survey_options,habitual_mode,mixed,72,0.002777777777777778,-0.05314543864255402
reassignment,2,survey_options,habitual_mode,pt,136,0.007352941176470588,-0.0820529676570713
reassignment,2,survey_options,habitual_mode,walk,40,0.01,-0.056702236269476555
reassignment,2,survey_options,car_ownership,False,171,0.005263157894736842,-0.07370604158289876
reassignment,2,survey_options,car_ownership,True,150,9.251858538542971e-19,-0.04679955959660452
reassignment,2,survey_options,task,B0,321,-0.006230529595015576,-0.062386679018420495
reassignment,2,survey_options,task,W1,321,0.003115264797507788,-0.0720120474453676
reassignment,2,survey_options,task,D1,321,0.0,-0.021522867093787302
reassignment,2,survey_options,task,WD1,320,0.0,-0.038030032028399205
reassignment,2,survey_options,task,F1,321,-0.006230529595015576,-0.04241947392202066
reassignment,2,survey_options,task,P1,321,0.03426791277258567,-0.09263556203370883
reassignment,2,survey_options,task,R1,321,0.018691588785046728,-0.07762927203782907
reassignment,2,survey_options,task,A_WALK,320,-0.00625,-0.12919326460893138
reassignment,2,survey_options,task,A_WAIT,321,-0.006230529595015576,-0.07190383564071302
reassignment,2,survey_options,task,A_TRANSFER,321,-0.003115264797507788,-0.0038085689566329205
reassignment,2,ownership,age_group,18-24,48,0.03333333333333333,-0.0429742008563923
reassignment,2,ownership,age_group,25-34,79,0.03670886075949367,-0.05083681800691387
reassignment,2,ownership,age_group,35-44,50,0.036000000000000004,-0.06870593278772617
reassignment,2,ownership,age_group,45-64,129,0.010852713178294575,-0.036138220321417926
reassignment,2,ownership,age_group,65+,15,0.03333333333333333,-0.02467883698867201
reassignment,2,ownership,income_group,high,209,0.024401913875598084,-0.04507855976217435
reassignment,2,ownership,income_group,low,53,0.028301886792452834,-0.03886826833767795
reassignment,2,ownership,income_group,medium,59,0.027118644067796613,-0.05194479096849082
reassignment,2,ownership,habitual_mode,bike,36,0.058333333333333334,-0.09141633798641838
reassignment,2,ownership,habitual_mode,car,37,0.005405405405405406,0.0023838120635957857
reassignment,2,ownership,habitual_mode,mixed,72,0.04305555555555556,-0.04415212176058763
reassignment,2,ownership,habitual_mode,pt,136,0.023529411764705882,-0.060029885316632614
reassignment,2,ownership,habitual_mode,walk,40,-0.01,-9.389708749170389e-06
reassignment,2,ownership,car_ownership,False,171,0.03274853801169591,-0.0568668765071611
reassignment,2,ownership,car_ownership,True,150,0.017333333333333333,-0.032146293310718534
reassignment,2,ownership,task,B0,321,0.006230529595015576,-0.024763154979688323
reassignment,2,ownership,task,W1,321,-0.006230529595015576,-0.021770242798363832
reassignment,2,ownership,task,D1,321,0.06853582554517133,-0.12568798326576736
reassignment,2,ownership,task,WD1,320,0.1125,-0.12918729812514732
reassignment,2,ownership,task,F1,321,-0.003115264797507788,-0.010910553082499682
reassignment,2,ownership,task,P1,321,0.006230529595015576,-0.028210939085688745
reassignment,2,ownership,task,R1,321,0.0,-0.0229755081220914
reassignment,2,ownership,task,A_WALK,320,0.075,-0.08592069072164239
reassignment,2,ownership,task,A_WAIT,321,-0.009345794392523364,-0.0009453870857832324
reassignment,2,ownership,task,A_TRANSFER,321,0.006230529595015576,-0.004137431773780665
reassignment,3,survey_options,age_group,18-24,48,0.006250000000000001,-0.037825418725252365
reassignment,3,survey_options,age_group,25-34,79,0.011392405063291138,-0.05435679272214212
reassignment,3,survey_options,age_group,35-44,50,-0.004000000000000001,-0.04275886118730504
reassignment,3,survey_options,age_group,45-64,129,0.01937984496124031,-0.08736808809094308
reassignment,3,survey_options,age_group,65+,15,0.006666666666666667,-0.01377346944065344
reassignment,3,survey_options,income_group,high,209,0.011004784688995217,-0.06571712382249376
reassignment,3,survey_options,income_group,low,53,0.016981132075471698,-0.05608945219552001
reassignment,3,survey_options,income_group,medium,59,0.006779661016949153,-0.0511392431068524
reassignment,3,survey_options,habitual_mode,bike,36,0.0,-0.043067359883523525
reassignment,3,survey_options,habitual_mode,car,37,0.043243243243243246,-0.028576900590366636
reassignment,3,survey_options,habitual_mode,mixed,72,0.005555555555555556,-0.048745407772111574
reassignment,3,survey_options,habitual_mode,pt,136,0.009558823529411767,-0.08298396126543522
reassignment,3,survey_options,habitual_mode,walk,40,0.0075000000000000015,-0.05803942048066035
reassignment,3,survey_options,car_ownership,False,171,0.006432748538011696,-0.07268142115453594
reassignment,3,survey_options,car_ownership,True,150,0.016666666666666666,-0.04864208114094936
reassignment,3,survey_options,task,B0,321,0.012461059190031152,-0.06194441816150028
reassignment,3,survey_options,task,W1,321,0.003115264797507788,-0.07369871723703383
reassignment,3,survey_options,task,D1,321,-0.003115264797507788,-0.02198551962783166
reassignment,3,survey_options,task,WD1,320,0.0,-0.036101549049591716
reassignment,3,survey_options,task,F1,321,0.0,-0.0416714613113812
reassignment,3,survey_options,task,P1,321,0.024922118380062305,-0.09464394867318701
reassignment,3,survey_options,task,R1,321,0.03426791277258567,-0.0786734792610312
reassignment,3,survey_options,task,A_WALK,320,0.0125,-0.13088047133527345
reassignment,3,survey_options,task,A_WAIT,321,0.012461059190031152,-0.07102630141787657
reassignment,3,survey_options,task,A_TRANSFER,321,0.01557632398753894,-0.004522913692840098
reassignment,3,ownership,age_group,18-24,48,0.03541666666666667,-0.0533505410974345
reassignment,3,ownership,age_group,25-34,79,0.039240506329113925,-0.042996835059917
reassignment,3,ownership,age_group,35-44,50,0.036000000000000004,-0.06829988219542996
reassignment,3,ownership,age_group,45-64,129,0.014728682170542639,-0.037931946273164395
reassignment,3,ownership,age_group,65+,15,0.03333333333333333,-0.03384730477656947
reassignment,3,ownership,income_group,high,209,0.02583732057416268,-0.0470695593527148
reassignment,3,ownership,income_group,low,53,0.03018867924528302,-0.03103450376658867
reassignment,3,ownership,income_group,medium,59,0.033898305084745756,-0.05578193370715174
reassignment,3,ownership,habitual_mode,bike,36,0.05,-0.073767064828632
reassignment,3,ownership,habitual_mode,car,37,0.013513513513513516,0.002135946663131554
reassignment,3,ownership,habitual_mode,mixed,72,0.05138888888888889,-0.05478318763188915
reassignment,3,ownership,habitual_mode,pt,136,0.022794117647058826,-0.062487609874255556
reassignment,3,ownership,habitual_mode,walk,40,-0.0024999999999999996,0.006144701665527822
reassignment,3,ownership,car_ownership,False,171,0.03216374269005848,-0.05543248208159048
reassignment,3,ownership,car_ownership,True,150,0.023333333333333334,-0.035296975047443814
reassignment,3,ownership,task,B0,321,0.006230529595015576,-0.02272340390678535
reassignment,3,ownership,task,W1,321,0.0,-0.029296091225510835
reassignment,3,ownership,task,D1,321,0.08099688473520249,-0.13115103024541022
reassignment,3,ownership,task,WD1,320,0.1125,-0.12935777958970168
reassignment,3,ownership,task,F1,321,0.0,-0.008565993240459854
reassignment,3,ownership,task,P1,321,0.012461059190031152,-0.027832242472536056
reassignment,3,ownership,task,R1,321,0.006230529595015576,-0.01915842620809457
reassignment,3,ownership,task,A_WALK,320,0.075,-0.0894452560764765
reassignment,3,ownership,task,A_WAIT,321,-0.006230529595015576,-0.0065085292651763035
reassignment,3,ownership,task,A_TRANSFER,321,-0.006230529595015576,0.002982991153370764
reassignment,4,survey_options,age_group,18-24,48,0.0020833333333333333,-0.033319423457330695
reassignment,4,survey_options,age_group,25-34,79,0.005063291139240506,-0.0553438234583945
reassignment,4,survey_options,age_group,35-44,50,0.01,-0.04503535960012732
reassignment,4,survey_options,age_group,45-64,129,0.012403100775193798,-0.07255085220035443
reassignment,4,survey_options,age_group,65+,15,0.006666666666666667,-0.03885473257215265
reassignment,4,survey_options,income_group,high,209,0.00861244019138756,-0.06341577427315787
reassignment,4,survey_options,income_group,low,53,0.0056603773584905665,-0.03933697213463917
reassignment,4,survey_options,income_group,medium,59,0.01016949152542373,-0.04790486331141605
reassignment,4,survey_options,habitual_mode,bike,36,0.0,-0.028075199363029404
reassignment,4,survey_options,habitual_mode,car,37,0.02702702702702703,-0.01980036683819658
reassignment,4,survey_options,habitual_mode,mixed,72,0.0,-0.051678945772926296
reassignment,4,survey_options,habitual_mode,pt,136,0.009558823529411765,-0.07624633564033961
reassignment,4,survey_options,habitual_mode,walk,40,0.01,-0.0582859197195051
reassignment,4,survey_options,car_ownership,False,171,0.005847953216374269,-0.0685795434357469
reassignment,4,survey_options,car_ownership,True,150,0.011333333333333334,-0.04292027569391132
reassignment,4,survey_options,task,B0,321,0.009345794392523364,-0.05663075701645211
reassignment,4,survey_options,task,W1,321,-0.003115264797507788,-0.06727715958436885
reassignment,4,survey_options,task,D1,321,0.006230529595015576,-0.01952277970441885
reassignment,4,survey_options,task,WD1,320,0.0,-0.0355213852318067
reassignment,4,survey_options,task,F1,321,-0.009345794392523364,-0.038311364774976014
reassignment,4,survey_options,task,P1,321,0.03115264797507788,-0.08677217041295837
reassignment,4,survey_options,task,R1,321,0.021806853582554516,-0.07502125985216287
reassignment,4,survey_options,task,A_WALK,320,0.00625,-0.11779249409180297
reassignment,4,survey_options,task,A_WAIT,321,0.009345794392523364,-0.06749654222085054
reassignment,4,survey_options,task,A_TRANSFER,321,0.012461059190031152,-0.0020819084303382524
reassignment,4,ownership,age_group,18-24,48,0.027083333333333334,-0.051971003425310656
reassignment,4,ownership,age_group,25-34,79,0.03670886075949367,-0.053187780247295875
reassignment,4,ownership,age_group,35-44,50,0.034,-0.0581224343407494
reassignment,4,ownership,age_group,45-64,129,0.009302325581395349,-0.03427079713285019
reassignment,4,ownership,age_group,65+,15,0.0066666666666666706,-0.0028112731691587634
reassignment,4,ownership,income_group,high,209,0.022966507177033496,-0.04541931024315958
reassignment,4,ownership,income_group,low,53,0.016981132075471698,-0.043999446684479006
reassignment,4,ownership,income_group,medium,59,0.025423728813559324,-0.037984066670611404
reassignment,4,ownership,habitual_mode,bike,36,0.04722222222222223,-0.06764031643196707
reassignment,4,ownership,habitual_mode,car,37,0.0,0.005119462971568909
reassignment,4,ownership,habitual_mode,mixed,72,0.044444444444444446,-0.046620844330948236
reassignment,4,ownership,habitual_mode,pt,136,0.016176470588235296,-0.055967501902647224
reassignment,4,ownership,habitual_mode,walk,40,0.002500000000000001,-0.021293853411818747
reassignment,4,ownership,car_ownership,False,171,0.031578947368421054,-0.056638312739117826
reassignment,4,ownership,car_ownership,True,150,0.011999999999999999,-0.0292034331351644
reassignment,4,ownership,task,B0,321,0.006230529595015576,-0.0213462215479807
reassignment,4,ownership,task,W1,321,0.0,-0.024683932524075875
reassignment,4,ownership,task,D1,321,0.07165109034267912,-0.1331713892744762
reassignment,4,ownership,task,WD1,320,0.1,-0.12359993558159224
reassignment,4,ownership,task,F1,321,-0.003115264797507788,-0.0062943606402652815
reassignment,4,ownership,task,P1,321,-0.003115264797507788,-0.03091232407950097
reassignment,4,ownership,task,R1,321,0.0,-0.02251365446583712
reassignment,4,ownership,task,A_WALK,320,0.059375,-0.0778389410697054
reassignment,4,ownership,task,A_WAIT,321,-0.006230529595015576,-0.003146804917544303
reassignment,4,ownership,task,A_TRANSFER,321,0.0,0.004500119373566362
reassignment,5,survey_options,age_group,18-24,48,0.008333333333333333,-0.04276897346313588
reassignment,5,survey_options,age_group,25-34,79,0.005063291139240506,-0.04386855108027776
reassignment,5,survey_options,age_group,35-44,50,-0.01,-0.04561056088861867
reassignment,5,survey_options,age_group,45-64,129,0.028682170542635662,-0.08503033345276155
reassignment,5,survey_options,age_group,65+,15,0.013333333333333332,-0.034000097073873935
reassignment,5,survey_options,income_group,high,209,0.014832535885167464,-0.06537668072674278
reassignment,5,survey_options,income_group,low,53,0.007547169811320755,-0.04508941329767393
reassignment,5,survey_options,income_group,medium,59,0.011864406779661016,-0.05465260340426762
reassignment,5,survey_options,habitual_mode,bike,36,0.0,-0.03660449619744621
reassignment,5,survey_options,habitual_mode,car,37,0.008108108108108107,-0.013619771474200985
reassignment,5,survey_options,habitual_mode,mixed,72,0.004166666666666667,-0.05207403121057165
reassignment,5,survey_options,habitual_mode,pt,136,0.023529411764705882,-0.08388469506067107
reassignment,5,survey_options,habitual_mode,walk,40,0.01,-0.05746566486129563
reassignment,5,survey_options,car_ownership,False,171,0.010526315789473684,-0.07248995900169314
reassignment,5,survey_options,car_ownership,True,150,0.016,-0.04588123858818815
reassignment,5,survey_options,task,B0,321,0.009345794392523364,-0.059707065421979
reassignment,5,survey_options,task,W1,321,0.0,-0.07053326004701511
reassignment,5,survey_options,task,D1,321,0.006230529595015576,-0.02120622510719832
reassignment,5,survey_options,task,WD1,320,0.0,-0.03379825346161817
reassignment,5,survey_options,task,F1,321,-0.003115264797507788,-0.03982709620912507
reassignment,5,survey_options,task,P1,321,0.04361370716510903,-0.0944484733094661
reassignment,5,survey_options,task,R1,321,0.021806853582554516,-0.08192716435221727
reassignment,5,survey_options,task,A_WALK,320,0.015625,-0.1214460504226054
reassignment,5,survey_options,task,A_WAIT,321,0.018691588785046728,-0.07274977600042329
reassignment,5,survey_options,task,A_TRANSFER,321,0.018691588785046728,-0.005532425487469401
reassignment,5,ownership,age_group,18-24,48,0.02916666666666667,-0.04926753555064337
reassignment,5,ownership,age_group,25-34,79,0.03417721518987342,-0.03730135100151822
reassignment,5,ownership,age_group,35-44,50,0.04,-0.07028803884067633
reassignment,5,ownership,age_group,45-64,129,0.014728682170542635,-0.036512499988581304
reassignment,5,ownership,age_group,65+,15,0.03333333333333333,-0.050407594917995326
reassignment,5,ownership,income_group,high,209,0.022488038277511963,-0.04118267924658436
reassignment,5,ownership,income_group,low,53,0.02641509433962265,-0.041170128279986874
reassignment,5,ownership,income_group,medium,59,0.04067796610169491,-0.059374237940781706
reassignment,5,ownership,habitual_mode,bike,36,0.058333333333333334,-0.07097154418060246
reassignment,5,ownership,habitual_mode,car,37,0.005405405405405406,0.004839914157970865
reassignment,5,ownership,habitual_mode,mixed,72,0.04583333333333333,-0.04443716281358176
reassignment,5,ownership,habitual_mode,pt,136,0.022794117647058822,-0.061394306160567826
reassignment,5,ownership,habitual_mode,walk,40,-0.004999999999999999,-0.009181916820242003
reassignment,5,ownership,car_ownership,False,171,0.033918128654970764,-0.05420213862408658
reassignment,5,ownership,car_ownership,True,150,0.018000000000000002,-0.033491407301085005
reassignment,5,ownership,task,B0,321,0.009345794392523364,-0.021467886841742535
reassignment,5,ownership,task,W1,321,-0.003115264797507788,-0.026268403081017692
reassignment,5,ownership,task,D1,321,0.0778816199376947,-0.1230598441558752
reassignment,5,ownership,task,WD1,320,0.125,-0.13192197427480024
reassignment,5,ownership,task,F1,321,0.003115264797507788,-0.006337745519190355
reassignment,5,ownership,task,P1,321,0.006230529595015576,-0.029041380678836947
reassignment,5,ownership,task,R1,321,0.0,-0.024602054113842236
reassignment,5,ownership,task,A_WALK,320,0.05625,-0.07421461178350826
reassignment,5,ownership,task,A_WAIT,321,-0.009345794392523364,-0.010742358991555533
reassignment,5,ownership,task,A_TRANSFER,321,0.0,0.0016166325079536316
reassignment,6,survey_options,age_group,18-24,48,0.0,-0.037665379887633334
reassignment,6,survey_options,age_group,25-34,79,0.012658227848101266,-0.05872296787643765
reassignment,6,survey_options,age_group,35-44,50,0.008,-0.05082056717129298
reassignment,6,survey_options,age_group,45-64,129,0.0069767441860465115,-0.0750846510683307
reassignment,6,survey_options,age_group,65+,15,0.013333333333333334,-0.03828108300940326
reassignment,6,survey_options,income_group,high,209,0.010047846889952151,-0.06523328496212284
reassignment,6,survey_options,income_group,low,53,0.003773584905660377,-0.050261614867574515
reassignment,6,survey_options,income_group,medium,59,0.0033898305084745766,-0.050010087174579824
reassignment,6,survey_options,habitual_mode,bike,36,-0.002777777777777778,-0.027678602824584904
reassignment,6,survey_options,habitual_mode,car,37,0.032432432432432434,-0.025009201791254248
reassignment,6,survey_options,habitual_mode,mixed,72,0.001388888888888889,-0.051427151388326243
reassignment,6,survey_options,habitual_mode,pt,136,0.008088235294117648,-0.08320488042477998
reassignment,6,survey_options,habitual_mode,walk,40,0.005,-0.05769571206685755
reassignment,6,survey_options,car_ownership,False,171,0.004678362573099415,-0.07031014208498404
reassignment,6,survey_options,car_ownership,True,150,0.011333333333333334,-0.04816788661222041
reassignment,6,survey_options,task,B0,321,0.006230529595015576,-0.05789757305981554
reassignment,6,survey_options,task,W1,321,0.003115264797507788,-0.07705466823345167
reassignment,6,survey_options,task,D1,321,0.009345794392523364,-0.02073083962597222
reassignment,6,survey_options,task,WD1,320,-0.003125,-0.03780572110292121
reassignment,6,survey_options,task,F1,321,0.003115264797507788,-0.041583971207885484
reassignment,6,survey_options,task,P1,321,0.009345794392523364,-0.08913709314026873
reassignment,6,survey_options,task,R1,321,0.024922118380062305,-0.07504407320432545
reassignment,6,survey_options,task,A_WALK,320,0.00625,-0.13047483356347983
reassignment,6,survey_options,task,A_WAIT,321,0.009345794392523364,-0.06982009992407301
reassignment,6,survey_options,task,A_TRANSFER,321,0.009345794392523364,-0.0007122170652183971
reassignment,6,ownership,age_group,18-24,48,0.027083333333333334,-0.04724414752433347
reassignment,6,ownership,age_group,25-34,79,0.04177215189873418,-0.0428273209758165
reassignment,6,ownership,age_group,35-44,50,0.046,-0.07075874117661651
reassignment,6,ownership,age_group,45-64,129,0.00930232558139535,-0.03505496223079019
reassignment,6,ownership,age_group,65+,15,0.046666666666666676,-0.04877017323334287
reassignment,6,ownership,income_group,high,209,0.02535885167464115,-0.04662095716956114
reassignment,6,ownership,income_group,low,53,0.03207547169811321,-0.035837326773496915
reassignment,6,ownership,income_group,medium,59,0.030508474576271188,-0.04744913315130167
reassignment,6,ownership,habitual_mode,bike,36,0.058333333333333334,-0.07494583453365831
reassignment,6,ownership,habitual_mode,car,37,0.010810810810810813,0.003864579631898053
reassignment,6,ownership,habitual_mode,mixed,72,0.04722222222222222,-0.05364249188734544
reassignment,6,ownership,habitual_mode,pt,136,0.022794117647058826,-0.06132323476110759
reassignment,6,ownership,habitual_mode,walk,40,-0.004999999999999999,0.007865567921764037
reassignment,6,ownership,car_ownership,False,171,0.033918128654970764,-0.05192746997317894
reassignment,6,ownership,car_ownership,True,150,0.02,-0.037087065719645436
reassignment,6,ownership,task,B0,321,0.009345794392523364,-0.018046218924713867
reassignment,6,ownership,task,W1,321,-0.003115264797507788,-0.028237924458671394
reassignment,6,ownership,task,D1,321,0.08722741433021806,-0.13091128932816867
reassignment,6,ownership,task,WD1,320,0.115625,-0.12472810709867255
reassignment,6,ownership,task,F1,321,-0.006230529595015576,-0.006715604513177253
reassignment,6,ownership,task,P1,321,0.012461059190031152,-0.026082957986523516
reassignment,6,ownership,task,R1,321,0.003115264797507788,-0.0185530348758432
reassignment,6,ownership,task,A_WALK,320,0.071875,-0.09093118481791754
reassignment,6,ownership,task,A_WAIT,321,-0.009345794392523364,-0.00347867247524413
reassignment,6,ownership,task,A_TRANSFER,321,-0.006230529595015576,-0.0030209215265279087
reassignment,7,survey_options,age_group,18-24,48,0.004166666666666667,-0.038314219924667714
reassignment,7,survey_options,age_group,25-34,79,0.0037974683544303805,-0.053509878091947606
reassignment,7,survey_options,age_group,35-44,50,0.012000000000000002,-0.05330844068899292
reassignment,7,survey_options,age_group,45-64,129,0.012403100775193798,-0.07796331941742082
reassignment,7,survey_options,age_group,65+,15,0.013333333333333336,-0.03417884152135177
reassignment,7,survey_options,income_group,high,209,0.011004784688995215,-0.06159214739468748
reassignment,7,survey_options,income_group,low,53,0.009433962264150943,-0.055051819479843236
reassignment,7,survey_options,income_group,medium,59,0.0016949152542372883,-0.059512382200741426
reassignment,7,survey_options,habitual_mode,bike,36,0.0,-0.049034886858725694
reassignment,7,survey_options,habitual_mode,car,37,0.04054054054054054,-0.03349726012839828
reassignment,7,survey_options,habitual_mode,mixed,72,0.005555555555555556,-0.049913908404982076
reassignment,7,survey_options,habitual_mode,pt,136,0.0051470588235294126,-0.0761377477588121
reassignment,7,survey_options,habitual_mode,walk,40,0.0075000000000000015,-0.05871365339357755
reassignment,7,survey_options,car_ownership,False,171,0.0029239766081871343,-0.0728343071845012
reassignment,7,survey_options,car_ownership,True,150,0.016,-0.0456471283947694
reassignment,7,survey_options,task,B0,321,0.009345794392523364,-0.06185671718781824
reassignment,7,survey_options,task,W1,321,0.0,-0.07516949496526451
reassignment,7,survey_options,task,D1,321,0.0,-0.01812353033040118
reassignment,7,survey_options,task,WD1,320,0.0,-0.03289735555816343
reassignment,7,survey_options,task,F1,321,0.0,-0.042737855775948456
reassignment,7,survey_options,task,P1,321,0.024922118380062305,-0.09281221240247778
reassignment,7,survey_options,task,R1,321,0.021806853582554516,-0.07876686364353103
reassignment,7,survey_options,task,A_WALK,320,0.009375,-0.12183267125187858
reassignment,7,survey_options,task,A_WAIT,321,0.012461059190031152,-0.07125444767255067
reassignment,7,survey_options,task,A_TRANSFER,321,0.012461059190031152,-0.0064356175372115194
reassignment,7,ownership,age_group,18-24,48,0.029166666666666664,-0.052258784415697555
reassignment,7,ownership,age_group,25-34,79,0.04177215189873418,-0.05671303830248944
reassignment,7,ownership,age_group,35-44,50,0.034,-0.07896678134036476
reassignment,7,ownership,age_group,45-64,129,0.017054263565891473,-0.03165408563420624
reassignment,7,ownership,age_group,65+,15,0.04000000000000001,-0.02773476900899467
reassignment,7,ownership,income_group,high,209,0.023444976076555026,-0.04642608924179858
reassignment,7,ownership,income_group,low,53,0.0320754716981132,-0.04172430854009388
reassignment,7,ownership,income_group,medium,59,0.04406779661016949,-0.059695734282288714
reassignment,7,ownership,habitual_mode,bike,36,0.07500000000000001,-0.10457589414309315
reassignment,7,ownership,habitual_mode,car,37,0.013513513513513514,0.003351543816172114
reassignment,7,ownership,habitual_mode,mixed,72,0.04861111111111111,-0.05497071612975283
reassignment,7,ownership,habitual_mode,pt,136,0.01838235294117647,-0.0578980617988297
reassignment,7,ownership,habitual_mode,walk,40,6.938893903907229e-19,0.0009065926780029189
reassignment,7,ownership,car_ownership,False,171,0.03859649122807018,-0.05929901534343051
reassignment,7,ownership,car_ownership,True,150,0.017333333333333333,-0.03530905135392864
reassignment,7,ownership,task,B0,321,0.009345794392523364,-0.027741036459792444
reassignment,7,ownership,task,W1,321,-0.003115264797507788,-0.029288311897287644
reassignment,7,ownership,task,D1,321,0.09968847352024922,-0.13394659963852817
reassignment,7,ownership,task,WD1,320,0.121875,-0.13244995014064553
reassignment,7,ownership,task,F1,321,-0.003115264797507788,-0.014370731447473507
reassignment,7,ownership,task,P1,321,0.009345794392523364,-0.028152292942670108
reassignment,7,ownership,task,R1,321,0.003115264797507788,-0.023949579684488072
reassignment,7,ownership,task,A_WALK,320,0.065625,-0.08137186614884592
reassignment,7,ownership,task,A_WAIT,321,-0.003115264797507788,-0.009948683841808902
reassignment,7,ownership,task,A_TRANSFER,321,-0.012461059190031152,-0.0004227930172762098
reassignment,8,survey_options,age_group,18-24,48,0.008333333333333333,-0.05237887515129421
reassignment,8,survey_options,age_group,25-34,79,0.020253164556962022,-0.05650812110025678
reassignment,8,survey_options,age_group,35-44,50,-1.1102230246251566e-18,-0.04571309258258439
reassignment,8,survey_options,age_group,45-64,129,0.0186046511627907,-0.07786687154709515
reassignment,8,survey_options,age_group,65+,15,0.0,-0.03411939360596317
reassignment,8,survey_options,income_group,high,209,0.01291866028708134,-0.06600595246469773
reassignment,8,survey_options,income_group,low,53,0.02641509433962264,-0.0602247616515333
reassignment,8,survey_options,income_group,medium,59,0.005084745762711865,-0.04802445939530951
reassignment,8,survey_options,habitual_mode,bike,36,0.0,-0.038785634009074955
reassignment,8,survey_options,habitual_mode,car,37,0.05135135135135134,-0.038406589818368864
reassignment,8,survey_options,habitual_mode,mixed,72,0.001388888888888889,-0.04420149200097812
reassignment,8,survey_options,habitual_mode,pt,136,0.013970588235294117,-0.08551581886225487
reassignment,8,survey_options,habitual_mode,walk,40,0.0125,-0.054765352500822886
reassignment,8,survey_options,car_ownership,False,171,0.008771929824561403,-0.07026658839001274
reassignment,8,survey_options,car_ownership,True,150,0.019333333333333334,-0.05203341948189448
reassignment,8,survey_options,task,B0,321,0.01557632398753894,-0.05873986496515265
reassignment,8,survey_options,task,W1,321,0.009345794392523364,-0.07612760888925625
reassignment,8,survey_options,task,D1,321,0.0,-0.02102323247046289
reassignment,8,survey_options,task,WD1,320,-0.003125,-0.03601335295533713
reassignment,8,survey_options,task,F1,321,0.006230529595015576,-0.04182348418062403
reassignment,8,survey_options,task,P1,321,0.028037383177570093,-0.09313524637923778
reassignment,8,survey_options,task,R1,321,0.028037383177570093,-0.07695454201534738
reassignment,8,survey_options,task,A_WALK,320,0.015625,-0.1334885408120945
reassignment,8,survey_options,task,A_WAIT,321,0.01557632398753894,-0.07390002895517557
reassignment,8,survey_options,task,A_TRANSFER,321,0.021806853582554516,-0.0068605198363775365
reassignment,8,ownership,age_group,18-24,48,0.03541666666666667,-0.06163747413827267
reassignment,8,ownership,age_group,25-34,79,0.026582278481012658,-0.0419700785242113
reassignment,8,ownership,age_group,35-44,50,0.02,-0.056108563581154895
reassignment,8,ownership,age_group,45-64,129,0.012403100775193798,-0.035544239897796794
reassignment,8,ownership,age_group,65+,15,0.04000000000000001,-0.0639785896602336
reassignment,8,ownership,income_group,high,209,0.02105263157894737,-0.044741999555346336
reassignment,8,ownership,income_group,low,53,0.015094339622641508,-0.04140308087169529
reassignment,8,ownership,income_group,medium,59,0.030508474576271188,-0.052188266772196255
reassignment,8,ownership,habitual_mode,bike,36,0.04722222222222222,-0.07301087942150877
reassignment,8,ownership,habitual_mode,car,37,0.005405405405405406,0.0022973512561618417
reassignment,8,ownership,habitual_mode,mixed,72,0.037500000000000006,-0.04315925731473375
reassignment,8,ownership,habitual_mode,pt,136,0.019117647058823534,-0.06457525938145844
reassignment,8,ownership,habitual_mode,walk,40,-0.005,-0.004786436689782762
reassignment,8,ownership,car_ownership,False,171,0.025730994152046785,-0.0546367393743255
reassignment,8,ownership,car_ownership,True,150,0.017333333333333333,-0.035211109998781034
reassignment,8,ownership,task,B0,321,0.006230529595015576,-0.02107168919243388
reassignment,8,ownership,task,W1,321,0.003115264797507788,-0.031197606785232115
reassignment,8,ownership,task,D1,321,0.06230529595015576,-0.12423209414476842
reassignment,8,ownership,task,WD1,320,0.090625,-0.12432621259882078
reassignment,8,ownership,task,F1,321,-0.003115264797507788,-0.007100203148270395
reassignment,8,ownership,task,P1,321,0.006230529595015576,-0.030282433140536243
reassignment,8,ownership,task,R1,321,0.0,-0.01779432186273999
reassignment,8,ownership,task,A_WALK,320,0.0625,-0.08686903896014389
reassignment,8,ownership,task,A_WAIT,321,-0.009345794392523364,-0.01227697132864057
reassignment,8,ownership,task,A_TRANSFER,321,0.0,-0.0013724614584055006
reassignment,9,survey_options,age_group,18-24,48,0.006250000000000001,-0.05811138856807919
reassignment,9,survey_options,age_group,25-34,79,0.007594936708860761,-0.05187835113838257
reassignment,9,survey_options,age_group,35-44,50,-0.0020000000000000005,-0.05471600830343411
reassignment,9,survey_options,age_group,45-64,129,0.017054263565891473,-0.07973422528050413
reassignment,9,survey_options,age_group,65+,15,0.0,-0.04377413819159845
reassignment,9,survey_options,income_group,high,209,0.00861244019138756,-0.06842298403184054
reassignment,9,survey_options,income_group,low,53,0.01320754716981132,-0.06147428825903946
reassignment,9,survey_options,income_group,medium,59,0.00847457627118644,-0.050971576271982594
reassignment,9,survey_options,habitual_mode,bike,36,0.0,-0.03211342239507528
reassignment,9,survey_options,habitual_mode,car,37,-0.002702702702702703,-0.017377188115300077
reassignment,9,survey_options,habitual_mode,mixed,72,0.001388888888888889,-0.05219615872425799
reassignment,9,survey_options,habitual_mode,pt,136,0.016176470588235296,-0.09079338335276024
reassignment,9,survey_options,habitual_mode,walk,40,0.02,-0.06652003024549888
reassignment,9,survey_options,car_ownership,False,171,0.00760233918128655,-0.07341602636861604
reassignment,9,survey_options,car_ownership,True,150,0.011333333333333334,-0.053411489542649286
reassignment,9,survey_options,task,B0,321,0.003115264797507788,-0.06641314798939134
reassignment,9,survey_options,task,W1,321,0.009345794392523364,-0.0770948025274148
reassignment,9,survey_options,task,D1,321,0.006230529595015576,-0.02311915892511675
reassignment,9,survey_options,task,WD1,320,0.0,-0.03914965118102295
reassignment,9,survey_options,task,F1,321,-0.003115264797507788,-0.045628521240355505
reassignment,9,survey_options,task,P1,321,0.03115264797507788,-0.09361091003938254
reassignment,9,survey_options,task,R1,321,0.037383177570093455,-0.08207067224151839
reassignment,9,survey_options,task,A_WALK,320,0.003125,-0.12876104389184673
reassignment,9,survey_options,task,A_WAIT,321,0.009345794392523364,-0.07747710623278357
reassignment,9,survey_options,task,A_TRANSFER,321,-0.003115264797507788,-0.007621212990176327
reassignment,9,ownership,age_group,18-24,48,0.04583333333333334,-0.06065250487634691
reassignment,9,ownership,age_group,25-34,79,0.03164556962025317,-0.035949296506374184
reassignment,9,ownership,age_group,35-44,50,0.032,-0.06505495198976831
reassignment,9,ownership,age_group,45-64,129,0.010852713178294575,-0.031052101877421072
reassignment,9,ownership,age_group,65+,15,0.02666666666666667,-0.06886845724955701
reassignment,9,ownership,income_group,high,209,0.02105263157894737,-0.04251728553360629
reassignment,9,ownership,income_group,low,53,0.02830188679245283,-0.035929706360605516
reassignment,9,ownership,income_group,medium,59,0.03728813559322034,-0.055125816014432096
reassignment,9,ownership,habitual_mode,bike,36,0.03888888888888889,-0.05242768528854117
reassignment,9,ownership,habitual_mode,car,37,0.010810810810810811,0.007488359791789475
reassignment,9,ownership,habitual_mode,mixed,72,0.04861111111111112,-0.05431637752567577
reassignment,9,ownership,habitual_mode,pt,136,0.02132352941176471,-0.06441560611914128
reassignment,9,ownership,habitual_mode,walk,40,-0.0024999999999999996,0.005970467841396002
reassignment,9,ownership,car_ownership,False,171,0.031578947368421054,-0.05125348086483188
reassignment,9,ownership,car_ownership,True,150,0.018000000000000002,-0.035189766870673676
reassignment,9,ownership,task,B0,321,0.009345794392523364,-0.023667427007278082
reassignment,9,ownership,task,W1,321,-0.003115264797507788,-0.026972966594088883
reassignment,9,ownership,task,D1,321,0.059190031152647975,-0.12693649340826205
reassignment,9,ownership,task,WD1,320,0.128125,-0.12975479189169453
reassignment,9,ownership,task,F1,321,-0.003115264797507788,-0.008666749454516015
reassignment,9,ownership,task,P1,321,0.009345794392523364,-0.026169551856027488
reassignment,9,ownership,task,R1,321,0.003115264797507788,-0.021262114420570157
reassignment,9,ownership,task,A_WALK,320,0.059375,-0.07378642276633582
reassignment,9,ownership,task,A_WAIT,321,-0.003115264797507788,-0.006558813649636259
reassignment,9,ownership,task,A_TRANSFER,321,-0.006230529595015576,0.0050066334860222675
reassignment,10,survey_options,age_group,18-24,48,-0.010416666666666666,-0.04460501428434293
reassignment,10,survey_options,age_group,25-34,79,0.006329113924050633,-0.05432897324809589
reassignment,10,survey_options,age_group,35-44,50,0.006000000000000001,-0.045428330524514365
reassignment,10,survey_options,age_group,45-64,129,0.021705426356589147,-0.08105570722474602
reassignment,10,survey_options,age_group,65+,15,0.006666666666666667,-0.030195077265118792
reassignment,10,survey_options,income_group,high,209,0.013397129186602873,-0.06772629704452045
reassignment,10,survey_options,income_group,low,53,0.007547169811320755,-0.049444411159725546
reassignment,10,survey_options,income_group,medium,59,0.0,-0.04810523077411092
reassignment,10,survey_options,habitual_mode,bike,36,0.0,-0.036110478740631065
reassignment,10,survey_options,habitual_mode,car,37,0.03513513513513514,-0.023131506993887035
reassignment,10,survey_options,habitual_mode,mixed,72,-0.004166666666666667,-0.048278004567424204
reassignment,10,survey_options,habitual_mode,pt,136,0.014705882352941176,-0.08524293216771345
reassignment,10,survey_options,habitual_mode,walk,40,0.005,-0.05971650980856652
reassignment,10,survey_options,car_ownership,False,171,0.002923976608187135,-0.07281796213228535
reassignment,10,survey_options,car_ownership,True,150,0.018000000000000002,-0.04774457976547985
reassignment,10,survey_options,task,B0,321,0.009345794392523364,-0.06083854911046334
reassignment,10,survey_options,task,W1,321,0.0,-0.070046268500938
reassignment,10,survey_options,task,D1,321,0.009345794392523364,-0.021201244880159436
reassignment,10,survey_options,task,WD1,320,0.0,-0.03726812562899908
reassignment,10,survey_options,task,F1,321,-0.003115264797507788,-0.04336764128340854
reassignment,10,survey_options,task,P1,321,0.028037383177570093,-0.09241083077949157
reassignment,10,survey_options,task,R1,321,0.024922118380062305,-0.08139015300956626
reassignment,10,survey_options,task,A_WALK,320,0.009375,-0.1331925439168334
reassignment,10,survey_options,task,A_WAIT,321,0.012461059190031152,-0.0732104201244172
reassignment,10,survey_options,task,A_TRANSFER,321,0.009345794392523364,0.0016504406796863085
reassignment,10,ownership,age_group,18-24,48,0.03125000000000001,-0.06962597481406382
reassignment,10,ownership,age_group,25-34,79,0.035443037974683546,-0.05007179449662768
reassignment,10,ownership,age_group,35-44,50,0.026000000000000002,-0.06274900041205646
reassignment,10,ownership,age_group,45-64,129,0.012403100775193798,-0.03440515877523884
reassignment,10,ownership,age_group,65+,15,0.026666666666666672,-0.04680647202945798
reassignment,10,ownership,income_group,high,209,0.020574162679425835,-0.045367190386541655
reassignment,10,ownership,income_group,low,53,0.022641509433962263,-0.04268861044001193
reassignment,10,ownership,income_group,medium,59,0.03559322033898305,-0.06493715246188671
reassignment,10,ownership,habitual_mode,bike,36,0.055555555555555566,-0.08046902427850057
reassignment,10,ownership,habitual_mode,car,37,0.013513513513513516,0.007638603995176977
reassignment,10,ownership,habitual_mode,mixed,72,0.045833333333333344,-0.056949057419626005
reassignment,10,ownership,habitual_mode,pt,136,0.015441176470588236,-0.062274791249339295
reassignment,10,ownership,habitual_mode,walk,40,-0.0075,-0.009789271725786594
reassignment,10,ownership,car_ownership,False,171,0.032163742690058485,-0.06236833050134766
reassignment,10,ownership,car_ownership,True,150,0.014000000000000004,-0.03273697749085803
reassignment,10,ownership,task,B0,321,0.006230529595015576,-0.028710646903649713
reassignment,10,ownership,task,W1,321,-0.003115264797507788,-0.02659173446373652
reassignment,10,ownership,task,D1,321,0.07165109034267912,-0.12977840050308548
reassignment,10,ownership,task,WD1,320,0.1125,-0.12876105488965542
reassignment,10,ownership,task,F1,321,-0.003115264797507788,-0.014169061759715955
reassignment,10,ownership,task,P1,321,0.006230529595015576,-0.029493638878774348
reassignment,10,ownership,task,R1,321,-0.003115264797507788,-0.02474419152074628
reassignment,10,ownership,task,A_WALK,320,0.065625,-0.08963132702204034
reassignment,10,ownership,task,A_WAIT,321,-0.009345794392523364,-0.01078579216686942
reassignment,10,ownership,task,A_TRANSFER,321,-0.006230529595015576,-0.0038267206526305998
reassignment,11,survey_options,age_group,18-24,48,-0.008333333333333333,-0.038699772584486807
reassignment,11,survey_options,age_group,25-34,79,0.020253164556962022,-0.05635967378843881
reassignment,11,survey_options,age_group,35-44,50,-0.018000000000000002,-0.04079837906539418
reassignment,11,survey_options,age_group,45-64,129,0.015503875968992248,-0.08418659721917304
reassignment,11,survey_options,age_group,65+,15,0.020000000000000004,-0.03266450471777176
reassignment,11,survey_options,income_group,high,209,0.011483253588516746,-0.0670894302707501
reassignment,11,survey_options,income_group,low,53,0.0056603773584905665,-0.04948467797642369
reassignment,11,survey_options,income_group,medium,59,-0.0016949152542372877,-0.05178952575109176
reassignment,11,survey_options,habitual_mode,bike,36,0.0,-0.04435399681261823
reassignment,11,survey_options,habitual_mode,car,37,0.02972972972972973,-0.019782152685556442
reassignment,11,survey_options,habitual_mode,mixed,72,-0.002777777777777777,-0.051120845529569386
reassignment,11,survey_options,habitual_mode,pt,136,0.009558823529411764,-0.08428577297683668
reassignment,11,survey_options,habitual_mode,walk,40,0.01,-0.05569278352632532
reassignment,11,survey_options,car_ownership,False,171,0.0017543859649122814,-0.0747826757279864
reassignment,11,survey_options,car_ownership,True,150,0.015333333333333332,-0.04608082219443976
reassignment,11,survey_options,task,B0,321,0.006230529595015576,-0.06412860494592817
reassignment,11,survey_options,task,W1,321,0.003115264797507788,-0.07382367246531589
reassignment,11,survey_options,task,D1,321,0.0,-0.022083258593582913
reassignment,11,survey_options,task,WD1,320,-0.003125,-0.03329172280201577
reassignment,11,survey_options,task,F1,321,0.006230529595015576,-0.04303348331263495
reassignment,11,survey_options,task,P1,321,0.021806853582554516,-0.09082542557478487
reassignment,11,survey_options,task,R1,321,0.028037383177570093,-0.07783085277537916
reassignment,11,survey_options,task,A_WALK,320,0.003125,-0.1308624605217009
reassignment,11,survey_options,task,A_WAIT,321,0.006230529595015576,-0.07222269430359742
reassignment,11,survey_options,task,A_TRANSFER,321,0.009345794392523364,-0.006327941338910455
reassignment,11,ownership,age_group,18-24,48,0.016666666666666666,-0.04418287513783298
reassignment,11,ownership,age_group,25-34,79,0.03670886075949367,-0.05278924518931502
reassignment,11,ownership,age_group,35-44,50,0.03,-0.06522985678085953
reassignment,11,ownership,age_group,45-64,129,0.014728682170542637,-0.031326522769337194
reassignment,11,ownership,age_group,65+,15,0.03333333333333333,-0.04628682933670639
reassignment,11,ownership,income_group,high,209,0.0215311004784689,-0.043863064770021686
reassignment,11,ownership,income_group,low,53,0.016981132075471698,-0.03440032017150064
reassignment,11,ownership,income_group,medium,59,0.03728813559322034,-0.05588894215060803
reassignment,11,ownership,habitual_mode,bike,36,0.0638888888888889,-0.07572319941101753
reassignment,11,ownership,habitual_mode,car,37,0.0027027027027027037,0.007860001010396179
reassignment,11,ownership,habitual_mode,mixed,72,0.037500000000000006,-0.051231013575795
reassignment,11,ownership,habitual_mode,pt,136,0.01911764705882353,-0.060538402121147944
reassignment,11,ownership,habitual_mode,walk,40,-0.0025,0.001725642860884824
reassignment,11,ownership,car_ownership,False,171,0.03274853801169591,-0.057848783685630754
reassignment,11,ownership,car_ownership,True,150,0.013333333333333336,-0.029306020551113886
reassignment,11,ownership,task,B0,321,0.003115264797507788,-0.025179469053591284
reassignment,11,ownership,task,W1,321,0.009345794392523364,-0.027994243378122105
reassignment,11,ownership,task,D1,321,0.08099688473520249,-0.12281252770234917
reassignment,11,ownership,task,WD1,320,0.1,-0.12541184492735455
reassignment,11,ownership,task,F1,321,0.0,-0.009403971763037835
reassignment,11,ownership,task,P1,321,0.003115264797507788,-0.024988174915623263
reassignment,11,ownership,task,R1,321,0.003115264797507788,-0.019146464338523718
reassignment,11,ownership,task,A_WALK,320,0.05625,-0.08638981250234819
reassignment,11,ownership,task,A_WAIT,321,-0.012461059190031152,-0.006226107710476329
reassignment,11,ownership,task,A_TRANSFER,321,-0.006230529595015576,0.001994936201296098
reassignment,12,survey_options,age_group,18-24,48,0.0020833333333333333,-0.04270361071009793
reassignment,12,survey_options,age_group,25-34,79,0.011392405063291138,-0.052207848694129595
reassignment,12,survey_options,age_group,35-44,50,-5.551115123125783e-19,-0.039014215696420884
reassignment,12,survey_options,age_group,45-64,129,0.01627906976744186,-0.08213223668763957
reassignment,12,survey_options,age_group,65+,15,0.020000000000000004,-0.07114312547639792
reassignment,12,survey_options,income_group,high,209,0.008133971291866028,-0.06476190655243852
reassignment,12,survey_options,income_group,low,53,0.01320754716981132,-0.0584415448960456
reassignment,12,survey_options,income_group,medium,59,0.016949152542372885,-0.05346557985836249
reassignment,12,survey_options,habitual_mode,bike,36,-0.002777777777777778,-0.040668167772658664
reassignment,12,survey_options,habitual_mode,car,37,0.032432432432432434,-0.028477439231052084
reassignment,12,survey_options,habitual_mode,mixed,72,0.0,-0.048763161122760613
reassignment,12,survey_options,habitual_mode,pt,136,0.01397058823529412,-0.08708884249845342
reassignment,12,survey_options,habitual_mode,walk,40,0.01,-0.047859002215009626
reassignment,12,survey_options,car_ownership,False,171,0.005263157894736842,-0.0717724926667167
reassignment,12,survey_options,car_ownership,True,150,0.016666666666666666,-0.050093422097232644
reassignment,12,survey_options,task,B0,321,0.006230529595015576,-0.06241648469751759
reassignment,12,survey_options,task,W1,321,0.009345794392523364,-0.07183284916753506
reassignment,12,survey_options,task,D1,321,0.009345794392523364,-0.026229456868482257
reassignment,12,survey_options,task,WD1,320,-0.003125,-0.038681804143861305
reassignment,12,survey_options,task,F1,321,0.003115264797507788,-0.04130464806281687
reassignment,12,survey_options,task,P1,321,0.01557632398753894,-0.0925663635610339
reassignment,12,survey_options,task,R1,321,0.024922118380062305,-0.07484063581059397
reassignment,12,survey_options,task,A_WALK,320,0.0125,-0.13406614471936448
reassignment,12,survey_options,task,A_WAIT,321,0.012461059190031152,-0.07060940762885648
reassignment,12,survey_options,task,A_TRANSFER,321,0.01557632398753894,-0.004476390466296352
reassignment,12,ownership,age_group,18-24,48,0.025000000000000005,-0.04995625712785223
reassignment,12,ownership,age_group,25-34,79,0.03291139240506329,-0.04239392691117006
reassignment,12,ownership,age_group,35-44,50,0.038,-0.06365183154591991
reassignment,12,ownership,age_group,45-64,129,0.0186046511627907,-0.03918752882308042
reassignment,12,ownership,age_group,65+,15,0.05333333333333333,-0.06597153050531883
reassignment,12,ownership,income_group,high,209,0.02679425837320574,-0.04711687093043099
reassignment,12,ownership,income_group,low,53,0.02452830188679245,-0.04053485883874769
reassignment,12,ownership,income_group,medium,59,0.03389830508474576,-0.050484792851843915
reassignment,12,ownership,habitual_mode,bike,36,0.052777777777777785,-0.06955784264284158
reassignment,12,ownership,habitual_mode,car,37,0.013513513513513514,0.004984406289496506
reassignment,12,ownership,habitual_mode,mixed,72,0.04722222222222223,-0.049725395489189986
reassignment,12,ownership,habitual_mode,pt,136,0.022794117647058826,-0.06234380567137817
reassignment,12,ownership,habitual_mode,walk,40,0.0,-0.014893274305311451
reassignment,12,ownership,car_ownership,False,171,0.03333333333333334,-0.057825843392436155
reassignment,12,ownership,car_ownership,True,150,0.021333333333333336,-0.03390771400710608
reassignment,12,ownership,task,B0,321,0.009345794392523364,-0.027181127559711846
reassignment,12,ownership,task,W1,321,0.003115264797507788,-0.02551141122298349
reassignment,12,ownership,task,D1,321,0.08099688473520249,-0.13668988283088016
reassignment,12,ownership,task,WD1,320,0.109375,-0.12421726108373413
reassignment,12,ownership,task,F1,321,-0.006230529595015576,-0.008006103198021508
reassignment,12,ownership,task,P1,321,0.009345794392523364,-0.03497470262338646
reassignment,12,ownership,task,R1,321,0.006230529595015576,-0.019783397596656788
reassignment,12,ownership,task,A_WALK,320,0.071875,-0.0873386868745213
reassignment,12,ownership,task,A_WAIT,321,-0.003115264797507788,-0.005219292982375914
reassignment,12,ownership,task,A_TRANSFER,321,-0.003115264797507788,0.0015659410933912003
reassignment,13,survey_options,age_group,18-24,48,0.004166666666666667,-0.041501140418742415
reassignment,13,survey_options,age_group,25-34,79,0.006329113924050633,-0.0409979371854593
reassignment,13,survey_options,age_group,35-44,50,0.003999999999999999,-0.05794865969045345
reassignment,13,survey_options,age_group,45-64,129,0.007751937984496124,-0.07803146166641846
reassignment,13,survey_options,age_group,65+,15,0.006666666666666667,-0.056811039561491895
reassignment,13,survey_options,income_group,high,209,0.003349282296650718,-0.0626914730351586
reassignment,13,survey_options,income_group,low,53,0.016981132075471698,-0.05174060666174867
reassignment,13,survey_options,income_group,medium,59,0.006779661016949153,-0.054267438868527564
reassignment,13,survey_options,habitual_mode,bike,36,0.0,-0.03667395156635652
reassignment,13,survey_options,habitual_mode,car,37,0.008108108108108109,-0.0315572297838379
reassignment,13,survey_options,habitual_mode,mixed,72,0.0,-0.049600101889312596
reassignment,13,survey_options,habitual_mode,pt,136,0.008823529411764707,-0.08069049754835313
reassignment,13,survey_options,habitual_mode,walk,40,0.0125,-0.05033885374166458
reassignment,13,survey_options,car_ownership,False,171,0.004678362573099415,-0.06932415592918183
reassignment,13,survey_options,car_ownership,True,150,0.008000000000000002,-0.04794745497849239
reassignment,13,survey_options,task,B0,321,0.0,-0.05955324996515443
reassignment,13,survey_options,task,W1,321,0.0,-0.07203054304356776
reassignment,13,survey_options,task,D1,321,0.012461059190031152,-0.02121204392212814
reassignment,13,survey_options,task,WD1,320,0.0,-0.03744296994069453
reassignment,13,survey_options,task,F1,321,-0.003115264797507788,-0.03891297309210097
reassignment,13,survey_options,task,P1,321,0.01557632398753894,-0.09124683127814323
reassignment,13,survey_options,task,R1,321,0.028037383177570093,-0.076570414979093
reassignment,13,survey_options,task,A_WALK,320,0.003125,-0.12548588751242812
reassignment,13,survey_options,task,A_WAIT,321,0.003115264797507788,-0.06995828332906473
reassignment,13,survey_options,task,A_TRANSFER,321,0.003115264797507788,-0.0016178207574233557
reassignment,13,ownership,age_group,18-24,48,0.03333333333333333,-0.04907933150164345
reassignment,13,ownership,age_group,25-34,79,0.04177215189873418,-0.04799592882638278
reassignment,13,ownership,age_group,35-44,50,0.03,-0.06881781460187217
reassignment,13,ownership,age_group,45-64,129,0.013953488372093025,-0.03982933161639652
reassignment,13,ownership,age_group,65+,15,0.04666666666666667,-0.06075199936758617
reassignment,13,ownership,income_group,high,209,0.02200956937799043,-0.044597367607136694
reassignment,13,ownership,income_group,low,53,0.03584905660377359,-0.04740785322614362
reassignment,13,ownership,income_group,medium,59,0.04067796610169491,-0.06447753792556775
reassignment,13,ownership,habitual_mode,bike,36,0.058333333333333334,-0.08336436701350343
reassignment,13,ownership,habitual_mode,car,37,0.010810810810810813,0.0006491332176026063
reassignment,13,ownership,habitual_mode,mixed,72,0.044444444444444446,-0.05314234955187017
reassignment,13,ownership,habitual_mode,pt,136,0.023529411764705882,-0.06304428082106886
reassignment,13,ownership,habitual_mode,walk,40,0.0,-0.006506753641270811
reassignment,13,ownership,car_ownership,False,171,0.03450292397660819,-0.0569415051087908
reassignment,13,ownership,car_ownership,True,150,0.02,-0.03933762276588302
reassignment,13,ownership,task,B0,321,0.009345794392523364,-0.030684439288588394
reassignment,13,ownership,task,W1,321,-0.006230529595015576,-0.027457563252242266
reassignment,13,ownership,task,D1,321,0.08099688473520249,-0.1336419029393338
reassignment,13,ownership,task,WD1,320,0.1125,-0.13063429397975582
reassignment,13,ownership,task,F1,321,0.003115264797507788,-0.010804486085252321
reassignment,13,ownership,task,P1,321,0.012461059190031152,-0.032989297862417055
reassignment,13,ownership,task,R1,321,0.0,-0.023867289036536114
reassignment,13,ownership,task,A_WALK,320,0.065625,-0.08276787551366524
reassignment,13,ownership,task,A_WAIT,321,-0.003115264797507788,-0.01385187605967418
reassignment,13,ownership,task,A_TRANSFER,321,0.003115264797507788,-0.0012147756915765453
reassignment,14,survey_options,age_group,18-24,48,0.0020833333333333333,-0.0447423522229034
reassignment,14,survey_options,age_group,25-34,79,0.0037974683544303805,-0.04266157937472103
reassignment,14,survey_options,age_group,35-44,50,-0.0020000000000000005,-0.04875621129638315
reassignment,14,survey_options,age_group,45-64,129,0.020155038759689922,-0.08712439102787807
reassignment,14,survey_options,age_group,65+,15,0.0,-0.029382912758469958
reassignment,14,survey_options,income_group,high,209,0.0071770334928229675,-0.06797166401945547
reassignment,14,survey_options,income_group,low,53,0.009433962264150943,-0.054985985178538276
reassignment,14,survey_options,income_group,medium,59,0.015254237288135592,-0.04262988782315389
reassignment,14,survey_options,habitual_mode,bike,36,0.0,-0.0389489357328466
reassignment,14,survey_options,habitual_mode,car,37,0.010810810810810811,-0.01739622528410084
reassignment,14,survey_options,habitual_mode,mixed,72,0.006944444444444444,-0.058622358858379825
reassignment,14,survey_options,habitual_mode,pt,136,0.011764705882352941,-0.08212055739022729
reassignment,14,survey_options,habitual_mode,walk,40,0.01,-0.0550117677831584
reassignment,14,survey_options,car_ownership,False,171,0.007017543859649124,-0.07184740780965863
reassignment,14,survey_options,car_ownership,True,150,0.011333333333333334,-0.048997277604287855
reassignment,14,survey_options,task,B0,321,0.003115264797507788,-0.06316288199666481
reassignment,14,survey_options,task,W1,321,0.009345794392523364,-0.07033310888351624
reassignment,14,survey_options,task,D1,321,0.003115264797507788,-0.022371798080781102
reassignment,14,survey_options,task,WD1,320,0.0,-0.034403527443564105
reassignment,14,survey_options,task,F1,321,0.009345794392523364,-0.0435225450596504
reassignment,14,survey_options,task,P1,321,0.021806853582554516,-0.09587101031081234
reassignment,14,survey_options,task,R1,321,0.028037383177570093,-0.0819211287084174
reassignment,14,survey_options,task,A_WALK,320,0.003125,-0.1246280647164764
reassignment,14,survey_options,task,A_WAIT,321,0.006230529595015576,-0.07110005800784536
reassignment,14,survey_options,task,A_TRANSFER,321,0.006230529595015576,-0.005046726312508337
reassignment,14,ownership,age_group,18-24,48,0.03541666666666667,-0.05941729628024404
reassignment,14,ownership,age_group,25-34,79,0.03417721518987342,-0.03444519263420436
reassignment,14,ownership,age_group,35-44,50,0.04,-0.07081596211781319
reassignment,14,ownership,age_group,45-64,129,0.013953488372093023,-0.03353653080342603
reassignment,14,ownership,age_group,65+,15,0.020000000000000004,-0.044364405087933295
reassignment,14,ownership,income_group,high,209,0.023444976076555026,-0.04555570765957933
reassignment,14,ownership,income_group,low,53,0.026415094339622643,-0.029324953077474215
reassignment,14,ownership,income_group,medium,59,0.03728813559322034,-0.051361214939784065
reassignment,14,ownership,habitual_mode,bike,36,0.052777777777777785,-0.07325514170473861
reassignment,14,ownership,habitual_mode,car,37,0.01891891891891892,-2.150497356289508e-05
reassignment,14,ownership,habitual_mode,mixed,72,0.04583333333333334,-0.05196138485331066
reassignment,14,ownership,habitual_mode,pt,136,0.019117647058823534,-0.0562149929800353
reassignment,14,ownership,habitual_mode,walk,40,6.938893903907229e-19,-0.002030938882247224
reassignment,14,ownership,car_ownership,False,171,0.03508771929824561,-0.053582873002032086
reassignment,14,ownership,car_ownership,True,150,0.016666666666666666,-0.03295337208038659
reassignment,14,ownership,task,B0,321,0.006230529595015576,-0.020497309538143143
reassignment,14,ownership,task,W1,321,-0.003115264797507788,-0.025190140709472023
reassignment,14,ownership,task,D1,321,0.0778816199376947,-0.12422699305048587
reassignment,14,ownership,task,WD1,320,0.115625,-0.1303920152650063
reassignment,14,ownership,task,F1,321,0.0,-0.006447991100751029
reassignment,14,ownership,task,P1,321,0.01557632398753894,-0.029447404182307582
reassignment,14,ownership,task,R1,321,0.0,-0.02263080587848819
reassignment,14,ownership,task,A_WALK,320,0.065625,-0.08004748151371784
reassignment,14,ownership,task,A_WAIT,321,-0.006230529595015576,-0.0027953621575288077
reassignment,14,ownership,task,A_TRANSFER,321,-0.006230529595015576,0.0015323251769345455
reassignment,15,survey_options,age_group,18-24,48,0.004166666666666667,-0.05641057244285435
reassignment,15,survey_options,age_group,25-34,79,0.0037974683544303805,-0.047004549028071815
reassignment,15,survey_options,age_group,35-44,50,0.004,-0.045655128925495767
reassignment,15,survey_options,age_group,45-64,129,0.010077519379844961,-0.07399525796896929
reassignment,15,survey_options,age_group,65+,15,0.013333333333333334,-0.038675918950337326
reassignment,15,survey_options,income_group,high,209,0.004784688995215311,-0.06438135403219176
reassignment,15,survey_options,income_group,low,53,0.0018867924528301887,-0.04318337280443296
reassignment,15,survey_options,income_group,medium,59,0.01864406779661017,-0.05228692555319565
reassignment,15,survey_options,habitual_mode,bike,36,-0.002777777777777778,-0.03853999774871614
reassignment,15,survey_options,habitual_mode,car,37,0.005405405405405405,-0.01895242264739234
reassignment,15,survey_options,habitual_mode,mixed,72,0.0,-0.04791957205566961
reassignment,15,survey_options,habitual_mode,pt,136,0.012499999999999999,-0.08254415620255223
reassignment,15,survey_options,habitual_mode,walk,40,0.01,-0.05161140926347389
reassignment,15,survey_options,car_ownership,False,171,0.005263157894736843,-0.07009683865565133
reassignment,15,survey_options,car_ownership,True,150,0.008666666666666666,-0.04561860632590126
reassignment,15,survey_options,task,B0,321,0.0,-0.05550015819844951
reassignment,15,survey_options,task,W1,321,-0.003115264797507788,-0.06974295305441759
reassignment,15,survey_options,task,D1,321,0.003115264797507788,-0.022854163465450668
reassignment,15,survey_options,task,WD1,320,-0.003125,-0.03444203161970103
reassignment,15,survey_options,task,F1,321,0.0,-0.03966823483763972
reassignment,15,survey_options,task,P1,321,0.024922118380062305,-0.09031680425707851
reassignment,15,survey_options,task,R1,321,0.028037383177570093,-0.07418327637950911
reassignment,15,survey_options,task,A_WALK,320,0.00625,-0.12547190900703636
reassignment,15,survey_options,task,A_WAIT,321,0.006230529595015576,-0.06994998697766697
reassignment,15,survey_options,task,A_TRANSFER,321,0.006230529595015576,-0.005156123015430716
reassignment,15,ownership,age_group,18-24,48,0.03125,-0.04867402301151776
reassignment,15,ownership,age_group,25-34,79,0.029113924050632914,-0.037682603216096816
reassignment,15,ownership,age_group,35-44,50,0.038000000000000006,-0.0698196676917471
reassignment,15,ownership,age_group,45-64,129,0.010852713178294575,-0.0317658826246592
reassignment,15,ownership,age_group,65+,15,0.04666666666666666,-0.06222958481009312
reassignment,15,ownership,income_group,high,209,0.02105263157894737,-0.042991620494355606
reassignment,15,ownership,income_group,low,53,0.02075471698113208,-0.021563313569625712
reassignment,15,ownership,income_group,medium,59,0.03898305084745764,-0.0628372961259967
reassignment,15,ownership,habitual_mode,bike,36,0.04722222222222222,-0.07481512391006112
reassignment,15,ownership,habitual_mode,car,37,0.0,0.004430044242342743
reassignment,15,ownership,habitual_mode,mixed,72,0.041666666666666664,-0.04637745047876834
reassignment,15,ownership,habitual_mode,pt,136,0.022058823529411766,-0.06115740148992567
reassignment,15,ownership,habitual_mode,walk,40,0.002500000000000001,0.00876277717381101
reassignment,15,ownership,car_ownership,False,171,0.03508771929824561,-0.05323792900164065
reassignment,15,ownership,car_ownership,True,150,0.012,-0.03154545943109159
reassignment,15,ownership,task,B0,321,0.009345794392523364,-0.017846251903196938
reassignment,15,ownership,task,W1,321,0.0,-0.026685443573415783
reassignment,15,ownership,task,D1,321,0.08099688473520249,-0.12227141309326944
reassignment,15,ownership,task,WD1,320,0.103125,-0.12521073706398306
reassignment,15,ownership,task,F1,321,0.003115264797507788,-0.0040140197043895655
reassignment,15,ownership,task,P1,321,0.0,-0.02970604464058082
reassignment,15,ownership,task,R1,321,0.0,-0.01531976668983157
reassignment,15,ownership,task,A_WALK,320,0.0625,-0.07883185300083834
reassignment,15,ownership,task,A_WAIT,321,-0.009345794392523364,-0.008929158093359797
reassignment,15,ownership,task,A_TRANSFER,321,-0.006230529595015576,-0.002583677900186108
reassignment,16,survey_options,age_group,18-24,48,0.0020833333333333333,-0.05126932474861087
reassignment,16,survey_options,age_group,25-34,79,0.015189873417721518,-0.05031609165333139
reassignment,16,survey_options,age_group,35-44,50,0.006,-0.04508513246314009
reassignment,16,survey_options,age_group,45-64,129,0.013953488372093023,-0.08644108087173467
reassignment,16,survey_options,age_group,65+,15,-0.006666666666666667,-0.013286358372823432
reassignment,16,survey_options,income_group,high,209,0.010047846889952153,-0.06613279319680909
reassignment,16,survey_options,income_group,low,53,0.01320754716981132,-0.0591072743845849
reassignment,16,survey_options,income_group,medium,59,0.00847457627118644,-0.052303575241246236
reassignment,16,survey_options,habitual_mode,bike,36,0.0,-0.04089949560801329
reassignment,16,survey_options,habitual_mode,car,37,0.043243243243243246,-0.032351784774767536
reassignment,16,survey_options,habitual_mode,mixed,72,0.001388888888888889,-0.05271077949906217
reassignment,16,survey_options,habitual_mode,pt,136,0.009558823529411765,-0.08370879812197908
reassignment,16,survey_options,habitual_mode,walk,40,0.0075000000000000015,-0.05478449281682805
reassignment,16,survey_options,car_ownership,False,171,0.006432748538011696,-0.07489270712199368
reassignment,16,survey_options,car_ownership,True,150,0.014666666666666668,-0.04822464894592475
reassignment,16,survey_options,task,B0,321,0.003115264797507788,-0.06186118216055875
reassignment,16,survey_options,task,W1,321,0.003115264797507788,-0.07378081268723079
reassignment,16,survey_options,task,D1,321,0.006230529595015576,-0.021342859507421534
reassignment,16,survey_options,task,WD1,320,0.0,-0.0356535640395074
reassignment,16,survey_options,task,F1,321,0.0,-0.0440349290979977
reassignment,16,survey_options,task,P1,321,0.03426791277258567,-0.09628097567026131
reassignment,16,survey_options,task,R1,321,0.021806853582554516,-0.08378433781872704
reassignment,16,survey_options,task,A_WALK,320,0.0125,-0.12887023247599455
reassignment,16,survey_options,task,A_WAIT,321,0.009345794392523364,-0.0720471271488477
reassignment,16,survey_options,task,A_TRANSFER,321,0.012461059190031152,-0.00737927803406909
reassignment,16,ownership,age_group,18-24,48,0.027083333333333338,-0.049784839174502604
reassignment,16,ownership,age_group,25-34,79,0.031645569620253174,-0.048201310381661325
reassignment,16,ownership,age_group,35-44,50,0.036000000000000004,-0.07134831538540751
reassignment,16,ownership,age_group,45-64,129,0.015503875968992248,-0.04001223380937179
reassignment,16,ownership,age_group,65+,15,-0.006666666666666669,-0.010075415528024849
reassignment,16,ownership,income_group,high,209,0.023444976076555026,-0.04658257172014391
reassignment,16,ownership,income_group,low,53,0.0056603773584905665,-0.03411081247315008
reassignment,16,ownership,income_group,medium,59,0.03898305084745763,-0.059899498534577045
reassignment,16,ownership,habitual_mode,bike,36,0.04444444444444445,-0.0721205127521016
reassignment,16,ownership,habitual_mode,car,37,0.013513513513513516,0.00482360817515656
reassignment,16,ownership,habitual_mode,mixed,72,0.04305555555555556,-0.05478667799515846
reassignment,16,ownership,habitual_mode,pt,136,0.016911764705882352,-0.059977075178767734
reassignment,16,ownership,habitual_mode,walk,40,0.0,-0.013957824189209794
reassignment,16,ownership,car_ownership,False,171,0.03099415204678363,-0.059852043279341544
reassignment,16,ownership,car_ownership,True,150,0.014666666666666668,-0.032286677089064506
reassignment,16,ownership,task,B0,321,0.0,-0.02493552419110962
reassignment,16,ownership,task,W1,321,-0.003115264797507788,-0.026047031969483513
reassignment,16,ownership,task,D1,321,0.07165109034267912,-0.1286751031706183
reassignment,16,ownership,task,WD1,320,0.1125,-0.12509751005408845
reassignment,16,ownership,task,F1,321,-0.003115264797507788,-0.014805700823918935
reassignment,16,ownership,task,P1,321,0.009345794392523364,-0.03291801472986544
reassignment,16,ownership,task,R1,321,-0.003115264797507788,-0.023900810850144758
reassignment,16,ownership,task,A_WALK,320,0.065625,-0.0845848375324238
reassignment,16,ownership,task,A_WAIT,321,-0.006230529595015576,-0.0054133760362219865
reassignment,16,ownership,task,A_TRANSFER,321,-0.009345794392523364,-0.0037730398983869683
reassignment,17,survey_options,age_group,18-24,48,0.0,-0.038423656079641336
reassignment,17,survey_options,age_group,25-34,79,0.006329113924050633,-0.05298776402547705
reassignment,17,survey_options,age_group,35-44,50,0.006000000000000001,-0.051885079779165455
reassignment,17,survey_options,age_group,45-64,129,0.024031007751937988,-0.07898018737904709
reassignment,17,survey_options,age_group,65+,15,0.0,-0.038791350998465285
reassignment,17,survey_options,income_group,high,209,0.013875598086124404,-0.06486674454311783
reassignment,17,survey_options,income_group,low,53,0.0018867924528301887,-0.05057902472715682
reassignment,17,survey_options,income_group,medium,59,0.015254237288135596,-0.05351015856977725
reassignment,17,survey_options,habitual_mode,bike,36,0.0,-0.027805027967747507
reassignment,17,survey_options,habitual_mode,car,37,0.021621621621621623,-0.028626957651281155
reassignment,17,survey_options,habitual_mode,mixed,72,0.006944444444444444,-0.05383589288547646
reassignment,17,survey_options,habitual_mode,pt,136,0.016911764705882355,-0.08186952152859597
reassignment,17,survey_options,habitual_mode,walk,40,0.0075000000000000015,-0.058107990502203166
reassignment,17,survey_options,car_ownership,False,171,0.008187134502923977,-0.07616994242498662
reassignment,17,survey_options,car_ownership,True,150,0.016666666666666666,-0.04246584747330058
reassignment,17,survey_options,task,B0,321,0.01557632398753894,-0.061528046733141925
reassignment,17,survey_options,task,W1,321,0.0,-0.06978125067218645
reassignment,17,survey_options,task,D1,321,0.009345794392523364,-0.019470455631689434
reassignment,17,survey_options,task,WD1,320,-0.003125,-0.034101573695103374
reassignment,17,survey_options,task,F1,321,0.009345794392523364,-0.04295874722233396
reassignment,17,survey_options,task,P1,321,0.021806853582554516,-0.09623790902519214
reassignment,17,survey_options,task,R1,321,0.021806853582554516,-0.0828381959881844
reassignment,17,survey_options,task,A_WALK,320,0.009375,-0.11924306733412275
reassignment,17,survey_options,task,A_WAIT,321,0.018691588785046728,-0.07056030159137341
reassignment,17,survey_options,task,A_TRANSFER,321,0.018691588785046728,-0.008071366072738614
reassignment,17,ownership,age_group,18-24,48,0.03333333333333333,-0.050814811869872294
reassignment,17,ownership,age_group,25-34,79,0.027848101265822787,-0.044669373147692024
reassignment,17,ownership,age_group,35-44,50,0.03,-0.07025528151890936
reassignment,17,ownership,age_group,45-64,129,0.010077519379844961,-0.0309758157572642
reassignment,17,ownership,age_group,65+,15,0.04000000000000001,-0.03139745466453094
reassignment,17,ownership,income_group,high,209,0.020095693779904306,-0.04311656438982462
reassignment,17,ownership,income_group,low,53,0.022641509433962273,-0.03717229293847473
reassignment,17,ownership,income_group,medium,59,0.030508474576271188,-0.0502729507425347
reassignment,17,ownership,habitual_mode,bike,36,0.05555555555555555,-0.07540473123354112
reassignment,17,ownership,habitual_mode,car,37,0.008108108108108109,0.006139706705171275
reassignment,17,ownership,habitual_mode,mixed,72,0.03888888888888889,-0.03830829726060456
reassignment,17,ownership,habitual_mode,pt,136,0.016911764705882355,-0.06233786794968535
reassignment,17,ownership,habitual_mode,walk,40,-0.005,-0.0056012239196294175
reassignment,17,ownership,car_ownership,False,171,0.02982456140350878,-0.05905911395918071
reassignment,17,ownership,car_ownership,True,150,0.014000000000000004,-0.025656593933347675
reassignment,17,ownership,task,B0,321,0.006230529595015576,-0.020801554373296165
reassignment,17,ownership,task,W1,321,0.003115264797507788,-0.025683412821938235
reassignment,17,ownership,task,D1,321,0.04361370716510903,-0.11774203250796207
reassignment,17,ownership,task,WD1,320,0.1125,-0.13180639453083004
reassignment,17,ownership,task,F1,321,0.003115264797507788,-0.012925651654509578
reassignment,17,ownership,task,P1,321,0.009345794392523364,-0.0305396107927256
reassignment,17,ownership,task,R1,321,0.0,-0.019159268906781823
reassignment,17,ownership,task,A_WALK,320,0.059375,-0.07883002215662807
reassignment,17,ownership,task,A_WAIT,321,-0.006230529595015576,0.000705699170732876
reassignment,17,ownership,task,A_TRANSFER,321,-0.006230529595015576,0.0015097284312149794
reassignment,18,survey_options,age_group,18-24,48,0.0020833333333333333,-0.04343658054134525
reassignment,18,survey_options,age_group,25-34,79,0.0037974683544303805,-0.05240622018029799
reassignment,18,survey_options,age_group,35-44,50,0.0,-0.042909045293345584
reassignment,18,survey_options,age_group,45-64,129,0.007751937984496124,-0.08415512880532607
reassignment,18,survey_options,age_group,65+,15,0.006666666666666667,-0.0466888280222787
reassignment,18,survey_options,income_group,high,209,0.0023923444976076554,-0.06501606193869061
reassignment,18,survey_options,income_group,low,53,0.009433962264150943,-0.06086215040591252
reassignment,18,survey_options,income_group,medium,59,0.00847457627118644,-0.05275919736299888
reassignment,18,survey_options,habitual_mode,bike,36,0.0,-0.03334028393761144
reassignment,18,survey_options,habitual_mode,car,37,-0.010810810810810811,-0.019018650045930684
reassignment,18,survey_options,habitual_mode,mixed,72,0.001388888888888889,-0.05173946391056998
reassignment,18,survey_options,habitual_mode,pt,136,0.010294117647058823,-0.08654945264664758
reassignment,18,survey_options,habitual_mode,walk,40,0.01,-0.063173408153952
reassignment,18,survey_options,car_ownership,False,171,0.005847953216374269,-0.07552468927993941
reassignment,18,survey_options,car_ownership,True,150,0.003333333333333333,-0.04674747796164664
reassignment,18,survey_options,task,B0,321,-0.003115264797507788,-0.062236384681721824
reassignment,18,survey_options,task,W1,321,0.009345794392523364,-0.07216300993441799
reassignment,18,survey_options,task,D1,321,-0.003115264797507788,-0.019311015444255532
reassignment,18,survey_options,task,WD1,320,0.0,-0.034303517405016096
reassignment,18,survey_options,task,F1,321,0.003115264797507788,-0.04479532084978951
reassignment,18,survey_options,task,P1,321,0.024922118380062305,-0.0959284114425175
reassignment,18,survey_options,task,R1,321,0.021806853582554516,-0.08127484902254432
reassignment,18,survey_options,task,A_WALK,320,-0.003125,-0.12568068472524369
reassignment,18,survey_options,task,A_WAIT,321,-0.003115264797507788,-0.07541060287018665
reassignment,18,survey_options,task,A_TRANSFER,321,0.0,-0.010324718350410485
reassignment,18,ownership,age_group,18-24,48,0.03541666666666667,-0.056561394115868996
reassignment,18,ownership,age_group,25-34,79,0.034177215189873426,-0.050374837610732706
reassignment,18,ownership,age_group,35-44,50,0.034,-0.06064937644658103
reassignment,18,ownership,age_group,45-64,129,0.013178294573643412,-0.035682014423832176
reassignment,18,ownership,age_group,65+,15,0.05333333333333334,-0.03456639514053085
reassignment,18,ownership,income_group,high,209,0.02583732057416268,-0.046906363425627026
reassignment,18,ownership,income_group,low,53,0.028301886792452834,-0.04811362535374691
reassignment,18,ownership,income_group,medium,59,0.0288135593220339,-0.042289010156208895
reassignment,18,ownership,habitual_mode,bike,36,0.058333333333333334,-0.07669536894807105
reassignment,18,ownership,habitual_mode,car,37,0.008108108108108109,0.0037458895998966355
reassignment,18,ownership,habitual_mode,mixed,72,0.051388888888888894,-0.05395001905068048
reassignment,18,ownership,habitual_mode,pt,136,0.01838235294117647,-0.058289666728003425
reassignment,18,ownership,habitual_mode,walk,40,0.0,-0.010356807133227931
reassignment,18,ownership,car_ownership,False,171,0.036257309941520474,-0.05756835429258216
reassignment,18,ownership,car_ownership,True,150,0.016000000000000004,-0.0333621007659294
reassignment,18,ownership,task,B0,321,0.009345794392523364,-0.0216816887466385
reassignment,18,ownership,task,W1,321,0.0,-0.025278137773295482
reassignment,18,ownership,task,D1,321,0.07165109034267912,-0.12667146091225992
reassignment,18,ownership,task,WD1,320,0.128125,-0.1302993006490794
reassignment,18,ownership,task,F1,321,0.0,-0.012660045529675036
reassignment,18,ownership,task,P1,321,0.006230529595015576,-0.03229052966227701
reassignment,18,ownership,task,R1,321,0.0,-0.020870075258857732
reassignment,18,ownership,task,A_WALK,320,0.0625,-0.07888802259879624
reassignment,18,ownership,task,A_WAIT,321,-0.006230529595015576,-0.007688341905157831
reassignment,18,ownership,task,A_TRANSFER,321,-0.003115264797507788,-0.007018375714168814
reassignment,19,survey_options,age_group,18-24,48,-0.0062499999999999995,-0.04670306328957776
reassignment,19,survey_options,age_group,25-34,79,0.012658227848101266,-0.0552233888946082
reassignment,19,survey_options,age_group,35-44,50,-0.012000000000000002,-0.03744424253622965
reassignment,19,survey_options,age_group,45-64,129,0.015503875968992248,-0.07864351021096755
reassignment,19,survey_options,age_group,65+,15,0.0,-0.022695190605691733
reassignment,19,survey_options,income_group,high,209,0.005741626794258373,-0.06317515884680648
reassignment,19,survey_options,income_group,low,53,0.015094339622641508,-0.057014061326521516
reassignment,19,survey_options,income_group,medium,59,0.0016949152542372877,-0.04638464600673319
reassignment,19,survey_options,habitual_mode,bike,36,-0.005555555555555556,-0.04146241847159357
reassignment,19,survey_options,habitual_mode,car,37,0.010810810810810808,-0.029173552856063614
reassignment,19,survey_options,habitual_mode,mixed,72,-0.0013888888888888885,-0.04559931020937211
reassignment,19,survey_options,habitual_mode,pt,136,0.011764705882352941,-0.07922249245877813
reassignment,19,survey_options,habitual_mode,walk,40,0.01,-0.058314243339127804
reassignment,19,survey_options,car_ownership,False,171,0.0,-0.06475366355350104
reassignment,19,survey_options,car_ownership,True,150,0.013999999999999997,-0.052594473973578505
reassignment,19,survey_options,task,B0,321,0.003115264797507788,-0.05875302683042898
reassignment,19,survey_options,task,W1,321,0.003115264797507788,-0.0702736365329676
reassignment,19,survey_options,task,D1,321,0.009345794392523364,-0.022462378587024545
reassignment,19,survey_options,task,WD1,320,-0.00625,-0.03398576999108449
reassignment,19,survey_options,task,F1,321,0.0,-0.03938450556172145
reassignment,19,survey_options,task,P1,321,0.021806853582554516,-0.09000417729341806
reassignment,19,survey_options,task,R1,321,0.018691588785046728,-0.077685546785415
reassignment,19,survey_options,task,A_WALK,320,0.00625,-0.12909729484458926
reassignment,19,survey_options,task,A_WAIT,321,0.006230529595015576,-0.06910366490287592
reassignment,19,survey_options,task,A_TRANSFER,321,0.003115264797507788,-0.0005887511928100274
reassignment,19,ownership,age_group,18-24,48,0.020833333333333332,-0.052003997989878446
reassignment,19,ownership,age_group,25-34,79,0.039240506329113925,-0.05434777814567192
reassignment,19,ownership,age_group,35-44,50,0.04,-0.06994862044070957
reassignment,19,ownership,age_group,45-64,129,0.017054263565891473,-0.03415092303534248
reassignment,19,ownership,age_group,65+,15,0.020000000000000004,-0.03734125330363058
reassignment,19,ownership,income_group,high,209,0.024401913875598088,-0.04451749074078697
reassignment,19,ownership,income_group,low,53,0.030188679245283016,-0.04648810455223567
reassignment,19,ownership,income_group,medium,59,0.03220338983050847,-0.05906203667929492
reassignment,19,ownership,habitual_mode,bike,36,0.058333333333333334,-0.0891096601899566
reassignment,19,ownership,habitual_mode,car,37,0.013513513513513516,7.150735791017553e-05
reassignment,19,ownership,habitual_mode,mixed,72,0.03888888888888889,-0.045696539347001415
reassignment,19,ownership,habitual_mode,pt,136,0.025,-0.059195694402655145
reassignment,19,ownership,habitual_mode,walk,40,-0.004999999999999999,-0.01766545009576005
reassignment,19,ownership,car_ownership,False,171,0.031578947368421054,-0.057611559946892335
reassignment,19,ownership,car_ownership,True,150,0.021333333333333336,-0.036007390128351836
reassignment,19,ownership,task,B0,321,0.006230529595015576,-0.026439096047261083
reassignment,19,ownership,task,W1,321,0.0,-0.02840142422378204
reassignment,19,ownership,task,D1,321,0.09345794392523364,-0.13445678711483014
reassignment,19,ownership,task,WD1,320,0.109375,-0.12451510862839928
reassignment,19,ownership,task,F1,321,-0.003115264797507788,-0.008403756023723358
reassignment,19,ownership,task,P1,321,0.006230529595015576,-0.028241504615821637
reassignment,19,ownership,task,R1,321,-0.003115264797507788,-0.024519349283790244
reassignment,19,ownership,task,A_WALK,320,0.075,-0.09238101365768994
reassignment,19,ownership,task,A_WAIT,321,-0.009345794392523364,-0.011855182858482019
reassignment,19,ownership,task,A_TRANSFER,321,-0.006230529595015576,0.0031761216379226557
